X,Y,landuse
9.4101334484853,48.8527044249988,residential
9.48907149506747,49.3260841010857,residential
9.50610498618779,49.3293733109226,residential
9.35529681794763,48.6573719176026,residential
9.34585545371287,48.6430879426225,residential
9.35234276323162,48.6398931852658,residential
9.44849511709451,48.9765527823403,residential
9.47688872967782,48.9296642540621,residential
9.46366457860562,48.943536282993,residential
8.97872588018888,48.6504394194537,residential
9.00492453949124,48.6440149326766,residential
9.017547845788,48.6417154576885,residential
9.50214844617532,48.9124233949129,residential
9.4849276991284,48.9181120146183,residential
8.98487583593714,48.7228438215738,residential
9.00100121461896,48.7299510231625,residential
8.90032845457416,48.6422194026886,residential
8.94076805164153,48.6583954115735,residential
8.9580232830324,48.6618336737255,residential
9.04592921895722,48.6679933388124,residential
9.06963575822837,48.6614931050217,residential
8.92366257799923,48.6254394133405,residential
8.85842699711556,48.6065220452932,residential
8.88608416744593,48.6217719233554,residential
8.89393071330346,48.6212744979383,residential
8.89689972907231,48.6205056547014,residential
8.82484972827081,48.6511759781791,residential
8.8427736342877,48.6111417846161,residential
8.83286477689278,48.6228127613592,residential
8.91268346731771,48.5820896716042,residential
8.92255981266632,48.5766516298581,residential
8.9197218565155,48.704495542127,residential
9.01504382008533,48.6997626768722,residential
9.00335572962312,48.6947665513166,residential
9.08132260562155,48.7503037414928,residential
9.00794779106522,48.7142076996677,residential
9.04272040476769,48.6204385264842,residential
8.9725708946855,48.6509231699464,residential
9.11537200393492,48.7242603291554,residential
9.1207116183341,48.8312729522577,residential
9.01821957938893,48.6729793216142,residential
9.50071330603007,48.9475529164802,residential
8.96543667228343,48.6147820578129,residential
9.44118489150381,48.8111318723715,residential
9.38758170213268,48.8541880297141,residential
9.38320625342728,48.8640279116435,residential
9.38890417867624,48.8706963468745,residential
9.42111342934284,48.8745324113712,residential
8.87359219175945,48.5515772785363,residential
8.81046942731469,48.5699285510719,residential
8.8789192540043,48.5759662729933,residential
9.7172099558425,49.577817158615,residential
9.13777126563096,48.6391028002357,residential
8.85532309918944,48.7745450827443,residential
9.12888187006983,48.8292913851967,residential
9.2189303561931,49.1269997588179,residential
9.26889421493098,48.8672579650357,residential
9.39972269721716,49.707092338816,residential
9.43927609494284,49.7171331014894,residential
9.27905450535687,48.8708109768826,residential
8.83442354142455,48.522218710433,residential
9.12503073804069,48.7787320929436,residential
9.69795889311443,48.7132262489003,residential
8.87225897215291,48.7510511554302,residential
8.88207707791986,48.7547295935852,residential
9.50529508408498,48.9857462515843,residential
8.77596658928466,48.532301859714,residential
9.14142716702272,48.8355075192895,residential
9.14200549283024,48.8379132112298,residential
9.0936467090538,48.853903808787,residential
8.89665646037014,48.6791991832415,residential
9.11750373946495,48.8540719183896,residential
9.12862530626251,48.8496967573047,residential
9.17064352731327,48.6684189627229,residential
9.53480765148254,48.9780636347938,residential
9.11949602993077,48.7482840492464,residential
9.09198787088698,48.736450650087,residential
9.08925678629202,48.7378800109228,residential
9.03257633475984,48.791682687317,residential
9.02310963887092,48.7854296859425,residential
9.24370674494591,48.6315314571149,residential
9.20674661841828,48.6235785632459,residential
9.15035301856742,48.6487515991555,residential
9.15517933381076,48.712002319792,residential
9.30078708593446,48.7269579658151,residential
9.19388186524124,48.6542194558016,residential
9.23753087603924,48.6240934807516,residential
9.02440721114149,48.7910770394242,residential
9.2101907743015,49.1400428859447,residential
9.20737559734547,49.1193482758151,residential
9.55491927814589,48.9839450371968,residential
9.58540900462082,48.9825941625389,residential
8.94755605632295,48.8089457384826,residential
9.11849403129244,48.8238919962105,residential
9.12735842371498,48.8250775905927,residential
9.11722494280202,48.8143439795355,residential
9.29682358825881,48.7346238908091,residential
9.47196233324222,48.6502496991781,residential
9.68159412019584,48.9512359738664,residential
9.53216088712974,48.5401755296856,residential
9.20711672385436,48.7211079319198,residential
9.19431970366129,49.1194384427716,residential
9.17563367280164,49.1638665021661,residential
9.29097936383352,48.6526927888199,residential
9.30318565174827,48.6415348091067,residential
9.30399635246608,48.6041868106851,residential
9.6269760514648,48.9505932679152,residential
9.27682073231198,48.6816274790427,residential
9.64174786050421,49.6708600571816,residential
9.61730939403195,49.704266690021,residential
8.85032794508963,48.7669451981911,residential
9.19560731417294,48.5961330615552,residential
9.15368731831625,48.6308034807434,residential
9.57501518977803,48.9122103913171,residential
9.28480822607492,49.1461643148077,residential
9.1826436881917,48.9382242275312,residential
8.95521457710357,48.6915415959667,residential
9.19622210701358,48.9325067507928,residential
9.10725115577889,48.8043473158933,residential
9.82689692643725,49.536216511944,residential
9.80895657129377,49.5208157171289,residential
9.81393179224121,49.5217365959826,residential
9.7899811719017,49.5072850216713,residential
9.38570033361094,48.6283243132823,residential
9.7993708058903,49.5653456325136,residential
9.7717564093722,49.5471794035833,residential
9.5305166465291,48.7325714976112,residential
9.14894957610187,48.8386220254026,residential
9.09070690982926,48.8051536357817,residential
9.48352910171615,49.6482828946244,residential
9.39515209925655,49.6700227627685,residential
9.43935329026198,49.6746755260929,residential
9.6524427428361,48.9903425540109,residential
9.79780509604061,48.6387953872287,residential
9.10257027290962,48.961868730517,residential
8.99703623167971,48.7998682370703,residential
9.53345881144101,48.9966236085627,residential
9.64278069254073,48.9643062884386,residential
9.20655264803194,48.7074265955627,residential
9.20289554608194,48.7060079380001,residential
9.14246787939786,48.7317784128771,residential
9.1519458385147,48.7327410147308,residential
9.1575590067665,48.7275916733094,residential
9.14755356770676,48.7247059961562,residential
9.15976536901411,48.7201128668291,residential
9.16720106505237,48.7183967368837,residential
9.58401446981519,48.9547358787534,residential
9.4055017790208,48.7909320283241,residential
9.16402374685557,48.8013729069549,residential
9.55460131011914,48.9907574879366,residential
9.21461318653323,48.7361919188909,residential
9.20070707012698,48.7316254218022,residential
9.17905748103917,48.7349159674612,residential
9.17324635188767,48.7475433468117,residential
9.15365030266566,49.1208340548435,residential
9.22873542765911,48.7368321139633,residential
9.21966075144847,48.8434004125412,residential
9.20740037182178,48.839573252043,residential
9.48602890080549,49.0093789156266,residential
9.48725298563067,49.0077450829591,residential
9.48239400765728,49.0074380841877,residential
8.84338732255157,48.6457833476388,residential
9.42635421769595,49.697415174574,residential
9.36001051710255,49.7154223282847,residential
9.32706100611206,49.751548216391,residential
9.85694829139901,48.6148231064649,residential
9.91064193813691,48.6348801134606,residential
10.0203924081728,48.6216970693625,residential
9.97919865468283,48.6022616690559,residential
9.82493186527558,49.5904185558196,residential
9.84588992595249,49.5626959623426,residential
9.83186267202989,49.5726821637432,residential
9.34038144490243,48.9426925724763,residential
9.97535214477134,48.6164679744476,residential
9.47260120082499,48.5489520287516,residential
9.27413743042484,48.7836923066293,residential
10.150394320269,48.6725200586183,residential
9.19658747208074,48.8415945090797,residential
9.18954321051872,48.8406081429188,residential
9.18690195459067,48.8348864019516,residential
9.19080940903526,48.8389481837328,residential
9.63615673183373,49.6613034096965,residential
9.49382727747028,48.5255696972909,residential
9.46666753358034,48.5642275477384,residential
9.45719098719706,48.5744706697292,residential
9.44866893414044,48.5505039760954,residential
9.46502984877432,48.6137466488379,residential
9.45104360169754,48.6157056787033,residential
9.85537088086186,49.6551524718667,residential
9.08576871734075,48.8158711504857,residential
9.08742378826947,48.8007590250627,residential
9.11897437643204,48.6937123800333,residential
9.1388779105625,48.696398178842,residential
9.19558115100952,49.1697422781633,residential
8.90475627547412,48.5582803750775,residential
8.84073937771456,48.6908729091545,residential
9.51663047357066,48.5336726799033,residential
10.1678158241823,49.3867383735455,residential
9.21915588688758,48.7610850484495,residential
9.2393066411415,48.6728049582771,residential
9.22887921945253,48.7573343335633,residential
9.73295282874635,49.6651493411432,residential
8.9131802403345,48.713611452411,residential
8.88950649668899,48.71584443021,residential
8.99554979954934,48.6305062118538,residential
8.83823008048403,48.5816203284538,residential
9.64076752136084,48.5950048995589,residential
8.81716085559716,48.7960536600625,residential
9.20479508699297,48.9101733347158,residential
10.1610781473804,49.4034474650894,residential
10.1559155468708,49.4044424384171,residential
10.1590739831653,49.3991993889798,residential
10.1554463940396,49.3995838971328,residential
10.1469701628169,49.4127460163204,residential
9.78592992206222,48.65744944702,residential
9.7508127112011,48.6512025604021,residential
9.17398235255764,48.7975738510624,residential
9.17857674723486,48.7956608773039,residential
8.93872133072784,48.8947143736426,residential
9.1726364244883,48.7600017928031,residential
9.18709215850197,48.7661123774577,residential
9.19144801929016,48.7692461253305,residential
9.19893422571671,48.769286581167,residential
9.20619767510393,48.7704781179204,residential
9.20649093162517,48.7712869450673,residential
9.17356144809933,48.7884200803175,residential
9.17640652331706,48.7959630122699,residential
9.17474545652369,48.7916459875745,residential
9.17055512290962,48.792968766778,residential
9.18267142336133,48.7611112960083,residential
9.18276483285297,48.7634893148877,residential
9.18033457508114,48.7619224754063,residential
9.17097310079339,48.7804839420508,residential
10.1236151780147,48.8324982924355,residential
8.95464950433456,48.9298348566084,residential
10.0545018754683,48.8901977195278,residential
9.94747613680799,48.9099423420482,residential
9.89565838927391,48.916887114548,residential
9.74109502988046,49.0169914733708,residential
9.73744329708132,49.0252594097679,residential
9.73336064029107,49.0904522030743,residential
9.2992779318675,49.2608651836982,residential
9.28474725421608,49.2644956844521,residential
9.273241321992,48.7270671133919,residential
9.27045993321603,48.7187469736955,residential
9.29798889066657,48.7135944539402,residential
9.08372293758314,48.8058306357479,residential
9.76140236988013,48.7615116753972,residential
9.75692300435363,48.7634721012941,residential
9.72155284440341,48.7585119605565,residential
9.70601068517463,48.7738993070958,residential
9.71953164465755,48.7411273452955,residential
8.97879534694875,48.8135370776609,residential
9.20883226996789,48.7956776859002,residential
9.21595826590437,48.7815513328665,residential
9.21899840623776,48.7790317688215,residential
9.17788350691761,48.7672808143579,residential
9.17077157387165,48.7705391393341,residential
9.17128592480291,48.7776206180295,residential
9.15741788473781,48.7732911578589,residential
9.15765079006158,48.7804662322748,residential
9.21934117806014,48.8220338636482,residential
9.20932059810943,48.8167717725197,residential
9.1996306050536,48.8168723837258,residential
9.21131142881071,48.8084962956864,residential
9.20490608096802,48.8105884050216,residential
9.39790654141857,48.7623723114331,residential
10.1720711740721,48.67167426079,residential
10.1588288133627,48.6851964516037,residential
10.1620934978859,48.6879077805543,residential
10.1837778506167,48.6674262231487,residential
10.1856209023,48.6662456025728,residential
9.37526763955707,48.5552626441167,residential
8.98063881767645,48.8522408124506,residential
9.37736671946576,48.7587561660481,residential
10.1642527194697,48.6639668482076,residential
10.1580301,48.6770522666667,residential
10.166300605784,48.6552238976664,residential
9.5663544554734,48.9797362724065,residential
10.1703376427417,48.7038919596816,residential
10.1570618774882,48.7068749694424,residential
10.180307,48.69606865,residential
8.95639330871403,48.793871588238,residential
9.73769516776852,49.3258557057838,residential
9.11902223346854,48.7051443126664,residential
9.22365993606964,48.9132585170383,residential
10.1374826233952,49.390991768069,residential
9.85492369737992,49.1496309555939,residential
9.84484627061085,49.1665185561085,residential
9.87532761548528,49.1679448813014,residential
9.17907297578016,48.7880252213411,residential
9.40560696915954,48.786176976711,residential
9.51649201942012,48.6175055419036,residential
9.49681970788827,49.2325145963017,residential
9.40331282092399,48.9431875615807,residential
9.16374614644087,48.8146542317478,residential
8.93781326523464,48.8085297703361,residential
9.28384536354974,48.9814742195267,residential
9.29035066184257,48.9799041931851,residential
9.21765618254646,48.680040166001,residential
9.66390254399957,48.9777845796929,residential
9.873709829206,49.4686758242452,residential
9.87284103502861,49.4724690880639,residential
9.48105816700188,49.2802104813801,residential
9.16997691961268,49.1581735929173,residential
9.16756169991009,49.1625013742132,residential
9.35207692936497,49.3211113538182,residential
9.28208994973662,48.9663913240153,residential
9.2769996594547,48.9629738984414,residential
8.9130263143571,48.9076120875899,residential
8.96717822080412,49.2024544024666,residential
8.92792064518303,48.847319349179,residential
9.72620495278693,49.5457835538315,residential
8.86781981574882,48.5284003445684,residential
9.16401399856377,49.2830710319451,residential
10.2629650513943,48.7920419779046,residential
10.1999720438356,48.8230750288333,residential
10.1832915315453,48.7995602401642,residential
10.3300817609472,48.7575735894053,residential
9.74609456285227,48.6904739745821,residential
9.78078810186883,48.6180812229268,residential
9.22575562369851,48.6386098646748,residential
8.82149015249725,48.5525931094268,residential
9.16521694576954,48.688024299382,residential
10.2301844925328,48.7530454746158,residential
10.283838305428,48.7710460360787,residential
10.2433876384447,48.7355506024945,residential
10.3094631317561,48.7958786492043,residential
9.83342864222479,49.4779617969485,residential
9.86152871309281,48.7113031163274,residential
9.49127983866908,48.5993676509749,residential
10.2201117796992,48.8576320686952,residential
10.2478261137411,48.8752507553747,residential
10.2453799415509,48.8700055220658,residential
10.1946518339884,48.8919624915687,residential
8.88752954414988,48.7005569773054,residential
10.1916826410181,48.8484136961949,residential
10.1690572926044,48.8299192312794,residential
10.1757707685916,48.8244138259108,residential
10.2081034501907,48.8152257459669,residential
10.2457375688824,48.822909985102,residential
10.2887795702025,48.8174402753355,residential
10.2956121265133,48.7302500946819,residential
10.2654777777193,48.7341120416391,residential
9.33030660803984,48.8323812899644,residential
9.17706631658159,48.800301711828,residential
9.8983083751114,49.4829857776373,residential
9.89424170499652,49.484087011634,residential
9.85479409972866,49.4429014822754,residential
10.350321247302,48.7744800042301,residential
10.3821826860492,48.7630459532797,residential
10.413469187551,48.7839472114814,residential
10.4094599203985,48.7563192516691,residential
10.3914146733765,48.7238138824157,residential
9.91118885907362,49.4816635535089,residential
9.89936477643739,49.4855880810693,residential
9.90522172734275,49.4853081164128,residential
9.26381992274469,48.7079862288062,residential
9.43220006984987,48.8647003353777,residential
10.4124018968139,48.7179951084526,residential
10.4380644370347,48.7152703903905,residential
10.4265247610442,48.7334607350417,residential
9.17461411271477,48.799081449345,residential
10.3358621821349,48.7971102876945,residential
10.3537944524889,48.8066221752085,residential
10.3476291014528,48.8323970553856,residential
10.3668342400961,48.8246943078987,residential
10.316603076243,48.8271014236895,residential
10.305909228196,48.8290399739972,residential
10.296750316493,48.8423171912201,residential
9.50226480932436,48.9231151159392,residential
10.3192968002456,48.8610798489782,residential
10.3551256167176,48.8514941137443,residential
9.21242220429036,49.1019070832757,residential
9.28565696579656,49.057900055694,residential
10.1327962336575,48.8401690681734,residential
9.90029080238362,49.4979690634034,residential
9.10746540167125,49.0025305103409,residential
9.03253193180387,48.8910460739518,residential
8.99687019401161,49.048988084724,residential
8.97396934752448,49.064553240306,residential
9.50322001268649,48.7717549340999,residential
10.1245848585229,48.8559696284862,residential
10.1360667401736,48.880658655878,residential
9.85316806186343,49.4118808053808,residential
9.8913956594643,49.4393229616332,residential
9.32350260458369,48.8475759077762,residential
9.3164037689648,48.8645242222336,residential
9.09457930974512,49.0394633585179,residential
9.90864697638579,49.450311385072,residential
9.17391945607625,49.1569240501216,residential
9.05569685039848,49.2264736600634,residential
9.04071944108353,49.256915711979,residential
9.01311527224026,49.2687270724872,residential
9.14898583216285,49.2601724553811,residential
8.98040385700337,49.2441394408293,residential
8.99617255373737,49.2274408964732,residential
9.92044203596387,49.442317631854,residential
9.36372572689132,48.6833685697761,residential
9.94810068102798,49.4181384084657,residential
9.94653840335041,49.4344281831076,residential
9.39232719077122,48.7486176026313,residential
9.42000563351136,48.7660213645347,residential
9.19072409370552,49.0825829623943,residential
10.1348257164537,49.3812904045324,residential
9.32217131834091,48.8267179218266,residential
9.33537331084161,48.5583249553755,residential
9.32888925536646,48.5482826294265,residential
9.30921322881595,48.8203911387807,residential
9.309234308818,48.8371864380236,residential
9.3151723247176,48.8260529045616,residential
9.3162016861483,48.8324252490138,residential
9.30930216082888,48.8310690338048,residential
10.1656214105514,49.3919199821929,residential
9.65413311824984,49.7763615038523,residential
9.19886121318279,49.2102367751584,residential
9.90346669822899,49.4751248138744,residential
9.84477332723161,49.6997426251712,residential
9.64113691066926,48.8832602759209,residential
9.94919330600143,49.4733011958351,residential
8.85290814903382,48.6806426540493,residential
10.1748439450122,48.8482950088273,residential
9.06500868302944,48.7981701254964,residential
9.38454014434512,48.8208024022467,residential
10.2192088100244,48.8754346468488,residential
10.2193086862465,48.8795568134672,residential
9.32775783245619,49.0409725435698,residential
9.89156195865397,49.4270082478205,residential
9.71826867299162,49.1133141841912,residential
9.75594640953772,49.0620346811027,residential
9.74138705825716,49.1113940775413,residential
9.35621365148263,48.7713816435649,residential
9.54126662811645,49.3717106405316,residential
9.35951299523312,49.324541204295,residential
9.3485806923506,49.3246130925376,residential
8.90262227858897,48.8140229110507,residential
9.15636144640445,48.8178713286899,residential
9.98201686638274,49.3946899924487,residential
9.32056411041494,49.1458195819521,residential
9.14583169424898,48.8133416300094,residential
9.33079183338155,48.5768674669147,residential
9.71459660293871,49.1069511829961,residential
9.57844622509478,48.7991741693901,residential
9.77276678421693,49.4483416439791,residential
9.15805727357773,48.81183893644,residential
9.15969778871157,48.8122958863693,residential
9.25287165660216,48.5877006748809,residential
9.21369808939155,49.1369242788483,residential
9.61664170196504,48.7555076171759,residential
9.87488455902013,49.4731957447629,residential
9.33842427681417,48.6315909819228,residential
9.14290937239877,49.0410876367257,residential
9.77390002551052,48.6255697812048,residential
9.75252448095902,49.1326825322317,residential
9.64012674945489,48.9806842722232,residential
8.94475049965774,48.9141662925703,residential
8.90363401331301,48.5801069091461,residential
9.92894810706135,49.4584850294881,residential
9.93041637875059,49.4544654158111,residential
9.38073503306341,48.9652222877683,residential
9.21621515195894,49.0664146013409,residential
9.06348039068984,48.9154295059544,residential
9.06310151823126,48.7884644723492,residential
9.56388446232821,48.5931453107895,residential
9.02386660556247,49.0972641616881,residential
9.04888184133936,49.1053666977595,residential
9.07386263527853,49.0811924536859,residential
9.58157612030752,48.7904440333759,residential
9.12003539562159,48.7457034220322,residential
8.96323921956058,48.7895675549427,residential
8.9606408007206,48.7914124983,residential
9.96959267327371,49.4645046011124,residential
9.55814491495208,48.7770728185601,residential
9.5533297424135,48.7748149706903,residential
9.45902575900241,48.9776332926171,residential
9.45809268494088,48.9721816284287,residential
9.46030172237089,48.9899223572847,residential
9.46193087170745,48.9935144690389,residential
9.47498388431567,48.9970701952983,residential
9.07680384715983,48.8740482627617,residential
9.9434407088701,48.8516851881456,residential
9.46609201368349,49.1384590917248,residential
9.55667522254593,48.7814625405106,residential
9.49838125809484,49.143615602997,residential
9.52453116673577,48.6236407629584,residential
9.53607316222829,48.5882289560137,residential
9.51217100287319,48.579024796143,residential
9.32845418826694,48.9610846656032,residential
10.1562910195533,48.7200101101443,residential
9.05249043314503,49.273198825723,residential
9.65488881601534,48.9047263965565,residential
9.70166308923384,48.8912905681095,residential
9.90420545859227,49.57979153194,residential
9.86468053358726,49.4277498529493,residential
9.06557750674051,49.0731251572,residential
9.89588670379329,49.0689282026438,residential
9.57566160854741,49.2985204814102,residential
9.56891488060786,49.3141784463113,residential
9.88676586171266,49.069837655226,residential
9.87924168588338,49.0682593460069,residential
9.87157831269275,49.4026471003453,residential
9.88390171681409,49.3928760888785,residential
9.9268588230246,49.3997159040533,residential
9.90804520077041,49.399721843061,residential
9.96227075561926,48.8512365552493,residential
9.89092611545177,49.0665057975579,residential
9.05705000890706,48.9364871596297,residential
9.4963461277343,49.2523768607844,residential
10.0553606932074,49.4628830288721,residential
9.39093421983022,48.8879788041666,residential
9.3741992916285,48.9000692893503,residential
9.36469426822359,48.8997146168779,residential
10.0694884768954,49.4530945443097,residential
9.86048059867291,49.0410419611008,residential
9.40649677210634,48.9022724996697,residential
9.3910421220876,48.9278051302817,residential
9.37086321413443,48.9275905164137,residential
9.29639033662843,48.9426618884705,residential
9.91209475059185,49.0425848033587,residential
9.76544407987728,49.47710414327,residential
9.89574347178568,49.0831516633231,residential
9.92314939725719,49.3978428096883,residential
9.3155238443964,48.8902613628174,residential
9.26365519186173,48.9395439310056,residential
9.31291466703003,49.009573087599,residential
9.32637893859881,49.0083980050187,residential
9.34578223405119,48.9997312561627,residential
9.35827820933855,48.9921133306708,residential
9.39437374826938,48.9927618251285,residential
9.36154515317127,48.9998568367683,residential
9.36025895108194,49.0077759950723,residential
9.37830770473497,49.0058488711686,residential
9.37095949151694,49.0143651574647,residential
9.24973288779037,49.0120522783122,residential
9.26530638343658,49.0241194776024,residential
10.101857459567,49.4456401322197,residential
9.35685386884498,49.0886361840922,residential
9.37945358887362,49.096299183911,residential
9.40136795235725,48.975481512586,residential
9.4564725541605,49.021148593855,residential
9.43121439122475,48.6704525727901,residential
9.90677677107415,49.0526186798348,residential
9.58664049615861,48.7115632913791,residential
10.359199646373,48.6979515900487,residential
10.3736541520341,48.6733308874107,residential
10.3878644533971,48.6586073623359,residential
9.71032931690669,48.9827790448851,residential
9.74072172214007,48.9865716090642,residential
9.77650383568007,48.9782730533256,residential
9.77142046008152,48.9838630034284,residential
9.76664212571617,48.9981099186137,residential
9.78493374658877,48.9967745030305,residential
9.77415899030859,49.0054331736736,residential
9.2970842527186,49.180821923718,residential
9.46263758553784,48.8297961981555,residential
9.44347406732803,48.8407842139772,residential
9.44199619193486,48.8468476695246,residential
9.43844255933685,48.8498743936224,residential
9.46523673598859,48.8529590602312,residential
9.48720970916191,48.8513485221333,residential
9.50223314983315,48.8465186232209,residential
9.50182566787762,48.8542796437851,residential
9.57296199456626,48.9469625769427,residential
9.56090471532508,48.930391934055,residential
9.63884763986028,48.9299879344822,residential
9.43607869256546,48.9163617942383,residential
9.67155337298771,48.9660209031303,residential
9.87358896274167,48.8473243885702,residential
9.93636971664281,48.8977796344175,residential
9.41502387821298,48.8093488093209,residential
9.41326696473992,48.6458713162599,residential
9.84684915114821,49.0254896171459,residential
8.83257039484497,49.1818527801492,residential
10.4587174142626,48.8237467389926,residential
9.5333144966066,49.0420663621477,residential
8.96181938146804,48.889795576861,residential
9.9199008294618,49.4236595844586,residential
9.59440689731841,49.0323867085151,residential
9.57792027428631,49.038699918058,residential
9.58785264671186,49.046097118871,residential
9.5827760380004,49.0646505251826,residential
9.56214235005639,49.0608932309724,residential
9.58261995083548,49.0708017508248,residential
9.67852799328011,49.102960911314,residential
9.68982885327067,49.0832983024782,residential
9.71020628505712,49.0910350597156,residential
9.71043929414747,49.0795448075441,residential
9.68348485601482,49.0613177966542,residential
9.66268178946021,49.0849787252633,residential
9.50091789235212,49.063384894721,residential
9.61080721614228,49.0833180136971,residential
9.6126934418273,49.0907839608067,residential
9.61127329979192,49.0949024636966,residential
9.53141105966704,49.079820260195,residential
9.5398558210527,49.0748694076524,residential
9.50796565300025,49.0703429180445,residential
9.49404580907254,49.0881173401877,residential
9.4803630325678,49.1005932694756,residential
9.92092240423554,49.3953240935287,residential
9.9176489243276,49.4003198915312,residential
9.9991771835895,49.4439201820721,residential
9.99299797927098,49.4426211544694,residential
10.0414411986262,49.483700535735,residential
8.81352914363936,49.1889445115671,residential
9.81486143471871,49.4906928549467,residential
10.0311929257607,49.4704843230211,residential
9.44605013066863,48.6560360892811,residential
10.0303833512085,49.4649014204216,residential
10.1140522507397,48.7948756321551,residential
9.82991555336002,49.5481553398813,residential
9.48557032494321,48.6164395363279,residential
9.36335649849295,48.9323135053227,residential
9.88067966829276,49.1825709653404,residential
9.87534403325124,49.1958458363134,residential
9.8847933115399,49.2121240039268,residential
9.88325658347623,49.2182612719556,residential
9.98005869847991,49.1794603819257,residential
9.89339564695269,49.5249376521405,residential
9.89119513856134,49.5274691197333,residential
8.86100383873025,48.7580842803964,residential
8.86246082074022,48.7578107333404,residential
9.62594159163277,48.7696950009558,residential
9.62955754497809,48.7727691283509,residential
9.02820859983875,48.8462069378752,residential
8.81639533109838,48.7746519046932,residential
8.83552832709362,48.7896699139838,residential
9.8958454107665,49.5576470137875,residential
9.89423736701598,49.5623470007978,residential
9.22365076551835,49.131933133374,residential
9.52638061775863,49.5807646871232,residential
9.38970984340407,48.5663188806328,residential
10.1089212689762,48.9778404692984,residential
10.1150833629872,48.9710556190695,residential
10.1177155253389,48.9667435757569,residential
10.1223582138877,48.9693189378682,residential
10.123291957897,48.9670019838796,residential
10.123630840915,48.9697020987193,residential
10.1254135709128,48.9644063743332,residential
10.1294241789449,48.9633263462336,residential
9.82407772549931,49.4477083971459,residential
9.82214130451957,49.4446479580596,residential
10.1334318710523,48.9749739833819,residential
10.1369264870252,48.9732928774414,residential
10.1391946395351,48.9754429740994,residential
10.1333994670248,48.9698007254527,residential
10.1343388551754,48.9256346378825,residential
10.1379808744009,48.928069054724,residential
10.126128617309,48.9396428538834,residential
10.1206751632625,48.9454438871101,residential
10.1348582861863,48.9514277375303,residential
10.1339654178646,48.9582174560471,residential
10.113741819076,48.9589395401826,residential
10.1119108398375,48.9516432983432,residential
9.32150608122479,49.0864268288008,residential
9.85617410920889,48.632422338126,residential
9.61757385796493,49.1821600673689,residential
9.3099908630425,49.1881479751025,residential
9.31097722205117,49.1929008352692,residential
10.2197996423559,48.9187863542799,residential
10.2516587234359,48.8842433658757,residential
10.26708743053,48.8775096862665,residential
10.268048854687,48.8911357371578,residential
10.270135480892,48.8981581863353,residential
10.178455814648,48.9099933598086,residential
10.028144377768,49.2293825735278,residential
10.1698927688952,48.9220839273481,residential
10.4261587254982,48.8700468084254,residential
10.2171306893498,48.9425866443912,residential
9.32331794618422,49.1804280484756,residential
9.33589077166207,48.6238839410194,residential
9.4246489564463,48.8871564079238,residential
9.35047315574203,48.6287192287824,residential
9.35143792112621,48.6138095382951,residential
9.33781573731338,48.6200503998092,residential
9.30914516874797,48.6199480920349,residential
9.32616690059219,48.6224496167202,residential
9.85354420044826,49.506787873373,residential
9.13160875983396,48.993240437291,residential
9.03652669434211,49.2905254570447,residential
10.4533708265133,48.9001900368113,residential
9.9076433047054,49.0809947074942,residential
9.91143215291393,49.0842477447349,residential
9.90903729036385,49.0838888993791,residential
10.1832130450701,49.1303673447257,residential
10.1755461146212,49.1174520699477,residential
9.37359916583284,48.8283942546405,residential
10.1355726642403,48.7298128007277,residential
10.1658738632549,48.7073404853402,residential
10.2098756348507,49.1295680787367,residential
9.90538100261303,49.4995424597015,residential
9.90800344444399,49.5011450621126,residential
8.9411581048035,48.9938603513473,residential
9.22729269328155,49.1241816008598,residential
9.11399942021662,48.6424563505226,residential
9.84126850975107,49.0451225606413,residential
9.12382573655932,48.7302318926797,residential
9.38538003375085,49.1691581186383,residential
9.38911310254652,49.1707088880972,residential
9.55599222918909,49.5401955619167,residential
9.52771700577552,49.5492029641494,residential
9.92189328348041,49.421656479688,residential
9.63201795200014,48.6858638164949,residential
9.53382059294367,49.5146693420033,residential
9.5534005011537,49.5107878316097,residential
9.89254111339979,49.0072859506279,residential
9.76779038160035,48.8037413850447,residential
9.7538553942156,49.0881746007558,residential
9.76632217575569,49.081967534319,residential
8.97961604257377,49.1838032248935,residential
9.6058453892112,48.6721960696963,residential
10.1175793081178,48.7355060871486,residential
9.68653360658212,48.9784162140126,residential
9.32380502990215,48.9359129298674,residential
9.64645957129856,48.6618411786285,residential
9.94130775686334,49.0681142145234,residential
9.32085059764053,49.0695869192771,residential
9.78716118135996,49.1701100551074,residential
9.30938340812617,49.0131618398214,residential
9.98641299923027,48.6722053940174,residential
8.90025974456334,48.7140050252012,residential
10.1624927000485,48.6611851251428,residential
10.1627809136711,48.6570844815374,residential
9.53539365657144,48.9274637339505,residential
9.54986520949216,48.9160808469189,residential
9.5535782398758,48.9086970288401,residential
9.53356367311175,48.9074614266396,residential
9.0394980341987,48.8659812128255,residential
9.04966986354167,48.8496031330448,residential
9.18462267833413,49.0957728265233,residential
9.74683006072444,49.5284401520863,residential
9.72640136298337,49.5655823132647,residential
9.16907983067492,48.7999658086975,residential
9.81785412180274,48.6594689793647,residential
9.65629509211556,49.6266480089671,residential
9.30863502761844,48.9678488166587,residential
9.4960059670056,49.1624710787748,residential
9.18743578714241,48.752597112172,residential
9.6902148854779,49.5688289805365,residential
9.7062651820721,49.5648026023811,residential
9.70076000605195,49.5634218466026,residential
9.27654852631029,49.218687785893,residential
9.30277059278705,49.2271525357557,residential
9.938757133003,49.5257760741017,residential
10.0381738284582,49.5157452041939,residential
10.0167744073362,49.4928786829452,residential
8.90667507153487,49.1397466148186,residential
9.02216513374625,49.306434096537,residential
9.4052306124862,49.1631738751278,residential
9.74559966241967,49.4703067542108,residential
9.49801201449952,49.1547136729124,residential
9.24842573238077,49.2439534684628,residential
9.28665287069519,49.2489462612751,residential
9.21920827323788,49.2218865762155,residential
9.43425553604593,49.7351012652673,residential
10.2812083902277,48.6601054306062,residential
9.37733027346957,48.983294031183,residential
10.1104162134658,49.3239970157523,residential
9.5309947305659,48.9501719418983,residential
9.22028636351568,49.2337639004647,residential
9.27333853737533,49.0421761414552,residential
9.27244995675784,49.0718313868198,residential
9.27177566141837,49.0745034657902,residential
8.98061035014242,49.1567874064587,residential
9.55322909607081,48.7250430826041,residential
9.63041363911119,49.1061865175388,residential
9.63037420735492,49.0991559028969,residential
9.48626953881548,49.7478066244767,residential
9.49223115642297,49.7310842128943,residential
9.50171940190586,49.7124462084128,residential
8.8927208055387,49.1680005427646,residential
8.93772049079752,48.7699258657769,residential
9.36116901416377,49.0771653395261,residential
9.37307228624967,49.0744087487874,residential
9.37774120834483,49.0672782117145,residential
9.36617664119032,49.0619622073737,residential
9.35826663160825,49.0582639862334,residential
9.37206480233226,49.057206089507,residential
9.48642343284624,49.2121138706813,residential
9.16514108119044,49.0753229644164,residential
9.87493308936269,49.0242245240466,residential
9.7015694121332,49.1349327572189,residential
9.69168932124537,49.145610524902,residential
9.70911409778904,49.1565601228912,residential
9.71654451737051,49.1666702899238,residential
9.72050100246966,49.1221927248302,residential
9.85453515349667,49.017601772082,residential
9.38711764408704,48.7111464724013,residential
9.304255713188,49.2421541701279,residential
9.307463637653,49.2465624945215,residential
9.70692619566138,49.1279899573251,residential
9.71809713400581,49.1311332198499,residential
9.70947700322948,49.1213221578487,residential
9.69381596158336,49.5984429206232,residential
9.73547693768073,49.1542603458093,residential
10.2428247855717,48.6990413266879,residential
9.70739023378525,49.132518067513,residential
9.6949986946524,49.1546799672267,residential
9.27172819159463,49.2627405377958,residential
9.26154654087389,49.2568036407831,residential
9.27901446316465,48.7750162248003,residential
8.88610568208311,49.0230117378772,residential
9.43685492906511,48.6418939220865,residential
9.28835554571613,49.1054068911746,residential
9.3965214290725,49.0505788108541,residential
9.40917502901345,49.0698257705189,residential
9.45522952614094,49.065105636778,residential
9.55941942620328,49.035816251213,residential
9.55748106148093,49.0349499162255,residential
9.57137156740217,48.9908207280601,residential
9.53680907176002,48.9932198510468,residential
9.72912626652658,49.1021424494928,residential
9.24002827316247,48.7736148312187,residential
9.5348166269765,49.7259461637537,residential
9.54760091416454,49.7126318793398,residential
9.3121957528389,49.2810477732388,residential
9.30674765650571,49.3036371118406,residential
10.0484964281312,48.8827091651475,residential
9.80963667103235,49.0194156567638,residential
9.29917215962629,49.2092953595285,residential
9.3353636544444,49.2436527013852,residential
9.79143474152486,49.4185739595815,residential
9.81412493497522,49.4004202948303,residential
9.80673478883306,49.4226106833295,residential
10.1606476581641,48.6954420228179,residential
9.5837478314547,49.1483572070662,residential
9.55091585673135,49.1479387448646,residential
9.53948176352054,49.155440455245,residential
9.53448027082507,49.1650222797544,residential
9.5285528101983,49.1705085149443,residential
9.53805903033154,49.1609620955558,residential
9.29480934261724,49.0701677287269,residential
9.46266967817283,49.3198442677628,residential
9.46603341954803,49.3128599555863,residential
9.46600498517349,49.3185796403431,residential
9.46729510363442,49.317750246706,residential
9.51414683704144,49.2288629814497,residential
9.46363332936119,49.3294867979733,residential
9.88394205217589,49.3788092157592,residential
9.88119701766311,49.3857041629964,residential
9.87443430837432,49.3667825455404,residential
9.90085205216146,49.3767536168966,residential
9.66216636078417,48.6441672439031,residential
9.40316960901408,49.0668302597985,residential
10.1661551296809,48.6220679033278,residential
10.1461912524094,48.6200859854068,residential
9.22240179234022,48.7807743922895,residential
10.2989111626086,48.7075720079019,residential
9.82430517894606,49.0705365145118,residential
9.28966933805959,48.7490254719306,residential
9.62572759041459,48.9042564587354,residential
9.19889663609162,49.1964195132006,residential
9.91386557344055,48.9902324484399,residential
9.95425374277588,49.0327489189617,residential
9.92689101318206,48.9808949150916,residential
9.90258199756394,48.9947255763006,residential
9.95802283484663,49.0126082044114,residential
9.94350988647027,49.0198771005474,residential
9.91354647627863,49.0192232593446,residential
9.92034838959827,49.0017278368425,residential
9.52028462004345,48.6735121628324,residential
9.56737700941542,49.2365842225479,residential
9.56421573485136,49.225675356864,residential
9.42123624624356,48.6582219254338,residential
9.31356351955769,48.8486545627991,residential
10.0565902335445,49.1272483035135,residential
9.10565285650306,48.7329430778406,residential
9.25477256179459,49.2805022318367,residential
9.2629306477291,49.2815152755247,residential
9.22376174841412,49.2874534391291,residential
9.22784040097483,49.3035989253489,residential
9.37763161069671,48.793586944996,residential
9.42272744912811,48.7964558229791,residential
9.57369232037683,48.897441429516,residential
9.54554520801968,48.885710738018,residential
10.1427351169483,48.7469081648148,residential
9.41007480477121,49.0308319654035,residential
9.36542838416869,48.8178617466956,residential
9.51637103734802,48.539134061782,residential
9.35348490369019,48.9642978098037,residential
9.34588302795051,49.1785205315947,residential
9.43247595941103,48.5568296397998,residential
9.19797362479271,48.7760151704367,residential
10.3723913072859,48.6910345786692,residential
9.3567760270698,49.2140368701356,residential
9.32557333679832,49.1577418512702,residential
9.35284775785397,49.162597871909,residential
9.34162544716899,49.1477407300456,residential
9.3222888262459,49.1295471346213,residential
9.37394545083887,49.1328215908565,residential
9.40571140860218,49.1389370633097,residential
9.43890840190953,49.0517160158469,residential
9.44268278856234,49.0483977821724,residential
9.98859801497721,49.4194886066378,residential
9.70877872253512,48.6528006983878,residential
10.0059803672761,49.4230510168325,residential
10.0429000791744,49.4976461201713,residential
9.69140603223296,48.665054532451,residential
9.94643453982999,49.3503297149791,residential
9.88474405644131,49.3561234375899,residential
9.39548258664096,48.9460668953667,residential
9.71273883293313,49.4971911301749,residential
9.00568233047597,48.7138542844072,residential
9.40758230263347,48.819498507513,residential
10.2539957048229,48.9367273568143,residential
10.2694307941301,48.9205095587344,residential
9.6630474796759,48.5441091413249,residential
9.65486753525393,48.8004045622421,residential
9.66260304281472,48.8033376362463,residential
10.0681560875473,49.532566133428,residential
9.66477225283785,49.1177221029078,residential
9.8025510839715,49.6761371353467,residential
10.3854515124673,48.6907339842764,residential
9.6519130549484,49.1435404955182,residential
8.97098222644497,48.722685135797,residential
9.85367253614521,49.3471393518112,residential
9.89673511407629,49.3414986357701,residential
9.78503707576337,49.6193092484208,residential
9.7889650489242,49.575089936505,residential
9.0159128602667,48.679985940972,residential
9.3107597951132,49.0590853823537,residential
10.0533218867774,48.9062051368344,residential
9.1251329273597,49.2510946655564,residential
9.10722710712463,48.7428213631894,residential
9.46977849701549,48.9900164590422,residential
9.47182866202839,48.9895781942549,residential
9.6168836985393,49.200499343641,residential
9.89590707439397,49.3637173452529,residential
9.86423838599217,49.3484123392575,residential
9.83640333998119,49.3622330111691,residential
9.80482145143322,49.3756392075869,residential
9.83987354303184,49.3747368356368,residential
9.87297440647283,49.3410248421604,residential
9.83474583931673,49.3476426902357,residential
9.50199091414772,49.7811274127749,residential
8.97304416503691,49.0986001107945,residential
9.47334870832735,49.7731296134812,residential
9.49792720539248,49.7634403313902,residential
8.98781943467465,48.9557269638882,residential
10.08951799092,48.9078579130992,residential
9.86191370366924,48.6526087081652,residential
10.0694188398687,48.8840382905626,residential
9.28951667383603,48.741731005903,residential
9.29414457853211,48.7425209895776,residential
9.1867777472246,48.9942727317715,residential
9.29937000519566,48.7419390470648,residential
9.29989604857712,48.7430253894219,residential
9.29608595518279,48.7432110073986,residential
9.30037340495434,48.7436126406922,residential
9.30107224915061,48.7432994575981,residential
9.30618730039772,48.7411095237228,residential
9.30563950874184,48.7417296788862,residential
9.30956930999346,48.7415077207317,residential
9.84183569585383,48.948453228065,residential
9.85902377193552,48.945347834271,residential
9.78028321609227,49.6374428872359,residential
9.82484970723685,49.6518347748615,residential
9.76035764246461,49.5815002756666,residential
9.75725759599713,49.5693981762254,residential
9.76603538289657,49.5659286801595,residential
9.72950894438961,49.5480138574871,residential
9.27741189037128,48.7485507391692,residential
9.74860415254235,49.1720472286684,residential
9.71792284299346,49.0087045011723,residential
9.70345921001681,49.0104812507693,residential
9.7582081193137,49.0104698293006,residential
9.80147917655783,48.9779378422796,residential
9.77096493096302,49.0301159637555,residential
9.74755817022574,49.0305989214437,residential
9.34775360269634,49.053178404249,residential
9.36754123519688,48.8678649958956,residential
9.62133671968887,49.5265732673998,residential
9.64040908122206,49.5286985024748,residential
9.6354212286355,49.5509394180456,residential
9.63731038281261,49.4819845564788,residential
9.66804815853807,49.4905472826385,residential
9.57230980577186,49.4586399743254,residential
9.6020772409161,49.4563184286753,residential
9.59796909692464,49.4865513401108,residential
9.5406332912721,49.4999109032311,residential
9.51644996896606,49.491524098896,residential
9.4999606542608,49.4738051648439,residential
9.70424361610571,49.5450368728598,residential
9.62742971437638,49.505587125579,residential
9.71014689417536,49.5236894909263,residential
9.23638154480053,49.21165562977,residential
9.47290542330888,49.2697930758638,residential
9.04097497453736,48.8374854102987,residential
9.63750622714326,48.6425806534986,residential
9.59165098702665,48.6330002768742,residential
9.3141188489539,49.1505822075331,residential
9.61286999923058,49.6337486399553,residential
9.34744723692194,48.8225916994219,residential
9.73121862001098,49.3117478184389,residential
9.71522891722416,49.3237437477808,residential
9.16274252902942,49.2436230391951,residential
9.193795851846,49.2511056476638,residential
9.20528240644927,49.2645335744676,residential
9.19267879816241,49.278653361068,residential
9.20304433725979,49.2988477159522,residential
9.43230221491812,49.2472526644503,residential
9.68136818401363,48.7141493343656,residential
9.68169301835445,48.7036544487387,residential
9.67471249734747,48.6949401341982,residential
9.6731349529017,48.6989694667591,residential
9.52529422808593,49.2048671374277,residential
9.2517188573207,48.8662187333117,residential
9.22756704307172,49.1879512765052,residential
9.42909053011485,49.1770314365057,residential
9.41567102805492,48.9862993350602,residential
10.1152593467106,49.2939747840411,residential
10.1083991422387,49.2675544283271,residential
9.52830982423442,48.8061196409939,residential
9.42850245413276,49.1729132011893,residential
9.51621073192702,48.8062326738162,residential
8.83695226930288,48.7845338944092,residential
9.94951725710358,49.2527097197628,residential
9.97048701683194,48.7525267456388,residential
9.9201867567244,48.7757720424315,residential
9.22332250507642,49.2114648473781,residential
9.45442082942087,48.8472583076665,residential
9.46866523380683,48.8614809594241,residential
9.45495373535631,48.857231741184,residential
9.45386176784435,48.8631348549951,residential
9.47073033771241,48.8729498897709,residential
9.33230000892799,49.2342196468494,residential
9.36307629093738,49.2425751768549,residential
9.12871908434573,49.0426834232876,residential
9.77433179872241,49.0756532672288,residential
9.61030637508888,49.3451118271778,residential
9.38053851057891,49.3190941057474,residential
9.36948231806236,49.3204186382301,residential
9.36942210548305,49.3143237090448,residential
10.2680923395761,48.6875283671395,residential
9.73756531273618,49.7237861637314,residential
9.8508009425578,49.1409019383388,residential
9.71344911010219,48.7067993626821,residential
9.70317933612643,48.7012342284656,residential
9.71881715636897,49.1755199376392,residential
9.76195148571027,49.1673273004233,residential
9.75546689665451,49.1612595344975,residential
9.72725982538641,49.1462800031969,residential
9.72929522439646,49.2113213823179,residential
9.73337433780194,49.1963525477245,residential
9.72429179154893,49.1846085517534,residential
9.74056960521495,49.2032631044531,residential
9.76409831185024,49.203700551102,residential
9.77424388904622,49.1959897056328,residential
9.7415949885485,49.1896954016651,residential
9.75900349954063,49.1909919040336,residential
9.75193624483582,49.1837076051896,residential
9.76556964762878,49.1840415152538,residential
9.22640353456014,49.2672468611695,residential
9.22204353184856,49.2677773843284,residential
9.19670064432963,49.2307123384691,residential
8.8625095053857,48.5842564363041,residential
8.86951416210371,48.584567618926,residential
9.8625693930413,49.1271331057884,residential
9.34068076497716,48.7907141294522,residential
9.97477002307206,49.2447672163812,residential
9.97011305204302,49.2431376106144,residential
9.9847031575675,49.2568030097192,residential
9.68404490876388,48.6733630630223,residential
9.69463751237677,48.6725707359314,residential
9.68858998976325,48.6872581424184,residential
10.1141412454968,48.7526383868073,residential
10.1200899159116,48.8715996216517,residential
10.1122862019954,48.8756293483673,residential
9.64554768925526,48.7003217260487,residential
9.66465763825848,48.6982683915854,residential
9.65427032823541,48.7082168548816,residential
9.31032241248372,49.149016216561,residential
9.32006243754414,49.1510649479021,residential
10.1395506773552,49.4388396782528,residential
9.53062107979853,49.3573106460825,residential
9.08102208128139,48.9662855022793,residential
9.19705753841502,49.2375985263929,residential
9.19012738820297,49.2386115751821,residential
9.19094064293641,49.2343038757189,residential
9.45357427131991,48.9790431993553,residential
9.39660407628124,48.9578082777537,residential
9.44835848051114,48.7850274371679,residential
9.23009428939369,48.8433199194641,residential
9.21080147313216,48.8834478275821,residential
9.10024253788207,49.0185422131248,residential
9.03548586312391,49.0433300920971,residential
9.31753025722718,49.7443624368577,residential
9.72246804309282,49.7100727880146,residential
9.69692747886849,49.6987091898323,residential
9.32627736403288,49.0968554156952,residential
9.71371444100857,49.1253233524288,residential
9.44102710860328,48.9970069629274,residential
9.43973235987624,49.0010895032147,residential
9.167057510156,49.2472844540141,residential
9.70106954230402,49.1291098144414,residential
9.71627445238205,48.7035160859631,residential
9.0187250194656,49.0860005997145,residential
9.50602101530997,48.9977108630384,residential
9.57973959371423,49.0772053406771,residential
9.58645250516616,49.080780225939,residential
9.5712484759606,49.0782990058289,residential
9.66030839104215,49.0939140882671,residential
9.6606561571459,49.0920347164782,residential
9.65818246427075,49.0901639300829,residential
9.67888594636439,49.0969421215239,residential
9.13895689901064,49.2422050788423,residential
9.14339128452588,48.9722498012444,residential
10.1096271369026,48.8398718248578,residential
10.0584180598348,48.8419381961292,residential
10.0593443782388,48.8308034531058,residential
10.0841477082943,48.8384355500143,residential
9.84187381484217,48.7913479291988,residential
9.84276944737285,48.7822921956485,residential
9.8559989360031,48.8088592579828,residential
9.3180150443253,48.7184816989431,residential
9.33245058181345,48.7219394374592,residential
9.15739472090976,48.8466640680901,residential
9.18746249330018,48.8611173573842,residential
9.22436479646778,48.8725496989733,residential
9.9844219251878,48.8464413437604,residential
10.0227318380424,48.8341430879812,residential
9.54655377778536,49.1928395024795,residential
9.57464915991409,49.2059770348751,residential
9.6006094248346,49.2047760530021,residential
9.59426319676614,49.1932782804393,residential
9.50961356151384,49.2065645990985,residential
9.50400740438451,49.1753764995625,residential
9.5157719118324,49.1798914636816,residential
9.43923856831327,49.1771562106239,residential
9.43864120732862,49.1617635200747,residential
9.3892080895484,48.8047093291542,residential
9.32119424074663,48.8078468703047,residential
9.46748526222109,48.6944802349656,residential
9.50638284777047,48.7050848327151,residential
9.5229612412448,48.7072051240058,residential
9.52521342676579,48.7180723522842,residential
9.50781594481453,48.7317966260918,residential
9.51715510133499,48.755996867301,residential
9.46470667843686,48.7890669635576,residential
9.55192759197139,48.8294343815047,residential
9.54352603655048,48.8434581740518,residential
9.52764178036103,48.8599413640379,residential
9.53943159191505,48.860578301437,residential
9.54929473987793,48.8589232702022,residential
9.52040554018724,48.8745486142018,residential
9.50575124498166,48.8734408546827,residential
9.5302709697034,48.8735537966838,residential
9.53150370194729,48.8827343839491,residential
9.54340970325845,48.893137597642,residential
9.49164511252278,48.8947779247128,residential
9.70318007473858,48.6985611503354,residential
9.7060964358142,48.9553085262387,residential
9.69059880686045,48.942066192492,residential
9.70430745895486,48.9414712176048,residential
9.67944995829593,48.9317085892566,residential
9.66459923196262,48.9348098227302,residential
9.64994072596632,48.9282578789514,residential
9.60256706267678,48.9167988536044,residential
9.62131614367428,48.9123128820415,residential
9.57085135820442,48.7657184933255,residential
9.59941948109257,48.762605389376,residential
9.6313465925902,48.7615505943114,residential
9.63241028062137,48.7539012587457,residential
9.6600824700064,48.7480738472071,residential
9.68793646470813,48.7595403079747,residential
9.70352917204282,48.7666094863517,residential
9.72998383651124,48.7766595467712,residential
9.70895392234031,48.734278819965,residential
9.70054470365383,48.7370334346862,residential
9.68346010795911,48.730797011814,residential
9.61345276980797,48.7384773540688,residential
9.61029050321974,48.7279379260446,residential
9.58596779538581,48.7200163579871,residential
9.6200421692995,48.7076558307756,residential
9.28245660407723,48.8868629504989,residential
9.12868030728288,48.889031731539,residential
8.90189552126079,49.0987254846738,residential
9.43749447630802,49.0301305101684,residential
9.4377225859286,49.0373102242652,residential
9.43728102010213,49.0446650437616,residential
9.44557021603569,49.037000709521,residential
9.48101165925913,49.0328671857463,residential
9.49986519250036,49.038651993048,residential
9.49634705876623,49.0436195080986,residential
9.54252245787844,49.0542279007078,residential
9.58593986804031,48.6517987504411,residential
9.96089650949386,48.823169652078,residential
9.97365966362222,48.8011384802047,residential
9.93234903384678,48.7932396354254,residential
9.85635797201466,48.7945229962377,residential
9.77148338986927,49.1046830455501,residential
9.76887288299073,49.0906882833597,residential
9.74267186997326,49.1320719617131,residential
9.37908804523425,49.2265924657947,residential
9.41287558436154,49.2148954210375,residential
9.41974915729413,49.2075378633146,residential
9.43197077746,49.2028531313846,residential
9.49246583177127,49.2160634804634,residential
9.5132746545534,49.2163521770935,residential
9.54298888928544,49.2158100042547,residential
9.22997011098887,48.8313773094533,residential
9.26392898212001,48.8353637872803,residential
9.39269566386729,48.7799303115288,residential
9.68594408356807,48.8019676616367,residential
9.68995691735521,48.7964708434277,residential
9.51604721512835,49.2549197040421,residential
9.5244838337808,49.2411499839329,residential
9.56030716062375,49.2520739502009,residential
9.56180882610501,49.2453877647375,residential
9.53738281372607,49.2651409783562,residential
9.55831217064102,49.2932790387722,residential
9.59628885268884,49.2977083342196,residential
9.61861400018434,49.2861019810521,residential
9.65107177387662,49.2895439961218,residential
9.63413904383691,49.3058838618122,residential
9.6843156576871,49.3050212247074,residential
9.69970255384859,49.2814306584201,residential
9.68477912446569,49.1947797832151,residential
9.65750685843351,49.1693428554073,residential
9.38861676164629,48.8792554588093,residential
9.45610641533208,48.8906613181263,residential
9.46193391424056,48.886922368587,residential
9.44124197552604,48.8827341240353,residential
9.44435044317213,48.8797023806596,residential
9.43235520728411,48.8781718356983,residential
9.42019285737992,48.8711514409184,residential
9.45027354235496,48.9482461319412,residential
9.23404436375811,49.1910086057644,residential
9.23250579403086,49.1945309097925,residential
8.9159198626148,49.0532413284189,residential
9.67880577351555,49.6806798247732,residential
9.69444954753143,49.6833962316252,residential
9.76376313270225,49.728055414055,residential
10.0487325438218,49.0020578984197,residential
10.0030990828521,48.9548279867081,residential
9.96020109985192,49.2650572985212,residential
9.9410234246446,49.2729665844167,residential
9.78625312866396,48.6770532656034,residential
9.19442625054173,48.720252102389,residential
9.71129028854616,48.6970083366026,residential
9.99024455175293,49.2396896525971,residential
10.0212172790938,48.643467305309,residential
10.053244252981,48.639461535979,residential
9.97342699974775,49.2335387439039,residential
9.29789820613589,49.2131220297417,residential
10.0411702641255,49.2528012530996,residential
10.0807615850592,49.2494446456694,residential
9.32977535520788,49.2954126054523,residential
9.33535271136063,49.296997363238,residential
9.39028624679914,49.3400476982304,residential
9.39837195118854,49.3557267725924,residential
9.19271461945936,48.7249300160598,residential
9.36513741204964,49.1138341337665,residential
9.23549459339685,48.5897959000873,residential
9.21889755744337,48.5904373676062,residential
9.24442919911172,48.5905605835255,residential
9.55185472155369,49.6130245869569,residential
9.31553983141618,48.8363793114157,residential
9.65130422864429,48.6410960501607,residential
10.0096508662244,49.2882370608148,residential
10.0305085209559,49.274673375907,residential
10.0370401371095,49.2967190864874,residential
9.402171027587,49.7642791522085,residential
9.41193246154763,49.7304421113437,residential
9.27083702964114,49.2943396995487,residential
9.27353944134239,49.2872718983248,residential
9.27252324653139,49.2893397684904,residential
9.48890181004676,49.6529401638658,residential
9.17724241243955,48.8618703797344,residential
9.33973197775826,49.0599325429288,residential
9.08136719474589,48.8175629080326,residential
9.54431494712035,48.7089683027632,residential
10.1085821707545,49.344500747032,residential
10.1119464705677,49.354168251454,residential
10.100696317916,49.3358436232889,residential
10.0948575248224,49.2184243929322,residential
9.7758794007471,49.2992228529206,residential
10.1198237132443,49.4083678574551,residential
10.1234837494421,49.4068615611885,residential
10.1197872563585,49.4151599870457,residential
10.0971443669854,49.4033340856922,residential
9.79894513182545,49.2840239231356,residential
9.74780826716252,49.2930871381514,residential
9.74021738430535,49.2831589171418,residential
9.72876370872216,49.2993079013823,residential
9.76996562636299,49.2900807474092,residential
9.79139740426718,49.298272515654,residential
9.72652858235832,49.2739262423645,residential
9.70227747893152,49.2853869016796,residential
9.76054158086856,49.2664758022814,residential
9.0200643625921,49.0005667758212,residential
9.83349615956364,49.2750896596875,residential
9.73951971417762,49.2491289767804,residential
10.1246075358209,49.436684329355,residential
10.1155041621335,49.4269115248276,residential
10.0957885366225,49.4344136421051,residential
8.99936913352593,49.0171386908013,residential
10.1519005029319,49.2903322533723,residential
9.0610822638999,49.0092703346196,residential
9.67227361401762,49.2765324353056,residential
9.8034378040393,49.3147394732378,residential
9.80542415163773,49.3031852482532,residential
9.80186648395042,49.3077729912758,residential
9.93598543947186,49.4932377551478,residential
9.71980679729685,48.6937822841516,residential
9.7207090375491,48.6949253720356,residential
9.00977532799111,49.1327187441088,residential
9.69857022149943,48.6931893633103,residential
9.32926310664247,49.772712262158,residential
9.26908974541466,48.5699028236096,residential
9.52214669020248,49.6699058062445,residential
9.57221821703384,49.6797964786734,residential
9.5704483934298,49.1435437760266,residential
9.62380098841048,49.2510476047907,residential
9.68827051996909,49.2582571195693,residential
9.67331485352301,49.2539748025378,residential
9.68132594415981,49.2429548391065,residential
9.6916237836409,49.251849436588,residential
9.67247957213097,49.26820987095,residential
9.65783908910243,49.2594332269892,residential
9.59846620695962,49.1291436913147,residential
9.56717846280421,49.1494690330454,residential
9.56479860024827,49.1503378510091,residential
9.57707198065222,49.1476871742285,residential
9.56640502767504,49.1516812290728,residential
9.55636599749413,49.1497505649149,residential
9.55922419380003,49.1484084773636,residential
9.55451179011966,49.1505149345686,residential
9.54613010706593,49.1540651974038,residential
9.56167948238527,49.1495378508144,residential
9.23552906774819,49.0564017762169,residential
9.74284573966743,49.2320410472837,residential
9.65637208060941,49.2121361080879,residential
9.66773218230347,49.2197947464894,residential
9.65704435694323,49.2031545482387,residential
9.80342478184629,49.1725025627661,residential
9.70655274987208,49.1996762211531,residential
9.68725679274757,49.2095695042688,residential
9.60425236086809,48.8360000362764,residential
9.54148693962511,49.0732584913126,residential
9.54884683926236,49.0748255995699,residential
9.53194607755205,49.0332137600052,residential
9.5346898790745,49.0319661421266,residential
9.6816674793582,49.0286850808081,residential
9.68387661420063,49.0334570820036,residential
9.68252188075184,49.0371967145877,residential
9.65999422498439,49.0240048194865,residential
9.64431439935937,49.0368545195814,residential
9.65012992164168,49.029737608675,residential
9.64363376407684,49.0199225480391,residential
9.63564039043836,49.0351410299686,residential
9.61330239176941,49.0133537243268,residential
9.60740043873743,49.0080641520144,residential
9.60176827389552,49.0214738249469,residential
9.62783259988523,49.0290152542805,residential
9.62804593905295,48.9961035256895,residential
9.49964618792817,49.1195440261926,residential
9.47639312534717,49.0932700239937,residential
9.4994291004772,49.0768162124785,residential
9.49538913421044,49.0748733051497,residential
9.49804324809062,49.0736147439595,residential
9.50188322075012,49.073067015213,residential
9.51172120625763,49.0740435018468,residential
9.51405002839645,49.0756046235721,residential
9.49734409180772,49.0529986103106,residential
9.50220905144417,49.0557028351762,residential
9.50100758343645,49.0579606028317,residential
9.57042723151759,49.0164481059656,residential
9.56175161646268,49.0074408324009,residential
9.56833694049567,48.9999374450508,residential
9.56997306260962,49.0253752036539,residential
9.55977167289805,49.0217210629517,residential
9.59742104778345,49.0562153917532,residential
9.61173302589443,49.0398758890155,residential
9.62313718669871,49.0396709894302,residential
9.62672659596171,49.0535930459425,residential
9.66530332111719,49.2388400702232,residential
9.64486491332665,49.2413710695358,residential
9.65363083370135,49.2473393415788,residential
9.60252440872284,49.2552643332667,residential
9.60381720950753,49.2219865586107,residential
9.5885538101382,49.2222894662452,residential
9.5831060065652,49.2281784988014,residential
9.57427921298755,49.2241238714647,residential
9.63263323133627,49.1943025320515,residential
9.62687099409913,49.2066499607295,residential
9.61839577377877,49.2078671814261,residential
9.61235422423158,49.2087360149644,residential
9.62361679646797,49.213100013789,residential
9.65526793649117,49.1905396609799,residential
9.65205645061188,49.1876957378785,residential
9.64455522622805,49.1849853958206,residential
9.64093665564488,49.2287803733347,residential
9.63664893864833,49.2190147189136,residential
9.63424091790832,49.2128144781634,residential
9.49927878248058,49.2279665669233,residential
9.73201560545644,49.1201272242381,residential
9.73350847149524,49.110712776422,residential
9.69259464024963,49.227130999364,residential
9.61660224176005,49.2217160664463,residential
8.93691289543307,48.6934890188368,residential
9.4624471399244,48.9846218404235,residential
10.3733147601778,48.7259975428327,residential
9.69916364050797,48.6960775786155,residential
9.21978765300863,49.1969399220662,residential
9.21772243089265,49.1975263130697,residential
9.71091050224394,48.6938293091881,residential
9.41741737952835,48.8657762792272,residential
8.85691859716166,48.7288405171331,residential
8.89403845904333,48.6444289722255,residential
10.043931830569,49.3778857557119,residential
10.1172995699284,49.3935801006148,residential
10.0339315635586,49.3393254803877,residential
10.0916996365444,49.347780632683,residential
9.71324538964983,48.689882436738,residential
9.70419175591214,48.6897406387131,residential
9.21509056998503,49.2516531073999,residential
9.55771996050151,49.5832487073298,residential
9.29435544325024,48.9520038557981,residential
10.3494351063461,49.0116847317502,residential
9.77432265766244,49.4867867976642,residential
9.76470763601034,49.4983616516414,residential
9.77197620300802,49.498070328793,residential
9.78401245285553,49.499788100501,residential
9.75051494062481,49.5131482579362,residential
9.79204411911273,49.5378825394639,residential
10.1164111981016,49.4477286598344,residential
9.53747257305577,49.5974671514067,residential
9.45553114597288,49.0032303848906,residential
9.38214016315836,48.9120363772826,residential
9.69293350445972,48.8555374207639,residential
9.78211465097101,48.9411832605041,residential
9.62439004942044,48.8575441163374,residential
9.68272743444611,48.8531994408817,residential
9.71355092168235,48.9105684803933,residential
9.69597523300253,48.9249959311189,residential
9.65088044133366,48.8997497954146,residential
9.64394591423336,48.8873620903254,residential
9.66619938784712,48.9022458811993,residential
9.68568797528831,48.9149858790053,residential
9.70573908323331,48.9142001585293,residential
9.71292499510333,48.8897321146108,residential
9.72450039629987,48.8968142286551,residential
9.70090921433321,48.8930606191899,residential
9.71440336820089,48.8787948180023,residential
9.73058263780103,48.8830922402568,residential
9.82409732402825,48.8964253161625,residential
9.774613693319,48.840164219622,residential
9.82007709207925,48.8632896459095,residential
9.82400814532093,48.8894384553204,residential
9.83459473425633,48.8926104164412,residential
9.81377417961657,48.882287454041,residential
9.63248068623173,49.2696683009242,residential
9.67819139518887,49.3131439404651,residential
9.66101776943829,49.3275996848649,residential
9.75817825318749,48.6985507444589,residential
9.93875646439469,48.8864177652627,residential
9.76747155410313,48.6816049251733,residential
9.76705045399821,48.6847119602187,residential
9.238881035406,49.0354865741136,residential
9.74814536009936,49.3361346532183,residential
9.62405140953777,49.116904186039,residential
9.64198880453806,49.1402290340124,residential
9.58829498039161,49.595664596044,residential
9.6603470942767,48.9589875097031,residential
9.67696606041162,48.9595856355002,residential
9.72124389413117,48.9383624015313,residential
9.73908588076991,48.9440513852676,residential
9.72640095345535,48.9205504228918,residential
9.53021271437661,48.9634589218521,residential
9.62220677177771,48.9608411959152,residential
9.6341124742257,48.9640466946588,residential
9.65728654058101,48.9607724046335,residential
10.0835901272916,48.661146565372,residential
9.4425061695489,48.9793325514231,residential
9.99998533833339,49.0980033830233,residential
9.69741919617319,48.8032628703871,residential
9.44722764476234,49.3648011342918,residential
10.2037453778244,49.1584547497164,residential
10.2228657498506,49.1445829548446,residential
10.2297246500657,49.140927646954,residential
10.091530210906,49.1562048981355,residential
10.0850525028044,49.2083948931387,residential
10.1003689538696,49.1916870213295,residential
10.1597278725681,49.1399377640287,residential
10.1178792466322,49.2351637846643,residential
10.1878130898233,49.1413208739308,residential
9.76111060929044,48.6804121873104,residential
9.75914668183836,48.6768131074762,residential
9.73993257652583,48.6744680959384,residential
9.96549090811092,49.2017995372472,residential
9.98264837779067,49.2232679494624,residential
10.383512448553,48.9450309508629,residential
10.4372634067237,48.9202827156643,residential
10.4272183008213,48.9223496177596,residential
10.4067041494547,48.9227274148619,residential
10.0113292406996,49.1759054211093,residential
10.0060104591984,49.2196461085973,residential
9.96588165955186,49.2089392611108,residential
9.31540704071888,49.0551216153591,residential
10.1292558679995,48.8152515688352,residential
9.96504714211528,49.0780827793298,residential
9.97905174777625,49.0823699960236,residential
9.21009576817086,48.7719670077892,residential
9.75238626306282,48.6749212200937,residential
9.4183944209956,49.3184180345024,residential
9.42341557286474,49.3134830923803,residential
10.4379374322574,48.676531741016,residential
9.04632632301609,49.0387571583041,residential
9.05426736721799,49.0402311420375,residential
9.65653237867647,48.8083858118715,residential
9.67169446736259,48.8200059112561,residential
9.65776817050875,48.8163037764011,residential
9.63651053458706,48.7922619308945,residential
9.5029272931314,48.7968128730659,residential
9.50919982521719,49.0007233266389,residential
9.45565364034738,49.2890813682419,residential
10.1722907333333,48.6910565666667,residential
9.57518607353337,48.9790353133485,residential
9.67483832262429,49.6104455086483,residential
9.63672181506595,49.5901342192584,residential
9.59151030468945,49.6181223058589,residential
9.67726655642722,49.6193170359055,residential
9.56804166578146,48.964536864595,residential
9.56087399976031,48.9665146264863,residential
9.61953672693192,48.9718541404851,residential
9.65551859805304,48.9765224453952,residential
9.67385472589258,48.9816177273164,residential
9.70981906118492,48.9488450264756,residential
9.7116783770463,48.9530212464668,residential
9.71523686879229,48.9405823334365,residential
9.71739302032735,48.9445128897841,residential
9.73356942472605,48.9618763861414,residential
9.73662797114997,48.9490653918635,residential
9.73640387074762,48.9550283958164,residential
10.2726382192006,48.7795989173927,residential
9.58483042337584,48.9489020497449,residential
9.59356553270885,48.9754434768962,residential
9.8929609096088,48.6911872543854,residential
9.8759520559744,48.6749491732194,residential
9.9102576082753,48.6648514414358,residential
9.95388381450051,48.7132647118477,residential
9.88565833164699,48.7079812699827,residential
9.82335318339233,48.7121738186213,residential
9.79628410296099,48.7083849785111,residential
9.87939029736376,48.7267820768974,residential
9.25601309196587,48.9272004045337,residential
9.82514697178017,48.7018511189879,residential
9.29782798156499,48.857371754501,residential
9.25555367726376,49.051781779791,residential
9.37512819009997,48.9702170805774,residential
9.32323270705276,48.9728261282159,residential
9.31737660381658,48.9730318052709,residential
9.1622476054475,49.0676009973319,residential
8.92776847668009,48.7595972496224,residential
9.43532386126283,49.0823232363524,residential
9.4396882094707,49.0862342411002,residential
9.55609576281299,49.0975605044524,residential
9.57735973241299,49.0993994218189,residential
9.55723067571219,49.0923059279272,residential
9.1454234064957,48.703960000408,residential
9.10760340603097,49.0638009847922,residential
9.39658848104947,49.1200522882504,residential
9.52665167447907,48.56983697847,residential
9.52425578554557,48.5626556219394,residential
9.44928201827873,49.1646887323024,residential
10.4578709701942,48.8410866830658,residential
10.081089123528,49.295209660397,residential
9.42788418431223,49.0812943058999,residential
9.80998368443564,48.7302608092683,residential
9.56333093692948,49.2870639369452,residential
9.22122247818401,49.0670222405188,residential
9.51082522339868,48.9226653849225,residential
9.83088904373558,49.4048258407532,residential
9.38425689221245,49.1370744312437,residential
9.81005758776597,49.264670178144,residential
9.81664435259684,49.2302879185969,residential
9.79671968129281,49.2214926804789,residential
9.52606403390181,48.9100124046867,residential
9.4563210186984,49.2536848925314,residential
9.83152255849065,49.2050282240718,residential
9.82511521244764,49.1674275670989,residential
9.79246884127587,49.1206986607302,residential
9.80760579501639,49.1415078531948,residential
9.91721585001713,49.2072029923769,residential
9.91392091346659,49.3528999590907,residential
10.0724577503816,49.242226077999,residential
9.64660221498128,48.973391994987,residential
10.0646972667674,49.4782880377325,residential
10.1152613689093,49.4938306902411,residential
10.0903695477188,49.4972530692022,residential
10.0597238456478,49.5034913381947,residential
10.0697683411545,49.514960181041,residential
10.0637180453299,49.1895353062317,residential
10.0671466523174,49.2124668944791,residential
9.7951358224509,49.1509197582327,residential
9.82347239274162,49.1606063090634,residential
9.7892300376516,49.1367420127215,residential
9.76354061437464,49.1397098095628,residential
9.59879990274148,49.2394944730838,residential
9.7869573335835,48.6939760397635,residential
10.1216232053367,49.1252440620014,residential
10.1101897479055,49.1175238606662,residential
9.40933316932631,49.0982120295965,residential
9.30943371040673,48.9790488816369,residential
9.41343523509156,49.0927093434753,residential
9.21299449712917,48.7462553070033,residential
9.26718646472097,49.1324784194884,residential
8.9649037062841,49.1458489857077,residential
8.98224007821466,48.7195069124585,residential
9.39957115556778,49.1070658137593,residential
9.40579097951679,49.1048251844012,residential
9.40795891337925,49.1151851847113,residential
9.85062224521062,48.6055266369937,residential
9.33020391419142,49.7474768882865,residential
9.61423706880329,49.7955503290443,residential
9.62291095887932,49.7921685613887,residential
9.67860623977153,49.3630112263553,residential
9.68764717003342,49.4271304145315,residential
9.67151496955997,49.3888632643439,residential
9.69551733947062,49.3722547583355,residential
9.73232917823561,49.3610712621575,residential
9.69236844059215,49.399592082931,residential
9.63928928419302,49.3772419321763,residential
9.63502868424141,49.3912232142358,residential
9.60056174638575,49.3595820955165,residential
9.18589406498752,49.1634240226515,residential
9.70004189119299,49.0739587259883,residential
9.51678773113001,48.9559683311386,residential
9.55463381803981,48.9473729746675,residential
9.75082149509417,49.4450016197337,residential
9.40099078568308,48.8734792919453,residential
9.3932312101842,48.8735152864105,residential
10.0517865677443,49.2785065070016,residential
10.0606099782896,49.3229579253306,residential
10.0680127393307,49.3129580231,residential
10.0642408733951,49.3355843040247,residential
9.54845098281452,49.1214125041015,residential
9.72596545416208,48.982811132186,residential
9.40109039723238,49.7447557220288,residential
9.10107864516289,49.1517889912971,residential
9.98254491500291,49.2760996502484,residential
9.8924978363267,49.2471789071302,residential
9.92832663343461,49.2741348151966,residential
9.5680855008928,48.9842197763421,residential
9.66562847263108,48.9807982689578,residential
9.61569795727035,48.9741949539701,residential
9.6045255221479,48.9735670323298,residential
9.90829444697368,49.2340976907494,residential
9.93124228215432,49.2337048620075,residential
9.94566805371809,49.2169265238449,residential
9.73736523190039,48.9812579500451,residential
9.09870317866061,49.1495257872014,residential
9.67701937218734,48.9841821681009,residential
9.44115034302222,49.2342636276855,residential
9.44057078906367,49.2379277072822,residential
9.24069856791211,48.9467749297966,residential
9.27652593355524,49.0542936981594,residential
10.0566904110085,48.8722670904128,residential
10.0699455657009,48.8633841287255,residential
10.0500794504652,48.856461431605,residential
9.82170523715977,48.7666406929573,residential
9.38222042320164,49.7802098463936,residential
10.0300855119529,49.3417534454855,residential
9.46659343912699,49.3053033876681,residential
10.0355300786309,49.1148204001315,residential
10.100569362868,49.0996030440567,residential
9.95646005461757,49.0995868820699,residential
9.95342040701534,49.1023441047437,residential
10.0320452937008,49.0818901966544,residential
10.022878716469,49.1395708473755,residential
10.0361061305169,49.1388306635088,residential
9.97481849786898,49.0931479377157,residential
9.22130015123884,49.053619325116,residential
9.79357858715388,49.334395442523,residential
9.76896595309239,49.3344701142751,residential
9.76502193606639,49.3453534831142,residential
10.2038464473041,49.1713295665259,residential
9.40618409052193,49.7839164540377,residential
9.86636427402292,49.205676364834,residential
9.25899992350384,49.2393196959536,residential
9.42883242803049,49.7920051647662,residential
9.75762000634506,49.2014383320275,residential
9.70441609165632,49.3003610103979,residential
10.1542056160976,49.181874902929,residential
10.1437945410867,49.176880416662,residential
10.141735870321,49.1650421370124,residential
10.1433192814247,49.1691979457732,residential
10.1712010246417,49.1695468926433,residential
10.1869784613256,49.1626856999808,residential
10.17094818459,49.1493101662305,residential
9.93658077608841,49.5002896057539,residential
10.2347828787979,49.1407530720822,residential
10.2141125813628,49.1180477487208,residential
10.2331867763807,49.124042884033,residential
9.58515798467566,49.3722035156657,residential
10.0434645551579,49.1073135496833,residential
9.20235853904263,49.0950315781586,residential
9.20359441149632,49.0932715840923,residential
10.0850099859104,49.3751561004406,residential
10.091695733363,49.3901986552939,residential
10.1067468275453,49.3668267293912,residential
10.1046441181203,49.3726924461455,residential
10.087218997791,49.3759815091746,residential
10.095726954806,49.3880774213866,residential
10.0695232634528,49.3614405829433,residential
10.0909076026641,49.3642087273281,residential
10.0704456570468,49.3854416242099,residential
10.100269421346,49.3806243695749,residential
10.0830223515252,49.35228372591,residential
9.67440623725696,49.3286444707537,residential
9.66971607772257,49.3350247860727,residential
9.78566848215575,48.8055926695569,residential
9.78150165338039,48.7296198914067,residential
9.81433519485698,48.7483882674373,residential
9.77626471750763,49.4944077434829,residential
10.1185481436213,49.1561166835019,residential
10.1271485854757,49.1552638251023,residential
10.1253529889779,49.1563631398828,residential
10.1412444467203,49.1023174763635,residential
10.1802114375072,49.111877412087,residential
10.1466943682624,49.1143964809701,residential
10.1560843692775,49.114275900599,residential
10.1541655064966,49.106827789321,residential
10.1808661942853,49.0977513711993,residential
10.1784872683266,49.1037718220634,residential
9.44442085036256,49.7831927704351,residential
9.23945646675777,49.1863238292527,residential
9.87601808326523,48.7676482038478,residential
9.64811734747118,48.719266054294,residential
9.69159026998584,48.7014537555141,residential
10.0425645257056,49.3898717087874,residential
10.0316798859379,49.4032405929841,residential
10.0294611459545,49.4116574509882,residential
10.0691898384237,49.415460906243,residential
10.0690245533666,49.4140860423601,residential
10.0697459746558,49.4110430583807,residential
10.0503683334701,49.1452013012032,residential
9.24501314304743,49.1885013795154,residential
9.25032043801653,49.1862552487386,residential
9.24811743816545,49.1885398416683,residential
9.2482397477911,49.1878905016969,residential
10.0766789285297,49.3482550982993,residential
10.0548765928588,49.3482093625126,residential
9.55572096722417,49.2140970254416,residential
10.055016941599,49.1398243494994,residential
10.3303265696509,48.8932561379589,residential
9.75391475948027,48.7440185538318,residential
9.75590975020669,48.743612498675,residential
9.29042780976361,49.1598180907127,residential
9.79323822324877,48.718945354225,residential
9.92745764065889,48.7556131775543,residential
9.94268090181802,48.7521224249601,residential
9.75690166401057,48.8968421945203,residential
9.50414094992253,49.766045264867,residential
9.27576708353641,48.7894092984563,residential
9.27352331499825,48.7890551353469,residential
10.08917688365,49.3290883380789,residential
9.92027382551653,49.3148853288819,residential
9.5350784508109,49.2271031579738,residential
10.3710553861026,48.9117851177513,residential
9.69498704439804,48.7839569459462,residential
9.87369523435057,49.3223037885074,residential
9.87059850506469,49.3196796779447,residential
10.1260653676962,49.1065444170065,residential
9.65738502179662,48.8146353297663,residential
9.14017215393577,49.0599546459277,residential
10.4367860185021,48.8901286004152,residential
10.0259542680553,48.9137313911944,residential
10.0373986545719,48.9144737504758,residential
9.8549598847557,49.6362355904993,residential
9.85590977736378,49.6375867533816,residential
10.1206617363463,48.6543636803857,residential
9.95863992558307,49.2361325477109,residential
9.18543915913669,49.1874524344264,residential
9.82261223834836,48.6988247389437,residential
10.2568128601018,48.5100548380424,residential
10.2463395449726,48.5071938442686,residential
10.2049677509924,48.5530072761378,residential
10.1735499700993,48.566588070799,residential
10.1315135128111,49.3173445030035,residential
9.26379545279739,48.7965856125873,residential
9.4892106353598,49.2000795891633,residential
9.26509597055785,49.1021276996425,residential
9.49854682157162,49.1974978571281,residential
9.49995246101068,49.1989426509063,residential
9.82962051860006,49.6732003120469,residential
9.90311932697701,48.7336214184929,residential
9.50681074336536,49.1933148390885,residential
9.52966645735836,49.2009439317219,residential
9.5074084663528,49.2005506019899,residential
9.52506625835206,49.1960421168098,residential
9.52762077611054,49.1991570432453,residential
9.53274655815583,49.1983757203745,residential
9.53337297074426,49.1963769064404,residential
9.99162425024975,48.8555970869733,residential
9.99245174822047,48.8672895582192,residential
9.05107191487676,49.0368587652245,residential
9.82863946970364,48.8084937436593,residential
9.66855447948352,48.5585961354189,residential
9.84041185330865,48.7348401034766,residential
10.2613882893382,48.9438387065411,residential
10.2905941543423,48.9305014463038,residential
10.342988923211,48.9184647571096,residential
9.1910999592433,49.051720828665,residential
8.91004324416177,48.6814491110496,residential
9.148894595753,48.7098232930148,residential
10.2000983031426,48.9244364063992,residential
8.8558486094227,49.1395138086223,residential
8.94157267908754,49.1713883574464,residential
9.76161477660394,48.774391574555,residential
9.8945027484569,48.8098021145682,residential
9.1891740602062,49.0913813902769,residential
9.10617472403145,49.2561742461963,residential
9.11551255865363,49.2486570154137,residential
9.83917828222054,48.7476275877258,residential
9.83989073423704,48.7446781443152,residential
9.22072919782852,49.1554435606821,residential
9.23727925995133,49.0535032338196,residential
9.63445894051204,48.8403221037203,residential
9.64274848723254,48.8394556724186,residential
9.22751654602052,49.1693953844509,residential
9.22655956801272,49.167295899991,residential
9.22941604038729,49.1544023858459,residential
9.47165994484486,49.2099634196274,residential
9.47593630939159,49.2110419592712,residential
9.9629420159973,48.8779948600264,residential
9.9839022105157,48.8778114567051,residential
9.96301602038467,48.738454785519,residential
9.92204129958211,49.1446183268199,residential
9.98210761221024,49.0725949162557,residential
9.62163053857764,49.4350510835376,residential
9.54023427449546,49.2664047263586,residential
10.4388789444488,48.8362078312215,residential
10.440704475984,48.8368366855676,residential
9.71843940259442,49.1189093234001,residential
9.72484188632743,49.1178202701335,residential
10.0291190841288,49.3165343084464,residential
10.0645467811731,49.4083046228484,residential
10.0522008048119,49.4138724631783,residential
10.0472835547765,49.4117817285738,residential
10.0501106311513,49.4128065773228,residential
10.0574608762071,49.4075964932797,residential
9.65625880303958,49.5922562463364,residential
9.18114095925475,49.0950833339523,residential
10.0386185497657,49.3637670359075,residential
10.041914528238,49.3633166621198,residential
10.0043964457894,49.3612054633836,residential
10.0477405558214,49.3605928974549,residential
10.0069317980843,49.3599773423229,residential
10.0123998726884,49.3641738268833,residential
9.99113767466426,49.3665274633905,residential
10.023307983149,49.3750377710149,residential
9.99577467309513,49.378837366266,residential
9.96988393088136,49.3542123197311,residential
9.94229348324631,49.3797390044587,residential
9.94741177992611,49.3768583575797,residential
9.9722901167188,49.3816801835269,residential
9.96979530045802,49.3775149980299,residential
9.15923835495327,48.9900911080697,residential
9.13520598051395,48.9974216376161,residential
9.14138112619324,49.0016635785072,residential
9.15271720372809,49.004349098731,residential
9.15834808898516,48.9969737611349,residential
9.13938608292241,48.9970086139224,residential
9.15082348457823,48.9950450049551,residential
9.23544522468396,49.0544140685605,residential
10.0424210469851,49.3281962841667,residential
10.0264022243549,49.3254600542423,residential
10.0220712886671,49.3250691606915,residential
10.104010680899,49.3073432522645,residential
10.0834547202101,49.2981051288221,residential
10.1074642706925,49.2907081024289,residential
9.82934441912458,48.9325527000087,residential
10.4395271644127,48.9519473795526,residential
10.1500318775459,49.2768830350882,residential
10.1441767295413,49.2714802722878,residential
10.1533748416859,49.2762113393377,residential
10.2749677308385,48.6276558980958,residential
10.2324360121179,48.583532797736,residential
10.1836866593687,48.5991645465526,residential
10.2030027426269,48.5943954281047,residential
10.2062960190682,48.5731780501024,residential
10.3256981454022,48.6736703963307,residential
10.1090570967679,49.2512076707812,residential
9.12275603376397,49.179886139137,residential
9.85059817900486,48.9286568795622,residential
9.86105332909032,48.9125007744216,residential
10.1410721592997,49.2760475394144,residential
10.1256993908322,49.2394124942653,residential
10.1380578810105,49.2777161421065,residential
10.1409206636094,49.2740491193431,residential
9.18167774619337,49.1866369292329,residential
9.83416235139893,48.9451893819037,residential
9.84319179256886,48.9385316529341,residential
9.14696356328908,49.1592551261451,residential
9.30566355976331,49.0392200965651,residential
9.30598103874481,49.0363531837115,residential
9.23588408451246,49.130525170973,residential
9.55411212932126,49.346146912363,residential
9.562632267479,49.3430184257586,residential
9.40150274750657,49.2647725006098,residential
9.52654479355419,49.3059784701551,residential
9.45958277682023,49.2957253427374,residential
9.46374250178959,49.2951480978117,residential
9.18233657451143,48.7593849038461,residential
9.24375636065499,49.1445228946753,residential
9.68214179914107,48.783277698095,residential
10.0832921149776,49.456526643246,residential
10.1299003112945,49.2301166058802,residential
9.99737848980167,49.4450273449064,residential
10.3061773323042,48.6130503004786,residential
9.09705224519731,49.1490295491894,residential
9.99682794230852,49.4749286446057,residential
10.3622775532095,49.023610866392,residential
10.3537181794364,49.0196215644742,residential
10.2551552718332,48.5932743229153,residential
10.2735919068702,48.5730639331581,residential
10.3192924904072,48.5683799928723,residential
10.3134739755523,48.5464573589808,residential
10.2339825514256,48.6289836344189,residential
10.2284259563692,48.6166516445693,residential
10.4535535707036,48.7126940450445,residential
10.3948821849651,48.7587781711678,residential
9.72409952796758,49.4038069750032,residential
10.0168327036292,48.6829205987262,residential
10.141758872139,49.188041531671,residential
10.1218835872395,49.2028961449073,residential
10.133488182797,49.1931899023223,residential
10.1534753322475,48.6190551455332,residential
10.0765293153713,48.6223658398396,residential
9.99993157451165,48.7012917980185,residential
10.0083586297204,48.6637698241327,residential
9.11796607061445,49.1484031272129,residential
9.11956801140425,49.1466429345615,residential
9.1409116002495,49.1768798888091,residential
9.19683456109723,49.0859242470018,residential
9.24184145319522,49.0349744094705,residential
9.91234160979572,49.1920842236651,residential
9.942998008285,49.1726177737755,residential
9.95469571161843,49.1744968350505,residential
9.96812334815631,48.8921488922789,residential
9.17808368654763,49.0959165290705,residential
9.17956857586745,49.0972750868541,residential
9.91657754120321,49.2128287284059,residential
9.90241417637881,49.2267958920768,residential
9.93226021407659,49.2393238569594,residential
9.90211650131354,49.2230920072241,residential
9.82664690289693,49.4077916140677,residential
8.89776800487124,49.0738450327177,residential
8.89508917448796,49.063644478106,residential
9.59396859014431,49.6918428562037,residential
9.60058416229713,49.6925267584368,residential
9.6540304633174,49.7038966520106,residential
8.95070014402811,49.0586704965896,residential
9.99792450434957,49.2081278717905,residential
10.0065548401422,49.199172218665,residential
9.58909552473112,49.6600235493628,residential
10.0267379486107,49.1885522008339,residential
10.0133064470857,49.3811934109595,residential
10.0144102391255,49.383650835678,residential
10.0097098411873,49.3880352258563,residential
10.0151357534034,49.3862383642572,residential
9.92380933670906,49.3285467453887,residential
9.94034014900171,49.3342948330461,residential
9.88917492938798,49.3268451753424,residential
9.90734277466937,49.3398661959217,residential
9.92985041768744,49.3206171291389,residential
9.80900190193569,49.2748731849139,residential
9.85456308637634,49.2535127396017,residential
9.83758423822181,49.2642552900904,residential
9.83951928783116,49.2673484777712,residential
9.84969138496678,49.2454674632431,residential
9.86472923809993,49.229556723237,residential
9.8615961161568,49.2273094144307,residential
9.86533858548324,49.2580541688814,residential
9.06750627090106,49.1395786713734,residential
9.93756920748585,49.28734807044,residential
9.95116574725245,49.2895973508589,residential
10.0693917194066,48.5769466068761,residential
9.57747837796225,49.699207026778,residential
10.0152074534504,49.2991136002151,residential
9.4379462265552,49.3446168903891,residential
9.4433775253882,49.347602362891,residential
10.1378959470763,48.7318167087119,residential
9.42314425696066,49.3549161048349,residential
10.0632113408813,49.3025338403685,residential
10.0951127237009,49.2269024683153,residential
10.0881798825444,49.2327526432583,residential
9.84263713873129,48.6991801425912,residential
9.80060361661067,48.6858703801677,residential
9.88718764347058,49.4284743964106,residential
9.70656452349203,49.5027925203626,residential
9.34404951238606,49.0543086777112,residential
9.14451209185565,49.2905664711017,residential
9.17366591743921,49.3081448109232,residential
9.48967741294046,49.2702019154036,residential
9.45447213478395,49.226350131209,residential
9.43758997986233,49.2626973083715,residential
9.31710582309324,49.3400175315783,residential
9.32801615847676,49.3280049107943,residential
9.31781953979448,48.7383910221813,residential
9.3798450887287,49.3529408140231,residential
9.26803544323653,49.0692071545196,residential
9.77725974082255,48.7975667039219,residential
9.50737390607212,49.1104508091784,residential
9.50404625676607,49.1074166429446,residential
9.51157858000615,49.1092736993101,residential
9.10230720865326,49.2020302254279,residential
9.4412360321536,48.8569533732599,residential
9.40340682986227,49.1821557549608,residential
9.39090103575067,49.1924252058352,residential
9.02686661464594,49.2752133892744,residential
8.93418699056292,48.8085036325675,residential
9.295409217536,49.155683095598,residential
10.3650500460236,48.9482538308179,residential
10.4223417049753,48.9430164056256,residential
9.47549807675668,49.311504682803,residential
9.41703641288483,49.116730334252,residential
9.87513295403948,48.5799534887628,residential
9.86691797039435,48.5824116647947,residential
9.86608422809666,48.577832365618,residential
9.22578049901255,49.1018170167221,residential
9.45251022324364,49.29536956921,residential
9.47352129388712,49.3047525370334,residential
9.49877450502142,49.3016621908659,residential
9.30728822084189,49.0404533742289,residential
10.0336524513559,49.501275120695,residential
9.18243880757418,49.1317925332314,residential
9.60547739137366,49.7442678894053,residential
9.87262883747342,48.9717159809766,residential
9.87509368053123,48.9696519275898,residential
9.86940537637082,48.9708577377668,residential
9.9009611620134,48.9850108162562,residential
9.9013162575376,48.985686720342,residential
9.89595007281016,48.9856414488529,residential
10.1529646003226,49.0482446959618,residential
10.1528437774,49.0504651915608,residential
10.1590882638739,49.0478608707515,residential
10.154140882208,49.0494659529402,residential
9.30627411404641,49.3144774072142,residential
8.75429062719507,48.5407041466643,residential
9.45119815585872,49.3892782506639,residential
9.26935015840886,49.1565936923105,residential
10.0355315471929,48.8543489448661,residential
9.48041497582286,49.2109861374258,residential
9.48253213959381,49.2099392692241,residential
9.29735346248961,49.1474642830268,residential
9.21765179057976,49.315062993621,residential
9.21511660291019,49.3198982950702,residential
9.29600481514654,49.159135009748,residential
9.29404425631485,49.1606604507971,residential
9.16512979437374,48.8224361372358,residential
9.68466486412284,48.6200198853298,residential
9.34135965646924,49.2847437974549,residential
10.1140818428122,49.393317287979,residential
10.0007455602913,48.9626304445108,residential
9.91294079326715,49.3996972148707,residential
9.91895009169994,49.364708380202,residential
9.62145194846,48.9374598830195,residential
9.53214956443081,48.942698119588,residential
9.63749385060617,48.9415924070755,residential
9.62624621901193,48.937067466494,residential
9.59791774406133,48.9456093349871,residential
9.07041775119708,48.9692005463925,residential
9.05869502760507,48.9645298310989,residential
9.97255362662295,48.7480892180652,residential
9.67972710848917,48.6099290427087,residential
9.728377262177,49.5508693568731,residential
10.007896543659,48.8796342160334,residential
10.2474149989116,49.1169209161505,residential
10.2043008340185,49.1051627832293,residential
10.205910593165,49.1133194058379,residential
9.14929248093232,49.0119570188508,residential
9.13132594601163,49.2156790880627,residential
8.94597445483645,48.7814340703865,residential
9.73420831730052,49.5474054007006,residential
9.55935550499958,49.0550341330934,residential
9.61524971519146,49.0586935696824,residential
9.60323373517063,49.0351310239168,residential
9.58479694122608,49.0073328992743,residential
10.0876789166518,49.1917538645363,residential
9.55224284212543,49.0559948414752,residential
9.55983087390653,49.0723400756992,residential
9.66037438628533,48.738337142177,residential
9.64517846356405,48.7373302970167,residential
9.47969442337555,49.0957907576902,residential
9.48625909740244,49.1066135853769,residential
9.01523220650489,48.9591978324411,residential
9.25985359053276,48.6292414128841,residential
10.3829369580214,49.0049453097744,residential
9.30348544732444,48.5658661255681,residential
10.3086989325195,48.9856966245828,residential
10.2999029314275,48.9547642919534,residential
9.67484882484226,49.0151233255848,residential
9.67074374342765,49.0180058589203,residential
9.68700587430075,49.0014448109711,residential
9.35499101325917,49.325703324059,residential
9.14419292247167,48.7736392748024,residential
9.48701681593217,49.3660145257319,residential
9.16935496395943,49.229846746357,residential
9.46145082757405,49.0964604208969,residential
9.45699607060134,49.093390498889,residential
9.48599281859144,48.5140764401458,residential
9.75920294567091,48.626540299832,residential
9.73638753542201,48.6157637963904,residential
9.79912398567884,48.5998401016139,residential
9.76474381472263,48.5857021192557,residential
9.76425248466709,48.607419181791,residential
9.72153467252529,48.5975693449345,residential
9.69991306918464,48.587072170805,residential
9.3609741674112,48.592296109878,residential
9.37012470889503,48.5808204849132,residential
9.34696250260416,48.5909547456064,residential
9.32996515620495,48.6114148724981,residential
9.35355137070577,48.5929791862805,residential
9.35421196512624,48.5897621749022,residential
9.34011842488284,48.6048114735622,residential
9.41829121456021,48.9080502853422,residential
9.74654481739589,48.6865423342953,residential
9.67945743604248,48.5567498167774,residential
9.73486698605771,48.6873071611614,residential
9.7318137898287,48.5873537202265,residential
9.58482117198861,48.5958374185079,residential
9.75169317711635,48.682096367944,residential
10.0416780700068,48.9948015203325,residential
9.35415557649156,48.7389251631212,residential
9.83073732039282,49.150746714617,residential
9.87048668091975,49.1732238910048,residential
9.85461433655859,49.1800563187141,residential
9.9906625301253,48.9805334136698,residential
9.99207887415363,48.9842185816238,residential
10.022625459041,48.9754935263873,residential
9.99739521706575,48.973092283013,residential
9.99191366566878,48.9781224792878,residential
9.65366426231815,48.9761127803705,residential
9.6515805567055,48.9756552084895,residential
9.35465836641612,49.3152497957098,residential
9.34253094929659,49.0048953124425,residential
9.36740568163755,48.9911580279561,residential
10.444179313539,48.8291233125876,residential
8.95388447422912,48.7447317659529,residential
9.34770071361114,48.9952656561175,residential
9.37189905194207,49.0036069302035,residential
10.3521581349372,48.8895304351107,residential
10.3830634143555,48.8908194823439,residential
10.3991518301974,48.8637603647225,residential
10.3838180265782,48.8639794025637,residential
10.3163983778647,48.8972901067284,residential
9.19000633615427,48.8259628394637,residential
10.3869125244666,48.9319660827999,residential
10.055736476976,48.7292069419821,residential
9.49964004271279,48.8651407953273,residential
9.53071240761863,48.5711364713055,residential
10.1065328623395,49.5084004516425,residential
10.1042662914958,49.5017319427361,residential
10.097612335118,49.501536483536,residential
10.220908732222,49.1078922878301,residential
10.395478854205,48.8262406135678,residential
9.26966401901541,48.7660333326896,residential
9.37301909724437,49.278263491867,residential
9.70472948761102,48.8737757482043,residential
9.74507073516755,49.1423941234184,residential
9.48421914412805,48.6403334133507,residential
9.45959226690468,48.6414223720172,residential
9.82619589499588,48.6702880987817,residential
9.72947007823,49.5464196330879,residential
9.59847044620654,48.641547685191,residential
9.9574224861051,49.1571732236745,residential
9.31801131392382,48.725919548883,residential
9.931290287353,49.1311754634004,residential
9.96617018401791,49.1426178054522,residential
9.99495022282745,49.1425533272734,residential
9.51713215898188,49.292422862083,residential
9.73386807443043,48.7079754944798,residential
9.15590950056934,48.811040881487,residential
9.15641019102026,48.8102260183248,residential
9.77306436489238,49.2679155839079,residential
9.77775909277112,49.2726936046885,residential
9.78704865647613,49.2615149434993,residential
9.77290113959005,49.2458735192883,residential
9.77932574745684,49.249164178482,residential
9.78499717096656,49.2529308811014,residential
9.78678188395415,49.2522045400427,residential
9.79097795139826,49.2529047758623,residential
9.77343981728577,49.2340331917119,residential
9.79312296059469,49.199482466916,residential
9.4761293674466,48.7087699776465,residential
9.99000079720398,49.4123549130446,residential
10.2077136161898,49.0252055203622,residential
9.23013397927221,48.6694743740374,residential
10.4413107386774,48.9021852088002,residential
9.47136892401006,48.7042982883218,residential
9.13728040339625,48.7707596049888,residential
9.15245576093707,48.7853065030212,residential
9.15991253246884,48.7940368770674,residential
9.86619297891115,48.8159554906536,residential
9.87743836174832,48.8136050017548,residential
9.86836240963053,48.8130871473328,residential
9.58619865865219,49.103368893112,residential
9.42389780683092,48.7053802625658,residential
9.96739726795258,48.9034130853168,residential
9.96293202345514,48.906429973228,residential
9.97105030100454,48.9505927719365,residential
9.93458824172262,49.1283051913808,residential
9.91406685794391,49.1258643596074,residential
9.99550194713271,48.9882245945049,residential
9.51114553315596,49.1017531319977,residential
9.52503414965202,49.1037995816462,residential
9.52083125499941,49.1029759735522,residential
9.48838284968802,49.1006980865841,residential
9.49150757702666,49.1008546362808,residential
9.49534853920409,49.1016593469395,residential
9.50033965300964,49.1227766550885,residential
9.49494505507473,49.1242254027521,residential
9.51998918098447,49.1192838744923,residential
9.5547674186168,49.1217505214146,residential
9.5380838230302,49.1174262084081,residential
9.54129823620714,49.1175998061567,residential
9.55642834049061,49.1173314714171,residential
9.5587676662812,49.1145150464886,residential
9.5262588031421,49.0998644636167,residential
9.52328531066313,49.0999233959096,residential
9.17446949981181,49.1382885367648,residential
10.0279802971346,48.9518862477248,residential
10.0255527424648,48.9600395122556,residential
9.44579772053285,48.907535864147,residential
9.28178456079188,49.0891871770242,residential
9.26107254810196,48.8662389443586,residential
9.51068562666589,49.1982409252651,residential
9.20402082092006,48.7701437297347,residential
10.1638245679782,49.0001788045129,residential
9.51103721648426,48.8596029477497,residential
9.4879792576578,48.8661705413747,residential
9.11884953555022,48.6310153305244,residential
9.12053994617989,48.6324074786683,residential
10.1287470908711,49.0167785844875,residential
9.14857970935827,49.1098704563305,residential
10.1183781269665,48.9824390970834,residential
10.1735357682303,48.9871620849202,residential
9.3590943866113,48.9320163311505,residential
10.2329779778389,48.9552382584969,residential
9.202379314935,48.786025458714,residential
9.8286405922695,49.2996342379604,residential
9.24632626730278,49.0550218961326,residential
9.22894432537714,48.8231893533412,residential
9.99001287527768,48.8186715107584,residential
9.33846645905519,48.7458999975075,residential
9.46876939229364,49.3093788913493,residential
9.9757808125303,49.3210178722779,residential
9.96885251583753,49.3217026728397,residential
9.59195107210176,49.4071390348379,residential
9.58939785339115,49.4284164436483,residential
9.81033611402627,48.697768530695,residential
9.61238126307683,49.410961187617,residential
9.65989552575928,49.4091701455185,residential
9.18242185541938,49.1400089635551,residential
9.98924832674039,49.3177377427643,residential
9.98772596040038,49.3156490220411,residential
9.27060232417321,49.0287710767053,residential
9.22294353794121,48.7990414783535,residential
10.0431592292195,48.9506779216708,residential
9.8882504871017,49.0971439477785,residential
9.8881648312785,49.0930333291344,residential
9.16286383114624,48.7684124782825,residential
9.15176500304262,48.7658531520711,residential
9.14658440670529,48.7631667664261,residential
9.14403868779359,48.7696597568096,residential
9.07112731044632,48.9663774180924,residential
9.94904599356167,48.8702808576098,residential
9.92979295505523,48.8444650303009,residential
10.0038684658878,49.3234999931479,residential
9.67196542284024,49.6489508944826,residential
9.44525914970923,49.3127334293821,residential
9.8796742502745,49.233525457549,residential
9.40953421348857,48.6676932370956,residential
9.02146879406211,48.993807742366,residential
10.1202000244326,48.8872905406441,residential
9.57120693510598,49.1891275038683,residential
9.86908339459826,48.7559810362541,residential
10.3921813071701,48.7059007480987,residential
9.61825134630503,49.2359055398497,residential
9.61070617246448,49.2288585065381,residential
9.60975326711211,49.2366215667554,residential
8.97286427055465,49.048851610739,residential
9.16866873157644,49.2283935782913,residential
9.16787121341285,49.0671014200793,residential
10.2835146255289,49.0238518305224,residential
9.4838395150495,49.3515230759203,residential
10.1295022968925,49.1712173397961,residential
9.46197405409458,49.309396649992,residential
9.55117737640306,49.3858310418595,residential
9.28065695866115,49.0608751304467,residential
9.90836585737189,48.6760864768813,residential
10.0994800880888,48.6818853777771,residential
9.06257196106508,49.0691364160869,residential
9.09242147713958,48.6062307109457,residential
10.1306072742215,48.676988135608,residential
10.1347962201573,48.6843396103504,residential
10.1472730661326,48.6902066886197,residential
10.1659482129276,48.665821612023,residential
10.1420589626055,48.6981903317208,residential
8.92792719285054,49.0574871168042,residential
9.7270036908759,49.4482597817513,residential
9.79085321048593,49.4459853215643,residential
9.89963563248722,49.4792118862174,residential
9.17514433871184,48.8123828526091,residential
9.37151659371031,49.100713574452,residential
9.17850946666667,48.8796322,residential
9.39165074740424,49.1050842466738,residential
9.08063762215083,48.9443960940254,residential
10.3662007196955,48.8532146750562,residential
9.87996181583428,49.5986063471726,residential
9.28397499271888,49.0067161287175,residential
9.28592540260165,49.0076326162736,residential
9.72660411231033,49.0060801429652,residential
9.90273758631338,48.9336062291082,residential
9.90035464998165,48.9333835322969,residential
9.91172282090127,48.9459716870239,residential
9.91319204534821,48.9215439002225,residential
9.88749487249845,48.9402045463042,residential
9.92373124067055,48.9214768344629,residential
9.91469850836492,48.9172662036291,residential
9.91145812725395,48.944418588888,residential
9.90651992647444,48.943465548638,residential
9.79891631870353,48.9846812506925,residential
9.80877796090263,48.9793958568013,residential
9.56683951473105,48.8724707768218,residential
9.57213534138591,48.883850296288,residential
9.915124656166,48.850434999423,residential
10.2154521002542,49.0140735908915,residential
10.0007071424927,48.9860077799119,residential
8.9736171518317,48.9516714243521,residential
9.07503876547639,49.0769522920664,residential
9.73423379965926,48.7231790605515,residential
10.2505461840275,49.0261950868911,residential
10.2232285426834,49.0315815021122,residential
10.2112418167123,49.0240362932829,residential
10.2153584098903,49.0268025651872,residential
10.2177188546435,49.0306618381651,residential
10.2187990788604,49.0342827200891,residential
10.2284662419492,49.0334175203929,residential
10.2722335717156,49.0342405626073,residential
10.2733662218231,48.9906980974612,residential
10.2647381432216,49.0045798418281,residential
10.245195548952,48.9972109861143,residential
10.2375427400104,48.9944824667006,residential
10.2199314202379,48.9850925973912,residential
10.2470940469534,48.9886765704061,residential
10.2189082662907,48.975835096088,residential
10.2298219452676,48.9762052619992,residential
10.2212945536181,48.9739597416963,residential
9.83835344971026,48.5912388275683,residential
10.2542479412993,48.9794946228496,residential
9.87402380444164,49.1882852165434,residential
9.87562441882967,49.1809091443102,residential
10.0213043555605,48.7564347373426,residential
10.2356445653905,49.0325315055625,residential
10.2284516667213,49.0724706362255,residential
10.2370922022378,49.0855046058702,residential
10.2681257900949,49.0547658274957,residential
10.0351154063957,49.2457777337079,residential
10.2190137591492,49.0947488807895,residential
10.2094248812351,49.0713729570323,residential
10.2217377520735,49.0837413275941,residential
10.2323002403855,49.0589300487944,residential
10.2236721000392,49.0568979665933,residential
10.1856540185642,49.0693145369831,residential
10.1796704666924,49.0677225429768,residential
10.1797160846807,49.0745913061081,residential
10.2051572153871,48.9932210235616,residential
10.1365346095705,49.0286939830189,residential
10.1694027246869,48.9735117986566,residential
10.2019600487514,48.9751990000598,residential
9.74111677940397,48.9969974072264,residential
10.1914146702704,48.9890669635443,residential
10.2403801911189,49.0385170198332,residential
9.95561384643633,48.9937223301135,residential
9.97126568455041,48.973187210958,residential
9.95389351925111,48.9864606926322,residential
9.96045806775011,48.9789337748369,residential
9.93889188126909,48.9655060595828,residential
9.93893881741359,48.9717884046062,residential
9.94818917846199,48.9681448053242,residential
9.96586015751305,48.9579058538318,residential
9.71771101891899,49.5555975888416,residential
9.18061028663429,49.2314208357932,residential
9.1672190958925,48.7882153802979,residential
9.18426629938275,48.8840805606384,residential
9.52410130479547,49.1358965880039,residential
9.52298166114652,49.1395324076294,residential
9.56759850346343,49.1174620548127,residential
9.57581164537371,49.1150107958758,residential
9.57687375960935,49.090651794116,residential
9.56602965327743,49.1045980907375,residential
9.57176647846145,49.1182781382316,residential
9.95551020681427,48.9600370335417,residential
9.97259343791943,48.9427156375421,residential
9.98338795409349,48.9591314560042,residential
9.97294669138677,48.9394405560403,residential
9.98487303498395,48.9548314662747,residential
9.95823900270229,48.9687242455807,residential
9.58495384736198,49.0126515347903,residential
9.59719049533744,48.933370861989,residential
9.5948807441517,48.9595879696702,residential
9.65136238886243,48.9105672638225,residential
10.3003590565456,48.9907799195171,residential
10.0622382803119,48.8203778617679,residential
10.0955679557035,48.8581065613405,residential
10.3293120517999,48.9914882665132,residential
10.3256076066859,48.9819969458567,residential
10.3515233569197,48.9968313998476,residential
10.0005885301431,49.0841469523767,residential
10.021798484895,49.0895500919786,residential
10.3722167124875,48.9941919912687,residential
10.3659994238973,48.9956880063497,residential
9.16273543307388,48.9801326527084,residential
10.0342226368471,49.0626020019901,residential
9.94731905890583,49.0857760572489,residential
9.96085261296463,49.0558891386074,residential
9.11404079158847,49.2663432228395,residential
9.12149195870158,49.2553371905126,residential
9.11684576403623,49.2626693014574,residential
9.11557226315326,49.2752975719695,residential
9.78246386340283,48.875710542401,residential
9.21439944025608,49.288913807871,residential
9.23538815584778,48.7458194050628,residential
9.65226783223655,49.295242311756,residential
9.65766420239411,49.2994377757813,residential
9.563113330735,49.7737617482196,residential
9.58345933256069,49.7568624845436,residential
9.44093959172069,48.848178341559,residential
9.054951219119,49.1367926030254,residential
9.20815018854957,49.1295208845375,residential
10.0946402274357,48.8454673518275,residential
9.15425754748658,49.241688306357,residential
9.15010516674089,49.2424811513853,residential
9.24067310936362,49.2012825174423,residential
9.85014489692376,49.2010865612295,residential
9.21193885799722,49.2340733117162,residential
8.98936739334142,49.207207230781,residential
9.46853763742835,49.0985644220722,residential
9.23046265004499,48.8146249418279,residential
9.66106052670007,48.7812197673877,residential
9.33266045167389,49.3048931658257,residential
8.91090124938665,48.8344349283833,residential
9.15886358619668,49.0261677739455,residential
9.40351494915308,49.2433451210857,residential
9.6219694523396,49.2491537704066,residential
9.62037697842753,49.2934797207433,residential
9.61409126837562,49.2991548767989,residential
9.74094733343532,49.6250145022309,residential
9.27591977415429,48.970978741526,residential
9.53341277877654,48.951907163611,residential
9.5391314672908,48.9564784674182,residential
9.51772426415296,48.9676752301654,residential
9.06409897527382,48.9598903006886,residential
9.25218379897293,48.756910812676,residential
10.2390912162731,48.9953374413344,residential
9.64741097357719,48.7492170528273,residential
9.46074557491716,49.0303787422754,residential
9.52753499305816,49.1913535668446,residential
9.66018526648693,49.3688760522701,residential
9.62958561277079,49.3342596122554,residential
9.63906755172258,49.3420348031813,residential
9.60058362751434,49.3161563573005,residential
9.63062769202525,49.3177283649638,residential
9.57160745428036,49.3571425176361,residential
9.63401869245421,49.1953954618421,residential
9.69716142002619,49.1774738836077,residential
9.69398242598405,49.1811256043572,residential
9.7030897769671,49.2477343105939,residential
9.71226781494324,49.2569311617896,residential
9.70704113981573,49.2410614156504,residential
9.80688738873223,49.2142801835227,residential
9.81337708955695,49.2114641720054,residential
9.84635340375133,49.2257136772813,residential
9.79507830684789,49.2084397508306,residential
9.91703851943801,49.2627208167533,residential
9.51577560099263,49.0308081818664,residential
9.4686714011061,49.01962419055,residential
9.75265663313341,49.3729786808861,residential
9.25325161263201,48.8013354377506,residential
9.25539441968169,48.7872963536023,residential
9.24272602287443,48.7933279946454,residential
8.78220654504435,48.5642253964725,residential
9.75765232123146,49.0802795787269,residential
9.72604009116976,49.0675311508692,residential
9.54736148759628,49.0047680098866,residential
9.54437917101642,49.0119248037205,residential
9.67908292275335,48.6075148713056,residential
10.0438165198314,49.1612608722886,residential
10.01532713392,49.1450581549826,residential
9.49540062436362,49.1156521024334,residential
9.51016590407081,49.1110234204051,residential
9.5264756445693,49.1025323501294,residential
9.52858108058777,49.099518867508,residential
9.87980068066853,48.9730883621253,residential
10.0844533505036,49.0869460044853,residential
10.0744676391408,49.0924084273072,residential
10.0621843960836,49.0923432561721,residential
10.1096893314634,49.0761760287971,residential
10.0741289137043,49.0678473340163,residential
10.0700833286478,49.0780157340149,residential
8.98738665534816,48.7644384286144,residential
8.90727761607362,48.7758161410689,residential
10.0375878836243,49.0687489169247,residential
9.53732976757851,49.0850623602933,residential
9.53306775827035,49.0841661806524,residential
8.86333668451727,48.7520617649541,residential
9.32561356065045,49.0997367473655,residential
9.40562794130726,48.8784289803992,residential
9.79416919418725,48.9123045263662,residential
9.82153383039785,48.9189987513729,residential
10.300594422093,49.0385142204948,residential
10.2972013961755,49.0374156635873,residential
10.311265827251,49.0414339193215,residential
9.20984644838592,48.6982602227481,residential
9.21302317644274,48.702024713432,residential
9.509746369484,49.1200700284277,residential
9.32122721286572,48.8386425243788,residential
9.15215238501293,48.7990198119582,residential
9.15539654664406,48.8075710455718,residential
9.51229883639336,49.1195814295516,residential
9.30633357374181,48.8228017057674,residential
9.3042528067567,48.823354445529,residential
9.30681594509998,48.8180815176311,residential
9.24102119986607,49.052049230226,residential
9.61959275548946,49.7667132046346,residential
9.10610579597522,48.7176842209443,residential
9.5872747811483,48.8719844865952,residential
9.23096769210948,48.7191143709026,residential
10.0678501058949,48.8703263326692,residential
9.45472599881378,49.137654523489,residential
9.4582974100139,49.1504862225342,residential
9.50885021706756,49.1178230265286,residential
9.51117998508936,49.1186307571079,residential
9.50223872497496,48.6886607435768,residential
10.1519408674607,49.0544661619419,residential
9.64297532360064,49.1772781692486,residential
9.49650874676662,49.1242691554176,residential
8.94917419618359,48.9594372221801,residential
9.44785122390777,49.0968900160388,residential
9.45287531894928,49.09633711719,residential
9.44359686610599,49.0964637281882,residential
9.11171099470097,49.036424123634,residential
9.1205674509968,49.024962437346,residential
9.14958444606415,49.0451802349875,residential
9.14840142665303,49.0490198686684,residential
9.5051957295644,49.0740270227654,residential
9.12119718269791,49.0397556097555,residential
9.1819941982904,48.8314029074379,residential
9.45691292823677,49.0904043415885,residential
9.58955096920695,48.7602467356719,residential
10.040356865604,48.8396312085547,residential
10.0333188757723,48.8367581451703,residential
9.65189153105992,49.1266680373532,residential
9.89859964924532,48.7304757124323,residential
9.51144482179635,48.8882030188307,residential
9.74459627097319,49.1016175385201,residential
9.74698369886007,49.0984204477447,residential
9.42257150468566,49.1479569833062,residential
9.75349500473194,49.1234643719467,residential
9.60782375979608,49.0964553571018,residential
9.61382161905079,49.0867266248966,residential
9.21775301337321,48.8137354824998,residential
9.70031211338652,48.9769011020784,residential
9.78817180536854,48.7082039908455,residential
9.85457683248234,48.9669865381749,residential
9.47464725922435,49.0949535904262,residential
9.45526204646118,49.0918473208423,residential
9.19452126685536,49.0362810336056,residential
9.21567721893131,48.652416561397,residential
9.24904697489159,48.6499083284554,residential
9.97405686395143,49.1556395406794,residential
9.97527148198797,49.1536805597991,residential
10.0653493551317,49.1759294003728,residential
10.0651856444197,49.1780145429711,residential
9.80393401387752,48.9401138329463,residential
9.82060523219607,48.9658610189271,residential
9.78899504253006,48.969481560246,residential
9.14986011983078,49.0792724720292,residential
9.16088700781122,49.0797460117241,residential
9.38047284668446,49.1114493792125,residential
9.3752130736397,49.1180128427298,residential
9.2531146086475,48.7295849062048,residential
9.255055035447,48.7398983290174,residential
9.70464251669611,49.3312685575258,residential
9.60462478831069,49.3080233931139,residential
9.6088207979332,48.8825297251213,residential
10.0675872646254,49.2332643874462,residential
9.51248894234307,48.8313644244584,residential
10.0938100285916,49.3124373957735,residential
9.49349375011529,48.8330282573205,residential
9.48992395437017,48.8764586869257,residential
9.53304718882981,48.8148194555664,residential
9.56241007511522,48.8334166651585,residential
9.36539622647008,48.7834704057253,residential
9.05895206584051,48.6231183237272,residential
9.96563508741198,49.2634815363579,residential
9.09122082984867,48.8938534137503,residential
9.56058005259441,48.7262825075007,residential
9.75366977441608,48.8226967047784,residential
9.59330012169729,48.7544778979934,residential
9.51726980562324,48.6338931695456,residential
9.4578515216684,49.249291277864,residential
10.152046061082,48.630967556982,residential
10.1572630733148,48.6326703078652,residential
10.1529879835155,48.6340170106209,residential
10.1460182204847,48.6313974821987,residential
10.1534408065784,48.6364194198092,residential
10.1258340755323,48.5643256777082,residential
10.1785253942112,48.6169203295639,residential
9.58332868026812,48.8550030003769,residential
9.59096865081152,48.8574167067981,residential
9.88024611783581,48.9090942930331,residential
9.28667593436742,48.5712660685399,residential
9.54905367695159,49.7587652273951,residential
10.0373461016105,49.4419399579581,residential
10.0967192782046,49.4733855946614,residential
10.0858244013038,48.8544537906531,residential
10.0853940791474,49.2782174985896,residential
10.0733577017832,49.2704283716988,residential
10.0686124412036,49.2673401757934,residential
9.98185850230916,49.1986321422624,residential
10.0051321349258,49.1883791097223,residential
10.0032027906775,49.1860064721112,residential
10.0712466000625,49.1789342281626,residential
10.0730751648419,49.1771483829469,residential
10.0702172480266,49.1767777460095,residential
10.0934411751929,48.8325103303419,residential
9.57348603132142,48.9238101831228,residential
9.58849121040184,48.8964890404875,residential
9.31744018115816,48.6975753294373,residential
10.410293833446,48.9834291682361,residential
10.1057007266024,49.4974163350574,residential
10.0825414511107,49.4979357258691,residential
9.53749428963649,49.3305214394147,residential
9.86890961973321,48.9036930397692,residential
9.55606736367397,48.8904276824885,residential
9.96899929436906,48.7928359519225,residential
9.5985045060027,48.8774855884023,residential
9.59691265589611,48.8571999285918,residential
9.6117984784938,48.8549184245056,residential
9.47345603807512,48.7106747425438,residential
9.95899076000843,49.1596106158247,residential
10.0949086073582,48.8435657001069,residential
9.19963353558844,48.8836318200033,residential
9.30419078922443,48.7395969872078,residential
9.52529431204518,48.807520320556,residential
9.52171736546116,48.8077346187158,residential
9.52238297214778,48.8067390191968,residential
9.52129137291881,48.8072617293545,residential
9.51848365607517,48.8084964004038,residential
9.52011320498761,48.8088368408008,residential
9.52090120210855,48.8103384594187,residential
9.52361622878952,48.8068546978273,residential
9.52424717819903,48.807322208498,residential
9.5230082934378,48.8080599457927,residential
9.52276930297059,48.8091875918386,residential
9.5242573750577,48.8079654369915,residential
9.52378275061867,48.8076976356582,residential
9.52691654943658,48.812424181978,residential
9.52540740218094,48.8095924939217,residential
9.5274036666162,48.8083750160463,residential
9.5269450279904,48.8082381795996,residential
9.52812957029659,48.8081422014107,residential
9.52723617671986,48.8094585827801,residential
9.52889038011675,48.8110845419125,residential
9.52781075175081,48.8102237152254,residential
9.5276026121131,48.8111178245533,residential
9.52850469699826,48.8091236071959,residential
9.52402782780365,48.8114642501916,residential
9.52406258930005,48.8125465511184,residential
9.52321547288459,48.8120341657976,residential
9.98181911894926,48.7794305459206,residential
9.55951037634291,49.1974907527695,residential
9.25754693003959,49.1339502958086,residential
9.12299470033211,48.9180418919027,residential
9.7899605525912,49.1203784908667,residential
10.2136721654133,49.1541773190114,residential
10.1544436337656,49.1445653249862,residential
10.1824979330221,49.1421426399847,residential
10.1300494550027,49.1178924362554,residential
10.1526367352741,49.1206186543223,residential
10.1828574941798,49.1568085507375,residential
10.1595511268368,49.0920420470264,residential
10.1711069235267,49.0899184543994,residential
9.46598246406274,49.1874977715184,residential
9.98233512081704,49.0609232432109,residential
9.59341422088006,49.1193693564258,residential
9.60200764278105,49.1152010200539,residential
9.57677086167486,49.1257539598171,residential
9.57130343223086,49.1279990158637,residential
9.58146122436726,49.1238590280527,residential
9.63326640651857,49.1310540490423,residential
9.58731929169898,49.1211178331512,residential
9.96758835868841,49.1652127090824,residential
9.18962182900207,49.2369709492471,residential
9.71140894697144,49.3447599202655,residential
9.09976397965471,48.60770129004,residential
9.6539726586191,49.1371183829855,residential
9.15856166897595,48.9339014710279,residential
9.66178901595453,49.1027552347863,residential
9.53854905249805,48.6165049904075,residential
8.84866816527839,48.5872471650127,residential
9.21455007184425,48.800850493453,residential
9.22581401810269,48.7966031906534,residential
9.11611506499157,49.0402862076149,residential
9.85045307025249,49.1173489626803,residential
8.97396958698572,48.951058120071,residential
9.85293750317109,49.2164567557831,residential
9.83311134968225,49.1281508025141,residential
9.52250241109449,48.8111746602204,residential
9.5158500721805,48.8029149970437,residential
10.1196607790545,49.2242564361575,residential
10.252164628078,49.0656239147459,residential
10.2618414091249,49.0669882788704,residential
9.51846561036109,49.7498789927791,residential
9.5108432878006,49.7537361313333,residential
9.26300718268224,48.7949583955244,residential
9.51264292883596,48.7133704862459,residential
9.08320548454546,48.9490088962781,residential
9.32585466782374,48.7458014567196,residential
8.86358461828482,48.5905418345534,residential
9.28516531779475,48.7843626357462,residential
9.2556797247909,48.8085707831158,residential
9.67888477029077,49.5231761965429,residential
9.68773172691774,49.5153849658778,residential
9.58162740363331,48.6852351265999,residential
9.62687983083623,49.3842189936362,residential
9.60890474825223,49.7126210504803,residential
9.60136937421805,49.7238011455978,residential
9.78452071662586,48.6181268382219,residential
9.12088390426253,49.1034450474405,residential
9.21836022020323,48.8276080258032,residential
9.21941563030206,48.8267421416408,residential
9.22092708354718,48.8262471202191,residential
9.51645730573783,48.8076723835712,residential
10.066422689059,49.135552815674,residential
10.0669276625229,49.1404035569699,residential
10.0430670824164,49.1403722668576,residential
10.3632140006154,48.9786204175958,residential
10.3381283664351,48.971211823651,residential
8.98056813076966,48.7669198385829,residential
9.05667602221729,49.2056865680345,residential
9.10115963616418,49.2103703343021,residential
9.10964956205614,49.2091026529292,residential
9.04820924118782,49.1764451611028,residential
9.05703300893591,49.1428993341943,residential
9.70682681818466,48.7061741083364,residential
9.07995171266763,48.9681878081177,residential
9.28971775278081,49.0721204809734,residential
9.1412289052686,48.9260131714617,residential
9.78392567954111,48.9132791988611,residential
9.78449351985422,48.9121388920969,residential
9.05282436953567,49.2868521814265,residential
9.11946591133495,49.2413537913523,residential
9.69254856366875,49.5143803039298,residential
9.55475231177643,49.2824266945161,residential
9.56691317785316,49.2713077717747,residential
9.57511484039907,49.2626655954087,residential
9.6391211863086,49.1607428817028,residential
9.26085090728128,48.7840088930016,residential
9.26580030140403,48.785490558546,residential
9.60772872290713,49.1868941734443,residential
9.8060297706788,48.9213323040602,residential
9.78029633164342,48.9214965877198,residential
9.84950328747713,48.930975776568,residential
9.47145844708372,49.6808038556051,residential
9.80273518599862,48.9251469133783,residential
9.46799362096023,49.1784200187801,residential
9.81638231200674,49.1935529488585,residential
9.83058533259309,49.1889514345861,residential
8.88073918365768,49.0257633806102,residential
9.79500842658139,48.7443023138102,residential
9.40095975284217,48.8280129780469,residential
9.40070106563334,48.8244335720178,residential
9.80890756665332,48.9183354720562,residential
9.29873882853322,49.0719010434872,residential
9.95800522624143,49.0401134021421,residential
9.99757756470605,49.0472518138755,residential
10.0595649783174,49.018820738509,residential
9.56363448298123,48.6943940612353,residential
9.82766821437366,48.9070106189977,residential
9.83741765938016,48.9089085726657,residential
9.85349334814835,49.0889049855716,residential
9.30001015336326,49.069707369282,residential
9.93471428696329,49.0944977131741,residential
9.90789173433013,49.1013798379767,residential
9.79599266447982,48.9309147865689,residential
9.79411930629624,48.9090873091072,residential
9.31907898626173,48.7445510831072,residential
9.31475685529255,48.7431840246723,residential
9.31921176906823,48.7428242454053,residential
9.78710750553635,48.9071988593852,residential
9.31542379582502,48.7499055289971,residential
9.31424927167851,48.7498670106469,residential
9.31488468384314,48.7483902528787,residential
9.31190586397373,48.7515031984745,residential
9.31335073042436,48.74913189174,residential
9.31333887196636,48.7523581447633,residential
9.30958039556253,48.7510366205325,residential
9.30979284701623,48.7545230651507,residential
9.31754320640512,48.750510360615,residential
9.32088415272309,48.7483719670226,residential
9.52803333509686,48.8170382562687,residential
9.31923621613245,48.7514270618694,residential
9.31493471620561,48.7541156025066,residential
9.31192975955432,48.7562470819728,residential
9.31146276303447,48.7579642342731,residential
9.40159933201955,48.9791687615275,residential
9.30959753594512,48.7557153373222,residential
9.30774717264264,48.7592903998573,residential
9.9886551193349,48.8776106373103,residential
9.99321858149936,48.8806189167201,residential
9.31679689813956,48.7569340091629,residential
9.20801358039665,48.79494659956,residential
9.32750224608938,48.7544837485572,residential
9.3182512810281,48.7619858604538,residential
9.31669740970419,48.7609342320051,residential
9.31658190937842,48.7630418043591,residential
9.31826860291855,48.7567962287419,residential
9.32016296914924,48.7564879913634,residential
9.31515770325212,48.7631026340194,residential
9.31455106740924,48.7569103906861,residential
9.31483047727845,48.7592982758214,residential
9.31292496899985,48.7630897037464,residential
9.32983821762498,49.7487329775996,residential
9.29551416388284,48.7488781655392,residential
9.34311018671649,48.8748946426524,residential
9.79083042493056,48.7757922936418,residential
9.07862597496816,49.0781034990143,residential
9.06303990690417,48.9118330028207,residential
9.97919759014722,49.1486308635119,residential
9.1378922993177,48.9373596550102,residential
8.9545668400096,48.9452516227366,residential
9.57563611390517,49.2496456255194,residential
9.58262342450788,49.2437602522463,residential
10.2074828003885,49.1257431774181,residential
8.74843250195194,48.5931291635684,residential
9.93310908251635,49.1543107717865,residential
9.62587894799834,49.7427693447188,residential
9.42456066634056,49.0712506426286,residential
9.71087648503789,48.9056152602051,residential
10.1936961491688,48.7628019584417,residential
10.1999520841545,48.7629122056098,residential
9.43607589834644,48.8041921020317,residential
9.6404744276722,48.9561636292732,residential
9.87316013202518,48.9053861624305,residential
9.21328062316613,48.991154495283,residential
10.3751195736568,48.8235207153068,residential
10.288925831688,48.9003265348168,residential
10.3246181769349,48.8387927902677,residential
10.3288761625753,48.840810611421,residential
9.02719471716919,49.0670535660773,residential
10.0174248014292,48.8576948473811,residential
10.0079352698516,48.8551802361377,residential
9.64616186951418,49.0929433909915,residential
9.70386169539717,48.9321397111034,residential
9.90756313958897,48.8406651747514,residential
9.83748021619006,48.8771109170844,residential
9.78100962672813,48.8758673310154,residential
10.0569444239729,49.1322728730925,residential
10.0575629091089,49.1314474506964,residential
9.86342990249607,48.8528036561813,residential
9.78316853217749,49.0219418050225,residential
8.94715352030654,48.9408455140233,residential
10.0521321427309,49.1337797466128,residential
8.94852832811735,48.9629793688142,residential
9.76454217845298,48.8836163563662,residential
10.164513628207,48.6300367930686,residential
10.0689315207755,48.927862829523,residential
9.97079725550188,49.2092421270018,residential
9.1647783887486,48.8397205983956,residential
10.134603296645,48.908655862739,residential
10.2572267775575,49.0015298835319,residential
10.0414791279847,48.8449250399339,residential
10.0294014877308,48.8428537560081,residential
10.0311842417941,48.8485858435078,residential
10.0300941955055,48.8460095514697,residential
8.95593061572216,49.0580032214155,residential
9.15575600415402,49.0942461528659,residential
9.8843350950322,48.9157729427312,residential
8.95791378833298,49.0620591246659,residential
10.0610696922426,49.1321411552209,residential
9.40618818370556,49.1057922928687,residential
9.59316905933922,48.898887880204,residential
9.52108753585631,49.0907957151928,residential
9.04597390661493,48.9020523354391,residential
9.39607330454459,49.1070329557156,residential
9.81599519656566,48.7826779494239,residential
9.79136064213201,48.760235616504,residential
9.91014840453341,49.4874997177267,residential
10.0678099808988,49.1325786752193,residential
9.68013235117366,48.9038241660899,residential
9.68172801140134,48.9061139595445,residential
9.72301869821369,48.9163748020153,residential
9.72054817719858,48.9177875110173,residential
9.0087307748849,49.0882562291412,residential
9.83628840791205,48.8980304368339,residential
9.40274442193114,49.1205129390337,residential
10.0306481624362,49.459462385423,residential
9.89575140052884,49.303292100341,residential
9.65148085540562,49.1302429045948,residential
9.65099544381683,49.1316749011807,residential
9.19025064411652,48.8182872025821,residential
9.88602139538432,49.298284255401,residential
9.87462356669262,48.6377131181771,residential
9.86305620803832,49.3356830377362,residential
9.87834919134244,49.3534789966661,residential
9.8374166429699,49.3275251900256,residential
9.88093511785416,49.353572224195,residential
10.1513819555347,48.6380129364754,residential
10.0418950122791,49.1427871166298,residential
9.87847929796346,49.2232046756965,residential
9.87861817787267,49.225662673386,residential
10.1474142908301,48.6355030838493,residential
10.0015264405175,49.0754802449344,residential
10.0001839729548,49.081505397741,residential
10.0915873068216,49.0307284412456,residential
10.074498387622,49.1395972586606,residential
9.67318237807006,49.4662564835935,residential
9.15420370465229,48.7978179608626,residential
9.76308160462471,48.7380358217526,residential
9.67899247707432,49.176666348725,residential
10.1901366842084,48.7840333432977,residential
9.23386571552561,48.8180640744051,residential
9.19108369590844,48.7710512517395,residential
9.18505518107482,48.903472773829,residential
9.15961495267155,48.8860731788576,residential
9.85427528286997,48.9007348216775,residential
9.23628876466949,48.8113932636564,residential
9.59475128726448,49.6959081366544,residential
9.89306243707905,49.261906956838,residential
9.23885795382763,48.818544880285,residential
9.2444384382997,48.8169941124897,residential
9.5975466103346,48.790626109827,residential
9.60217821067477,48.7974120443183,residential
9.23264214807187,48.8126204045033,residential
9.22796714419941,48.8133023495627,residential
9.22637037742986,48.8124891972344,residential
9.22816141713448,48.810951850144,residential
9.22591960629457,48.8462473355789,residential
9.28420518856085,49.0544205045551,residential
9.79725246270793,48.881335658433,residential
9.65650550809184,48.9537894664719,residential
9.65964704828048,48.9518650091849,residential
9.55318637789813,48.9531576540379,residential
9.50852904359473,49.7738476051589,residential
10.165989069858,48.8396676725449,residential
9.72165597468794,48.8143200522873,residential
9.45458044240024,49.2879168377153,residential
9.95015635770424,48.9316330992659,residential
10.0435125969879,48.9291495822633,residential
9.9462796954559,48.9412009488114,residential
9.99714195848482,48.9154760468832,residential
9.94670862081291,48.939151005691,residential
9.99972026069624,48.9219160875392,residential
9.89114268632359,48.9095050117415,residential
9.88887024516856,48.9013837384706,residential
9.36670699701801,48.7300197130576,residential
9.2722031677677,48.904904763918,residential
10.1411241721659,49.0491281420477,residential
10.2667530547588,48.6080462424236,residential
10.2506917964509,49.0780349530486,residential
10.2599620366845,49.0818028213765,residential
10.2501897214638,49.0839660089385,residential
10.2481429070211,49.0828030212673,residential
9.27385125042795,49.3331548972228,residential
9.80892540282183,48.8856240873017,residential
9.05733782324333,49.0786231130407,residential
9.8504150073968,48.8658197980013,residential
10.1498098084953,48.6176325287559,residential
9.99833846696074,48.8755596403194,residential
9.1886185193976,49.1328887072005,residential
9.12058746648816,49.1072034493559,residential
9.30233264488931,48.8204694043862,residential
9.26587762268987,48.9080382334281,residential
10.3669632260398,48.9425760157132,residential
9.44072067254922,49.1903459788482,residential
9.22180416243658,48.8974100085601,residential
9.80823217082506,48.8089098275452,residential
9.21613088808987,48.9006615172065,residential
9.47018035960716,49.1693784173361,residential
9.053276617541,48.9413138904256,residential
9.11230039596648,48.9077730525404,residential
9.52830137653075,49.350808482076,residential
9.84543961555712,49.2496983383247,residential
9.87231484845968,48.9242761605691,residential
9.87352977112325,48.9286323576073,residential
9.66999949129734,48.7469018948869,residential
9.67228556901514,48.7461315092898,residential
10.0938890955134,48.8226188308962,residential
10.0854957716156,48.8273465337931,residential
10.0983634808046,48.8263168791957,residential
9.7206486403115,48.7837285446993,residential
9.71690607376579,48.778644150406,residential
9.73797839017958,48.7910300923676,residential
9.71846181140626,48.779770252771,residential
9.17758847977363,49.2467174221797,residential
10.081593435833,48.8679180267569,residential
10.0942328235496,48.8467219001171,residential
9.49400754346627,48.5275580613482,residential
10.1571644460773,49.0716894388761,residential
10.0543024653009,48.8181403969374,residential
9.18103760211806,48.9615340292066,residential
10.0634270540417,48.8484026123564,residential
9.95080203753346,48.9324993537358,residential
9.81780861216918,49.2861420315676,residential
10.0455209936586,49.1227896816333,residential
9.78586747372653,49.3709153544774,residential
9.94659481501494,48.9216030621803,residential
9.92737034137881,48.9094084779924,residential
10.3331135634248,49.0358707997275,residential
9.69949272371899,49.014776806365,residential
9.69844864139264,49.0170216063334,residential
9.69249535169448,49.0184545323518,residential
10.261529433536,49.0026568055283,residential
9.91120088471062,48.9431102565346,residential
10.0466519232354,48.8958161237752,residential
9.09021725479368,49.2095250071553,residential
10.1061691291433,48.8319897767545,residential
10.3089697236196,48.9947797299494,residential
10.2862358926676,49.0170775401705,residential
10.298733705437,49.0228608982063,residential
9.11135502048272,49.0401265806381,residential
9.1123978674629,49.2094412952637,residential
9.92263617187544,48.9421071796906,residential
9.92159462226871,48.9415422225884,residential
10.3204684326183,49.01695328409,residential
9.08261432177087,48.9373933399325,residential
9.76786177091565,48.8530153479142,residential
9.80167346790156,48.8544206492276,residential
10.1169241712765,48.8287445610914,residential
10.1195680290655,48.8288820402741,residential
10.1000162681385,48.8337085269584,residential
10.0995181,48.83323575,residential
10.111349503066,48.8293863038598,residential
10.1092803864247,48.8299795420247,residential
9.08633152764884,48.932410015323,residential
9.31717542003951,48.7408985681248,residential
10.1044974356791,48.8284448517688,residential
10.1075639505715,48.8292079368462,residential
10.091732015328,48.846841790323,residential
10.0929158325663,48.8485472517482,residential
10.0985954464831,48.8503470581174,residential
10.1002672081952,48.8519697585568,residential
10.1007123095995,48.8532147863941,residential
10.0996175649518,48.8531630229836,residential
10.1008263165094,48.8537965271811,residential
10.1011118202209,48.8551482851476,residential
10.1003744737421,48.8551604395226,residential
10.1020479199644,48.8561740218038,residential
9.06493557251514,48.9042517857957,residential
9.07148202548136,48.9033933914428,residential
10.0964299691396,48.8650796122345,residential
10.0867861296317,48.864062080348,residential
10.1112441805097,48.870718640295,residential
10.1042144016436,48.8633345836496,residential
9.41584240085051,48.7073106927012,residential
9.13280428540207,48.9229525428652,residential
9.12982978740964,48.9187370940062,residential
10.1152929674167,48.8610635980329,residential
9.7065604132788,48.9344293306154,residential
9.70236689049521,48.9355012187713,residential
9.71401317180443,48.9342656682616,residential
9.70399561806206,48.9341349343953,residential
9.70874893588235,48.9344012673223,residential
9.70554258974107,48.93552391606,residential
10.1028073390714,48.8592405362668,residential
10.1077916997526,48.8574669321809,residential
9.76116703308627,48.9259700224686,residential
9.76137559925527,48.9267361684316,residential
9.76245099291144,48.9287000035379,residential
9.75379262027512,48.9249718989421,residential
9.75850455843189,48.9316858852406,residential
9.76743771429224,48.9277471854404,residential
9.75931218225736,48.9278234894675,residential
9.74986201860667,48.9234506367443,residential
9.76461436238074,48.927696582504,residential
9.7621246055397,48.9324378092386,residential
9.76442429666582,48.9327717206908,residential
9.75425784082415,48.9383143322274,residential
9.76965187102067,48.9269068284225,residential
9.75916755307566,48.9386226317523,residential
9.79510958640452,48.8906877113219,residential
9.79839461299736,48.8920274315055,residential
10.1245575483888,48.8790239241999,residential
9.78508481050032,48.8935464097389,residential
9.75108141997131,48.8850297446706,residential
9.78875531532688,48.8857899219414,residential
9.75750375675075,48.88730417696,residential
9.78576441764685,48.8857447942972,residential
9.86899969822523,48.9624749666314,residential
9.87764924200281,48.9642645880926,residential
9.89367861813321,48.9467122261917,residential
9.85649849489155,48.9518929594623,residential
9.85909743119929,48.9567719230965,residential
9.85967541659124,48.9546004227248,residential
9.85571335945812,48.9585686808019,residential
10.1281769165958,48.8910107949571,residential
10.1276416732851,48.8918168885021,residential
10.1288701736443,48.8920604558534,residential
9.87193887791797,48.9512947968086,residential
9.88945712636823,48.9573243296129,residential
9.8849186817292,48.9583106728324,residential
9.87298218780838,48.9487782882667,residential
9.88739343053003,48.9599503980536,residential
9.88889401754805,48.965356780545,residential
9.89538561609476,48.96031628054,residential
9.88820525610172,48.9584273589673,residential
9.89478686362554,48.9684099137247,residential
10.1331934098,48.8894794766571,residential
9.87987519691429,48.9544045996957,residential
9.88700582913974,48.9569717387014,residential
10.1298219112321,48.8834324321438,residential
10.131920054368,48.8693801851909,residential
10.1416554079697,48.8823628206665,residential
10.1259424888864,48.832406599662,residential
9.32144723918545,48.7358821960428,residential
9.32026801043966,48.7366305838804,residential
9.31864468158844,48.7370902610377,residential
9.32306017781105,48.7360314594894,residential
9.94267382877835,48.936550663076,residential
9.9403778693331,48.9402717299876,residential
9.9336397029166,48.9409627419292,residential
9.93160284345566,48.9414969965367,residential
9.95375093790196,48.8870270343083,residential
9.8969473755728,48.8972194781625,residential
9.75031771123949,48.7938547802746,residential
9.73791650047693,48.7961889257324,residential
10.1283489925425,48.8218576673203,residential
10.1488330310475,48.8193240442497,residential
10.1443954772079,48.8148752212444,residential
10.1551313917423,48.8103836637931,residential
9.66116905133767,48.8574598947744,residential
10.0284390380513,48.8097188428155,residential
9.97212440279476,48.8695299946049,residential
9.96227650397043,48.8682392387173,residential
9.96936701794747,48.8692039922171,residential
9.96748674753213,48.865288284961,residential
9.80164785451086,48.8891903483131,residential
9.78181297726538,48.9070658417633,residential
9.7767927296668,48.898849555253,residential
9.77375029488029,48.9109670316408,residential
9.77791218915048,48.9140820261965,residential
9.88008804191517,48.8278304605366,residential
10.1309963509265,48.8181043758848,residential
9.79685206546661,48.7795036887338,residential
9.79309509531464,48.7900950409316,residential
10.098248475178,48.8346176187931,residential
10.1273528947466,48.8110754637128,residential
10.1276975611075,48.809996066755,residential
10.2026296707399,48.7861035553672,residential
10.2274266425494,48.9899321138399,residential
9.75841927308386,48.7715001180519,residential
9.18895377972603,48.7939773139491,residential
9.74524170489641,48.7789400541677,residential
9.75349165442655,48.7711078041829,residential
9.74046804336846,48.7582847238305,residential
10.2044283457669,48.8159469789372,residential
10.2057512821918,48.8284043529602,residential
10.205898133579,48.827846666988,residential
10.2078884766936,48.8265231781518,residential
10.1914818730594,48.8233816874631,residential
9.79569113075664,48.8044069555689,residential
9.79385421954365,48.8042505071803,residential
10.175988709415,48.8175966201586,residential
10.1764294197888,48.8181433313872,residential
10.1781468180716,48.8171575137635,residential
9.79160837475606,48.8044405317173,residential
10.2427417530419,48.8247950018787,residential
10.2467967640291,48.8250922746591,residential
10.1800653618479,48.8261948885711,residential
9.16950805350542,48.7946678951928,residential
9.86452363403792,48.839777941595,residential
10.1624879295869,48.8311235076177,residential
10.05909180791,48.8702907080053,residential
10.0666420188571,48.8654831416721,residential
10.0633239823599,48.8666228819094,residential
10.0491685237807,48.8914021377647,residential
10.1770947857411,48.8474371468106,residential
9.13759653151962,48.7274929255825,residential
10.0584704851013,48.8806595581998,residential
10.0491015126735,48.8883193767927,residential
10.0513178889294,48.8870524804997,residential
10.0414389469143,48.8893773231599,residential
10.1923286100593,48.8507969678894,residential
10.0487382926918,48.8780454972824,residential
10.0468461693712,48.8788354466144,residential
10.0451095239378,48.8785321062023,residential
10.0454344128702,48.8792243803525,residential
10.0440057375344,48.8787721091248,residential
9.85525554985416,48.8524464336361,residential
9.86927949886143,48.8512660580033,residential
9.83866871444959,48.8483800682372,residential
10.0416012350426,48.8760619109868,residential
10.0614413405818,48.8848930736572,residential
10.0552258592307,48.8964046503885,residential
10.0508506491042,48.8913284114063,residential
10.0477096985355,48.8929546945933,residential
10.0468512591486,48.8928126599471,residential
10.0455361497946,48.8923778235934,residential
10.0437419250484,48.8903586325044,residential
10.0647262960477,48.862076783054,residential
10.0703629998889,48.8649469785246,residential
10.0580919499345,48.8594780904241,residential
10.0489997734748,48.8600142445945,residential
10.0553466692166,48.8568755521226,residential
10.0286111070268,48.8616680726701,residential
10.0287889200172,48.8628861344505,residential
10.0314409314502,48.8638888866358,residential
10.0671645850294,48.8231168729585,residential
9.75995228948029,48.8438249450323,residential
9.78817360496813,48.8691360539035,residential
9.77935140138761,48.8504064295701,residential
9.77277016116463,48.8559396156752,residential
9.77288570571806,48.8689345111438,residential
10.0691830335449,48.8724413776447,residential
9.77666495204069,48.8609934138156,residential
9.78227704619127,48.8610502152553,residential
9.77103747283445,48.8739740797861,residential
9.90409811846025,48.8231386160107,residential
9.8897873336266,48.8496138719533,residential
9.3240948523696,48.73728767909,residential
9.3282307899556,48.7333231855641,residential
9.51677743131624,49.1955928731635,residential
10.0329880070605,48.8695090021799,residential
10.0232833118337,48.8755993169537,residential
10.0140472114505,48.8829086311212,residential
10.0155291081126,48.8830793762581,residential
10.0050456646283,48.882149639293,residential
9.86307295436967,48.8422464845686,residential
10.0663443453701,48.8427649940102,residential
10.0264314283221,48.8705974935661,residential
10.0173927392148,48.8679742436726,residential
10.0280547009214,48.8235357486708,residential
10.0191009574428,48.8357135733046,residential
10.0430582985515,48.8245443080351,residential
10.0387503091035,48.8252224244335,residential
10.0384207349153,48.824537159806,residential
10.0330962103449,48.8267470436988,residential
10.0203596691763,48.811736054898,residential
10.0201899634069,48.8132923984772,residential
10.1155140729086,48.8249761391403,residential
9.9200013329275,48.8359145344142,residential
9.32918826425523,48.737122180966,residential
9.32834443835487,48.7354119780717,residential
9.33196742603469,48.7378334204794,residential
10.1114747445561,48.8639659499014,residential
10.1040915910202,48.8665840350558,residential
9.72887389946011,48.8668922889007,residential
10.0931321623651,48.8661765859212,residential
10.0986019690185,48.8728599025037,residential
10.0956497959663,48.8750994399409,residential
10.0953110676947,48.8719029649003,residential
10.1060765475563,48.8716502541628,residential
9.74153310055359,48.8569071487168,residential
9.76273987263796,48.8604705876445,residential
9.74749433412982,48.8737471252316,residential
9.74936683993245,48.8714730073393,residential
9.88949191380647,48.8468528956156,residential
9.73019080489835,48.8739726374258,residential
9.73415291589141,48.8725186069707,residential
9.71501816571631,48.8651337651618,residential
9.71331991369919,48.8736510134133,residential
10.0209288448595,48.8035063971002,residential
10.0183154588515,48.8023678604491,residential
10.0168279848888,48.7998409722197,residential
9.93128767540154,48.823764713458,residential
9.54509261351085,49.2326509635389,residential
9.2006445050523,48.9984696084623,residential
9.76805762268168,48.8222252229974,residential
10.0357459816549,48.8707108508551,residential
10.092756356513,48.8798731928571,residential
10.0689299556775,48.8875665591175,residential
9.33704986145224,48.7347939459687,residential
9.34241918825045,48.7345718778767,residential
9.70216010717508,48.8177411144193,residential
9.73101692435254,48.8192266184772,residential
10.1775283301434,49.0708571611368,residential
10.1009302775832,48.8780117922337,residential
10.0996283799352,48.8783427963198,residential
9.22312158603468,48.7207941174383,residential
9.22069433394126,48.7231391249967,residential
10.1086655305021,48.8952770956001,residential
10.1077812813541,48.8944678603206,residential
9.40218960430835,48.5689517962799,residential
9.70004937988992,48.872049662396,residential
9.70228813715459,48.8712874961167,residential
9.67006307477003,48.8780321997818,residential
9.67697160584598,48.8698105115828,residential
9.67204495551843,48.8790044528213,residential
9.67602817735109,48.8785730001048,residential
9.67755211748898,48.8749692611078,residential
9.66891529392296,48.8783826860774,residential
9.75383321952564,48.8086190538441,residential
9.8943397412075,48.908238031256,residential
9.91134431355972,48.9096884207235,residential
10.1110912481238,49.4475496668409,residential
10.0704523917411,48.9790566568632,residential
10.0900530016591,48.9766254518603,residential
10.050156380214,48.9902465600848,residential
10.0395450000735,48.9812228104231,residential
10.078274347651,48.9727669263062,residential
10.0798930216136,48.9674652113585,residential
10.0748104276972,48.9585203491836,residential
10.0890142808886,48.9403550889575,residential
10.1062006144488,48.9322784286144,residential
10.0892060558797,48.8941406985791,residential
10.0728227230158,48.8971999961061,residential
10.0749235061696,48.8965470141302,residential
10.0751909558647,48.8959914441017,residential
10.0761578642493,48.8962457291362,residential
9.64586394721424,48.8480763955232,residential
9.40309145640845,49.1021350954638,residential
9.06155855581844,49.1382318825492,residential
9.06279809336104,49.1366414382021,residential
9.00374940641712,48.6417833385647,residential
10.0990452678046,48.7743168922866,residential
10.10089914975,48.7787032677912,residential
9.25056604042477,48.7768375373103,residential
9.21942470158914,48.7867141087689,residential
9.3861638257435,48.7454807482499,residential
9.83331330014171,48.9737753968785,residential
9.44532822269876,48.641660026961,residential
9.43820915979465,48.644030523975,residential
9.45168928064961,48.638190726407,residential
9.20574990038119,48.5597433552616,residential
9.33082565183382,48.7308395879606,residential
9.33923492097099,48.729584251419,residential
10.3580766161462,48.9042622027113,residential
8.970571475137,48.6252910248411,residential
8.97422342461647,48.6218100343998,residential
10.0628755076568,49.2321350157501,residential
10.1238203074901,48.7902160906308,residential
10.0679282703771,48.840356455916,residential
9.24727208109845,48.7825577466105,residential
9.25591118795868,48.7751264669512,residential
9.45231650775873,48.6407358287117,residential
9.46065441535439,48.6348920400137,residential
9.36198459698478,49.3282486076023,residential
9.35192661761857,49.3137513323364,residential
10.1918358613043,48.8712553964793,residential
9.19173072368512,48.7991066754707,residential
9.30622201531917,49.3167494697408,residential
9.30990331380977,49.3166988952707,residential
9.41632156388163,49.3088946355577,residential
9.42126568180471,49.3123573387878,residential
9.4213833016913,49.3157931619187,residential
9.35578746836902,48.741036568766,residential
9.35940310971971,48.742130569323,residential
9.35240332203165,48.7365599739982,residential
9.35713636650187,48.7414206890953,residential
10.18128156888,48.8814884531134,residential
10.1941560127842,48.877110196321,residential
9.34423157159849,49.2983208365616,residential
9.34342887902346,49.2975218172176,residential
9.33093462240209,49.2900689023383,residential
9.3294261019854,49.2907940633759,residential
10.1525907998722,49.3801396312866,residential
10.2010970742265,48.8858388621951,residential
10.1987171955162,48.891235447536,residential
10.1066611311131,49.047187526545,residential
10.1100016578644,48.8485808347655,residential
10.1811481620879,48.8952708099037,residential
10.1704750512162,48.8866137527607,residential
10.1707648134269,48.8897406267856,residential
10.1607228218672,48.8870489294125,residential
10.1610993416994,48.8882084573198,residential
9.52481347458491,49.3413555443726,residential
9.53169923635335,49.3436349582619,residential
10.3999879355203,48.835488388897,residential
10.1530621583441,48.8907552523018,residential
10.160667749831,48.8957522784431,residential
10.1722631500967,48.8991020568096,residential
10.1747186445251,48.8992344874801,residential
9.75054741923809,48.9678252361896,residential
10.0918509419441,48.6857899812416,residential
10.1706000806711,48.9000223098044,residential
10.1625219749208,48.898478892403,residential
10.1610128281094,48.8971929191166,residential
9.86742560536635,49.0003374432591,residential
9.1632307521895,48.7315242028707,residential
9.98088166891054,48.7821048492368,residential
10.0182848614506,48.8514934936448,residential
10.0153840205373,48.8944079537282,residential
10.0120828389498,48.8948227197165,residential
10.0129955486407,48.8949078102327,residential
10.1520144398505,48.659435335406,residential
10.1398969018777,48.6597295205691,residential
10.0427899398801,48.8965119573248,residential
10.0159369140579,48.8961103794448,residential
10.0166414521328,48.8952072533227,residential
10.0202250245779,48.896236085137,residential
10.0232274135226,48.8955126197233,residential
10.0223043812506,48.8949378652067,residential
9.7135211897127,48.9381532240112,residential
9.71815353746195,48.9358171107152,residential
9.18409807379133,48.7888648885876,residential
10.1108912616441,48.8798965714827,residential
9.40475053777198,49.1090868833113,residential
10.0003595389208,48.8980575922074,residential
9.99533674450143,48.8951432708326,residential
9.99641904743684,48.8957086193409,residential
9.99810988866837,48.8958034222743,residential
9.99810364742294,48.8951389243008,residential
9.88555345544132,49.0849211976636,residential
10.1453366522785,48.9476471751528,residential
10.0967228867487,48.8353560931507,residential
9.45283513038708,48.6445348894158,residential
9.45073545425791,48.6432998308179,residential
9.43865415593436,48.6478771494807,residential
9.45017134264448,48.6449340897206,residential
9.58939854471333,48.9216780627058,residential
9.59072249243822,48.9190994395244,residential
9.59295045302085,48.9078815281423,residential
9.58796954789606,48.9165768799621,residential
9.06028202891731,49.0735156335506,residential
9.06320464776318,49.0726549071873,residential
9.06350986469323,49.0751004403047,residential
9.10886957502231,48.8333945402016,residential
9.04206538250705,48.869594922442,residential
9.34447615125874,49.361670729459,residential
9.33971248009349,49.356662890937,residential
9.3430869884613,49.3603585057515,residential
9.9954697363275,49.0302097679244,residential
9.99280953335407,49.0256872663432,residential
9.99076089437803,49.0197183860784,residential
9.99130911994497,49.0234678080556,residential
9.99124120764857,49.0262686320684,residential
9.99422861116407,49.0270930731022,residential
9.99296034739025,49.0283396976826,residential
9.17500858409635,49.2311600687437,residential
9.66395278481666,48.8472210558635,residential
10.0674763221521,48.677649004103,residential
9.29556420845126,48.8982148626165,residential
9.32153565977161,48.9215307228837,residential
10.2384651511643,49.1325223686509,residential
10.1564657231719,48.699323387076,residential
10.1503474495597,48.6822496854522,residential
10.1540135701581,48.6900229991903,residential
10.1415489085971,48.6702744961364,residential
10.1334515831248,48.6777191678979,residential
10.1421504890332,48.671606522349,residential
10.1516897426991,48.6779364791301,residential
9.22437121893243,48.6046514318535,residential
9.34380751671471,48.9241692256739,residential
9.7721229167277,48.9989783613201,residential
10.0060273160815,48.8222331202257,residential
9.44456997914594,48.6557477028329,residential
9.23312520931605,48.5627747643347,residential
9.61372005575477,48.6400916987098,residential
9.2690741623339,49.2559001627924,residential
8.76966224739524,48.579357537369,residential
8.77303615021243,48.5794802526887,residential
9.35430197483483,48.9204841448494,residential
9.04728360559063,48.6319053973374,residential
9.05095664125013,48.6389126488377,residential
9.0604276111821,48.6406515086772,residential
8.96539613220992,48.7425016219936,residential
10.1477769606447,48.6858493149995,residential
10.1340455150724,48.6908771181175,residential
10.1440893057092,48.6855053520815,residential
9.03424069938777,48.616873426616,residential
9.06727102942519,48.6160149105043,residential
9.01760819064327,48.817336523036,residential
9.67436206346399,48.9236400291117,residential
9.6750858302708,48.919728720801,residential
9.68629187610741,48.9454368373871,residential
9.695217362632,48.9472325834033,residential
9.67538788877417,48.9021547646001,residential
9.6975995429872,48.948082929722,residential
9.6646558566545,48.9199028840222,residential
9.67950441837745,48.9431037354985,residential
9.67305993897328,48.9041060317411,residential
10.1606547016685,49.0549607223461,residential
9.56553891573527,48.5787296650195,residential
9.43280667654419,49.65686580232,residential
9.87194549544092,49.122392770451,residential
9.87261625077576,49.1253196395791,residential
10.2273101358189,48.8714882796137,residential
9.2726655640669,48.5946632826005,residential
9.4182601181186,49.7830422477873,residential
10.2525943801532,48.8730322982254,residential
9.17641440393728,48.8008960034094,residential
9.27400438862439,48.610819658387,residential
9.264071479471,48.6129653180093,residential
9.85992944892944,49.1141618768437,residential
9.880050681105,49.1175275843171,residential
9.57449561781989,49.7475877354602,residential
9.14571061196703,49.0768909291032,residential
9.8822523060073,49.362677444054,residential
9.22620253809428,49.3048603824751,residential
9.30191629880374,49.1392999921745,residential
9.44592923214234,48.9337487010993,residential
9.30815518674476,49.2959882194427,residential
9.65663139875158,49.2012420389014,residential
9.66768467204599,49.2254548742621,residential
9.65441728984874,48.7243226419477,residential
10.2519712166352,48.8650224250457,residential
10.2362875486906,48.8676250563069,residential
10.2376631598159,48.8679442764085,residential
10.2352363080378,48.8761496198589,residential
10.2410552040576,48.8768413071147,residential
9.91004711611239,48.8942981126516,residential
10.2163168049717,48.8697646939908,residential
10.211473042113,48.8714956453364,residential
10.23105643389,48.8766913972282,residential
10.2304963604955,48.8767636848343,residential
9.53708858761514,49.7620714177999,residential
8.85418468215656,48.5952153027277,residential
9.80377235651113,48.5849607937399,residential
10.178484912337,48.6785677739589,residential
10.1838867568721,48.675690896057,residential
9.5041328978676,49.1175737062567,residential
9.40138818878547,49.0912349648152,residential
9.18748798547526,48.896207055869,residential
9.19047237853507,48.9032444522909,residential
9.37869156608934,49.1043465705186,residential
9.76448118961107,49.3026925990111,residential
9.77223806745924,49.3097247023931,residential
9.76726223188322,49.31510850777,residential
9.70284517362565,49.0471504578687,residential
9.70579150134388,49.0468344192956,residential
9.70066152234252,49.0482101513704,residential
9.70306084887695,49.0446332330528,residential
9.62783853717279,49.0255092039438,residential
9.6521655998119,49.0006894021582,residential
9.2406517944299,49.1406605411518,residential
10.2172428751267,48.8779179775563,residential
10.2227293781627,48.8777414280486,residential
9.5531459349174,49.0859501643138,residential
10.2163029968665,48.8834374480461,residential
9.55811034715165,49.0856650601197,residential
9.0957306784388,48.8965114528838,residential
10.1597777499378,48.6529437064835,residential
10.159474508121,48.6551617061289,residential
9.1525912556599,49.2804340055743,residential
10.1548506461943,48.6570845554809,residential
8.85012097930449,48.5152158689458,residential
10.0042505581072,49.3207044787789,residential
10.1416749857516,48.9702919050833,residential
10.1485024726758,48.9722251614594,residential
10.147365885191,48.9704885672484,residential
9.17443335089295,49.2462951971445,residential
9.54946057284025,49.30562781259,residential
9.82624919418903,49.6308307348752,residential
9.85207441641069,49.6252210011396,residential
9.79229944986939,49.6669371372065,residential
9.75216347551861,49.6400034727399,residential
9.11459584683469,49.03989580964,residential
9.83925051696166,49.6149706912527,residential
9.53941555143698,48.5819472528362,residential
9.53375845534188,48.580959489881,residential
10.2090601482901,48.5560937011955,residential
9.11654354152654,49.0979035280043,residential
9.51971465949521,49.1525831074833,residential
9.5359713033556,49.1628235125491,residential
9.53389008404861,49.1630532641565,residential
9.51434691203139,49.1587019543684,residential
9.51307613961917,49.1604531337067,residential
9.51287255811056,49.1574995069133,residential
9.7058760550347,49.5261710522656,residential
9.79027878484411,49.5944466228641,residential
9.78620494480052,49.5979479851255,residential
9.7456969190579,49.6036613352531,residential
9.745545447265,49.6106334410877,residential
10.0090676817115,48.7559871242909,residential
8.97220239250438,48.957141878645,residential
8.97436586667822,48.9564431444187,residential
8.97390982301768,48.9570475963879,residential
9.66681156817422,49.0615795933509,residential
9.52627451014173,49.1533787642259,residential
9.52203855397415,49.1576757524688,residential
9.5215415940522,49.1583902671505,residential
9.51794640367304,49.159580001545,residential
9.51867412981192,49.1609522466412,residential
9.51706006813014,49.1606798345739,residential
9.52142843881908,49.1606732517182,residential
9.52328455347227,49.1518955901835,residential
9.52304827413912,49.1601405242046,residential
9.5248775861974,49.1600718193906,residential
9.49909749138166,49.1567291637813,residential
9.17939812697964,48.8160797214914,residential
10.1738825816387,48.6653356276142,residential
9.49695344421245,49.1276752021909,residential
9.53218312107575,49.2334649153453,residential
9.52648555053175,49.233898722366,residential
9.09959880497959,48.7083762737337,residential
9.15128396569934,49.2872058000353,residential
9.45973959677986,49.1645621376174,residential
8.95386941163903,48.9241908136567,residential
9.13731078767243,48.7866534765369,residential
9.4965663480586,49.7330403173274,residential
9.53145602262456,49.2489650364774,residential
9.52661810311834,49.2461077652293,residential
9.52582946545377,49.2463897299668,residential
9.3247702060644,48.6381062978848,residential
9.16659126771712,48.7870207228193,residential
9.50140863640649,48.6912253298071,residential
9.50658325695489,48.6950991296831,residential
9.16933296020185,48.7677485585323,residential
9.06558220915567,49.0744936573117,residential
9.33456692126842,48.6109631547228,residential
9.23456199748683,48.8055999050844,residential
9.21228834083674,48.8028921986847,residential
9.18352052249708,48.7929901139172,residential
10.1123655783409,48.7368014402024,residential
10.1122557498568,48.7383518819592,residential
10.0248759979292,48.9123056246854,residential
9.97388549160554,48.9193755413054,residential
9.21198344678143,48.7953404992263,residential
9.91082458990356,48.7945177033279,residential
9.57106565069625,49.6844052707434,residential
9.51687950618981,49.5761673178791,residential
9.68634248484803,48.7792270478334,residential
10.0715445437158,49.1778132131003,residential
9.20060893999644,48.71488700621,residential
9.20395196800039,48.7108861749104,residential
9.13586462016539,48.7486001207839,residential
9.83253544283606,48.7988435281244,residential
9.89556554445111,49.0003362576841,residential
9.21114472590827,48.7918149813053,residential
9.88936065820426,48.7883338704153,residential
10.0794448168292,48.8954617616364,residential
9.81150124407035,48.669102245555,residential
9.43349625959833,48.707822883732,residential
9.8098422142065,48.6843389096849,residential
9.83526430743239,48.6449273115545,residential
9.86540238578276,48.6135111114866,residential
9.21526921100641,48.8293924532586,residential
9.74635115977255,49.0655323583023,residential
9.74947973344598,49.065596630161,residential
9.55601896224571,49.5682438036872,residential
8.85645488900394,48.7630993131701,residential
10.3660257889205,48.6853208896276,residential
9.53275150558073,49.1840719314666,residential
9.58002651034759,49.5773134257732,residential
9.58087701387124,49.5800720495154,residential
9.58634809799919,49.6020006045813,residential
9.57760973020665,49.5944910235695,residential
9.90036230496961,48.6713455807247,residential
9.98687288568487,48.7543539302531,residential
10.0016694793712,48.746688979377,residential
9.7547196269267,48.5813201110717,residential
9.81663700573631,49.0201097084698,residential
10.000435000218,49.2168310047902,residential
9.45820166842869,48.8802376569037,residential
9.36997674495953,49.3126452872376,residential
9.82368239655866,48.7879618455072,residential
8.99798959685723,49.064014178592,residential
9.29880606212927,49.2872081525254,residential
9.30285213972135,49.2965652479538,residential
9.31295366978466,49.3030642430205,residential
9.30438828553657,49.3056606040619,residential
9.3048981471172,49.3037985094956,residential
9.35811533391114,49.3163800577932,residential
9.35273163441309,49.3055024703462,residential
9.42795997835538,49.2572129298807,residential
9.43276420970675,49.2655973841272,residential
9.43206570436648,49.2628102803642,residential
9.39275885367858,49.2483752234588,residential
9.39634442801083,49.2465605921617,residential
9.44680575978197,49.3668449990888,residential
9.26722231351318,49.2877848840523,residential
9.27876181934312,49.2919455272049,residential
9.26350078575977,49.2833995419582,residential
9.2008932645451,48.7079787836384,residential
9.64782512023218,49.2141210348334,residential
8.89192855459303,49.128706565188,residential
9.19198003838338,48.8074171520765,residential
9.32670344812865,48.618704585237,residential
9.32816088375686,48.6203085053607,residential
9.32753813169154,48.621276524309,residential
8.93195822299323,49.2031761854797,residential
9.13476794057108,48.7260613408194,residential
9.79581519756267,49.3527438434036,residential
9.28162424796087,48.6715444018664,residential
10.0783489743061,48.8305015560553,residential
9.20684874885189,48.821812611585,residential
9.18899899010194,48.8081876687691,residential
9.22591797394436,48.7951797434776,residential
9.17819461770136,48.809407455383,residential
9.80702928943383,48.8311825294506,residential
9.73537621843426,48.9501078213042,residential
9.73773343933039,48.9511777601913,residential
9.73768605281432,48.9521066543316,residential
9.73670890431495,48.9503614426304,residential
9.7365555924819,48.9518489061783,residential
9.7378318903797,48.9540085289864,residential
9.742744497807,48.9190376827832,residential
9.73820000991507,48.9184089023731,residential
9.73531876202004,48.9223411304529,residential
10.0068578682017,48.816680291664,residential
10.0112321703006,48.8156476530636,residential
9.07364250357628,48.8213474615784,residential
9.06014866216129,48.8236352021422,residential
9.75550371080873,48.9154693229317,residential
9.82587485798164,49.1441075173792,residential
9.06383356994596,48.8361492186641,residential
9.82540181716669,48.7629606359171,residential
9.83254154383738,49.0572162085097,residential
9.04513289619267,48.7924620507037,residential
9.07791213843481,48.7951014312283,residential
9.05221504800185,48.7631628530593,residential
9.01072593925123,48.8128104740258,residential
9.14124223246821,48.9370508897671,residential
9.57842227804899,48.6833563053705,residential
9.72319836098944,49.0504699348694,residential
9.17455261292985,48.8965519955921,residential
9.12073491252231,48.8549958665466,residential
10.1849814484178,49.1418898129911,residential
9.17917568297393,48.8058339315215,residential
9.72991003877841,49.0609248373796,residential
9.71594054063406,48.9483946430278,residential
9.20734320805316,48.8946983343681,residential
9.20934810410843,48.890424851275,residential
9.94127743706647,48.9176988293839,residential
9.93974700611552,48.9185296548923,residential
9.93889048068402,48.9197014474742,residential
9.9662730668931,48.9496724084873,residential
9.19519454505705,48.8866700918987,residential
9.2090535929191,48.8833497137708,residential
9.70776581286239,49.0222838515945,residential
9.70621929866683,49.0227653940283,residential
9.70620880224045,49.0213358648579,residential
9.7046789835051,49.025439278672,residential
9.86197963366106,48.7350597847323,residential
9.86014045601874,48.7366574311662,residential
9.82376421675805,48.7898233227958,residential
9.6973747633906,49.011135710564,residential
9.68940017351262,49.0169146561073,residential
9.71062128814441,49.0027544172883,residential
9.4389902890084,48.7483193750822,residential
9.45463837412723,48.7599158210031,residential
9.22789235027472,48.817131961436,residential
9.48240444498782,48.7524549904385,residential
9.47728034901095,48.7345860167625,residential
9.76836287664655,48.9750990913707,residential
9.06312539801847,48.8221090276697,residential
8.90485771223543,48.7708228736375,residential
9.19879867577493,48.8092121762213,residential
9.13226736179828,48.783537954428,residential
9.93181057221667,48.6950607062295,residential
9.1860683740783,48.8241908429746,residential
10.3689818431131,48.8487419685097,residential
10.369658296445,48.8452526796327,residential
10.364432787608,48.8438811323564,residential
10.3636583381541,48.8447421568165,residential
10.3660484156394,48.8452671508772,residential
10.3707225686487,48.8485219490857,residential
10.3697088759985,48.8496696238221,residential
10.3691801952215,48.8506439170725,residential
8.98490166758238,49.1107455359925,residential
9.21043031034169,48.8114214779517,residential
9.00304603238423,48.9590479605164,residential
9.50618373161125,48.9847928570737,residential
9.73026754839842,49.0502043015574,residential
9.18902298259161,48.8086477196317,residential
9.18816164236555,48.8085241938624,residential
9.18973011063493,48.8086494567382,residential
9.18759058316467,48.8085572702116,residential
9.1878494783735,48.8093872248065,residential
9.18845275994261,48.808685482235,residential
9.45821886860589,48.6548971871199,residential
9.46230732858887,48.6547290295644,residential
9.45907291337245,48.6585871703763,residential
9.44673009333754,48.6588600887508,residential
9.45445610631304,48.6577727708902,residential
9.46724531301714,48.9268630083233,residential
9.18845098246239,48.8818766033124,residential
9.91467707416384,48.635269616937,residential
9.84615879727257,48.6134953120291,residential
9.65058504148321,48.8138857468979,residential
9.63803018593387,48.8393030826266,residential
10.3706660145834,48.8502160628725,residential
10.3780828757939,48.8510162748433,residential
9.17457437784913,48.8885777063698,residential
10.366604996505,48.8583184249687,residential
9.64086440853217,48.6952569791452,residential
9.1894310671579,48.8091540366196,residential
9.07634473118238,48.9566235718466,residential
10.0292160313062,48.8175957347134,residential
9.31543434901684,48.7327158267243,residential
10.0255011095432,48.8297696014327,residential
10.0084835856918,48.8522269691073,residential
9.48067728031354,48.6143244820862,residential
9.86544755455168,49.1044442161428,residential
9.30994695957344,48.9049464293115,residential
9.89250601080098,49.1421625774097,residential
9.89747288655563,49.1454678298256,residential
9.7504135355864,49.1163752825574,residential
9.75358737147705,49.1131564719418,residential
9.53862669454047,49.2051570543631,residential
9.23787777678161,48.8316810110057,residential
9.16591568655974,48.8466009791164,residential
9.26556965523359,48.7866846941224,residential
9.21801454560132,48.7029192329233,residential
10.1770221071409,48.80850837664,residential
8.96611742070106,48.9264877763646,residential
10.270642816684,48.7879678288511,residential
9.96582290875363,48.8940420665581,residential
9.95789556638852,48.815704196067,residential
10.1041680243224,49.3683491772134,residential
9.45353278965994,48.6886514360521,residential
9.21738777687166,48.8148911160916,residential
9.20643206354108,48.809151487522,residential
9.93007096950643,49.1664345798628,residential
9.21900241743471,48.8000904248011,residential
10.1237167116526,48.8165695746188,residential
10.0222009294402,49.2510703491078,residential
9.69899194604847,49.5971965838054,residential
9.49156773997295,49.0837841858932,residential
9.93448254645059,48.9843404389211,residential
9.93239051992811,48.9829413988368,residential
9.03880705219743,48.767945916741,residential
9.04118906151425,48.7674085516343,residential
9.04192709515948,48.768978187527,residential
9.03408193015412,48.7691693789371,residential
9.17695899161932,48.7556894551163,residential
9.10882004334492,48.7281560922596,residential
9.10095444984423,48.7255478039862,residential
8.9976541142067,49.0039073193062,residential
9.03743353750094,48.7014169234498,residential
9.73283200523744,48.9156121627007,residential
9.86155321668462,49.2488365780228,residential
9.35117596966114,48.7970641511477,residential
9.35142477060692,48.7988881612088,residential
9.35320694151976,48.7990930196089,residential
9.33280995254803,48.7919806174126,residential
9.3509994849576,48.7920218490521,residential
9.35107434627043,48.7927576430475,residential
9.35155496136987,48.7932140210528,residential
9.35234490446527,48.7942440495139,residential
9.14287464171698,48.8075314737037,residential
9.15493438315604,48.8148173625026,residential
10.0840607642809,49.0579391789803,residential
10.0745222633191,49.0476410412643,residential
10.0633353043167,49.0529678650323,residential
10.0790513540243,49.0545637043011,residential
10.064407332987,49.0957625867998,residential
10.0663290863121,49.0972647775741,residential
10.0670231610961,49.0997231763901,residential
10.0666640950974,49.0461183253057,residential
10.4526817935154,48.8085002443867,residential
9.15953679285081,48.829824635784,residential
9.16311176182234,48.837582933375,residential
9.16203283292884,48.8344668022265,residential
9.15830047137732,48.7395657873971,residential
9.16002969662261,48.7397589097407,residential
9.1587233460059,48.7386015298797,residential
9.15814289347616,48.7383331139867,residential
9.13383271651369,48.7264980086985,residential
10.2183224753389,48.914994442502,residential
10.2203708209297,48.9171287894013,residential
9.14526875723301,48.7623033423522,residential
10.2390539289527,49.1155558175106,residential
10.4344865477414,48.7027762939433,residential
9.69338098479322,49.150593453784,residential
8.99776896362134,48.6873539561994,residential
9.43164532854708,49.1704126412156,residential
9.65884248982276,49.2112994599909,residential
9.16530867265516,49.2375500107639,residential
9.16779540337828,49.2410295352549,residential
9.66919067298663,48.5523811536267,residential
8.82571238141541,48.5201591843639,residential
9.38206485716979,48.6473073468543,residential
10.1873526515377,48.6189563594728,residential
9.36187635758069,48.6236923586223,residential
9.6591734095618,48.9550736146352,residential
9.66979935702056,48.9535501902955,residential
9.31149295377217,48.6151901307154,residential
9.31444944684027,48.6153178360243,residential
9.14277319074553,48.9752881097274,residential
9.13936160425452,48.9133599572917,residential
9.85549896515085,49.6236140520004,residential
10.0995529637169,48.8517099868147,residential
8.97519929199959,48.9311507655788,residential
8.97256175400545,48.9298761627551,residential
9.47957487160734,48.7155965042147,residential
8.97074478723542,48.9334731552456,residential
8.97261414108618,48.9314585148427,residential
8.97249674762264,48.9327430117359,residential
8.97101968981071,48.9329637019491,residential
8.97080440993525,48.9325151975239,residential
8.96862561040208,48.9333673062537,residential
8.96944192569739,48.9324434765584,residential
8.96965823660254,48.9330273584301,residential
10.052891666544,48.8159617618097,residential
9.17928592253544,48.8186140185556,residential
9.18018474493732,48.8178802482816,residential
9.18233060206465,48.8181187236805,residential
9.18309434276014,48.8174921826277,residential
10.1180014936611,48.9405492730406,residential
10.1201280858676,48.9413954270138,residential
10.1289462746907,48.8976310858446,residential
10.1296984986061,48.8982429675651,residential
9.18311295798677,48.8075880291688,residential
9.18788308200069,48.805474635488,residential
9.18856432162861,48.8029851995944,residential
9.18955236073477,48.7976342493765,residential
9.19257645672399,48.7957627381581,residential
9.18053958036397,48.8018830002182,residential
9.17224290160628,48.8007990892345,residential
9.32187950865295,48.736523206377,residential
9.75566830385995,48.7250468100282,residential
9.34486665240731,48.6037213534616,residential
10.0850340594515,48.8303561361498,residential
8.95566353970686,48.9390343476325,residential
8.95944492523953,48.9402020731712,residential
8.95436665888796,48.9394840686265,residential
10.1144831469767,48.9947371870314,residential
9.75904181148285,48.7050747901893,residential
9.80436955252315,48.7057103823772,residential
10.1005082484936,48.987773956399,residential
9.12106739792997,48.7718118908857,residential
9.17424127648518,48.7883068498382,residential
9.57122970017677,48.6664109663742,residential
8.95171442008793,48.9379465723907,residential
8.95041114592972,48.9383375968376,residential
8.94897422548225,48.9386520149787,residential
8.94660138453749,48.9387296222558,residential
8.94731354095606,48.938802907776,residential
8.94805595787181,48.9389294164799,residential
8.95310839068036,48.937515187565,residential
9.01235188187213,48.6852795848083,residential
8.96905188616265,48.929795037871,residential
9.37540867701646,49.0505386850213,residential
9.68065567354975,49.0037376003228,residential
9.48598527144026,49.1806157469249,residential
9.14956011750036,49.0445161518263,residential
9.4290118380284,49.7369155034028,residential
9.78015149576878,48.7077596392808,residential
10.1423365640853,48.8145041569048,residential
9.27688148168206,48.8098019439062,residential
9.65566656144497,49.0960771621544,residential
9.98538795384896,49.0371729292168,residential
9.99012794750565,49.0418269478136,residential
9.6559085118831,49.6699371915337,residential
9.64564649304565,49.6676746906589,residential
9.67367165182405,49.6769295032032,residential
9.68950746876788,49.6910778582191,residential
9.68529006163004,49.6875359805349,residential
9.68335639818554,49.6866777308347,residential
9.1617101066242,48.9972331007844,residential
9.71698522880114,49.6870433429162,residential
9.7306977652473,49.6842102726771,residential
9.44823550446053,49.6751733388415,residential
9.42919011061041,48.8199531417523,residential
9.6618384156937,49.6697930472466,residential
9.45856222050756,49.7034552075314,residential
10.3956316400087,48.9822118862589,residential
9.32954034930134,48.6346638558803,residential
9.33022949090638,48.6356911394371,residential
9.32993706222835,48.6351923687295,residential
9.99345562847543,48.8237516011563,residential
9.99637920549316,48.823694108549,residential
9.43751951369044,48.8220553069671,residential
9.48142670054431,49.7474516167705,residential
9.50335374809355,49.7550653841065,residential
9.4944610665,49.7519262455323,residential
9.49830121707301,49.7538466348895,residential
9.50407399909399,49.7512678842956,residential
9.51777995662372,49.758881616867,residential
9.38469255213021,49.7410937189246,residential
9.57443642655048,48.6489675180076,residential
9.72047016579919,49.6869943586906,residential
9.52884956294629,48.636110758694,residential
9.62985359500218,49.7442210088184,residential
9.60393157711473,49.7466274532991,residential
9.61096788639182,49.7095848827822,residential
9.51893486269194,49.7517609752857,residential
9.5445282148364,49.7638201954321,residential
9.5256514554695,49.7601724128675,residential
9.50089671844156,49.0565144426703,residential
9.25267508053434,48.9321193510439,residential
9.13539011173904,48.7370811470441,residential
9.40288876569145,49.7421870777319,residential
9.40383306293452,49.7418154970215,residential
9.16582678932436,48.7822405230789,residential
9.47444745493356,49.09627620999,residential
9.5864562646965,49.0704885665824,residential
10.0986083330101,48.8423582820837,residential
9.06238157358448,49.0829941409288,residential
10.1048448164652,49.0038767739112,residential
10.1041804238333,49.0130632402727,residential
10.134022525956,49.0405087060986,residential
10.1301466437622,49.0410019504586,residential
10.1266526612096,49.0380421834344,residential
10.0843461122567,49.0419774199877,residential
10.0305636339732,49.0430011153342,residential
10.0193315663661,49.0472456079914,residential
9.6735739013367,48.8000531884341,residential
10.2168659400272,48.960497631899,residential
10.2127847706196,48.9629921469629,residential
10.2126083016563,48.9569618342819,residential
10.2161124082974,48.9626872954566,residential
10.2157194790498,48.9624569435043,residential
10.2105721228517,48.9606464424676,residential
10.2090563739417,48.9591854297766,residential
10.0093288280368,49.0590114154336,residential
10.0063916351146,49.0604897143692,residential
10.0049584354277,49.0644921196209,residential
9.54311099683492,48.7417633553634,residential
9.98880331868543,48.9066634690215,residential
9.98999906004235,48.9058638674628,residential
9.05846293106855,48.8613505598353,residential
9.05982571498502,48.8590330655912,residential
9.88423051469053,48.9833617491994,residential
9.91463911701917,49.0012826530288,residential
9.93371069765426,49.0087505460521,residential
9.94185768405147,49.0063778770698,residential
9.88890773605162,49.00637552626,residential
9.89568473377845,49.0092082364275,residential
9.54823245395919,48.7247179460226,residential
9.93042436304458,49.0233843530488,residential
9.93122829670492,49.0226463649268,residential
9.94853021934614,49.0197496971771,residential
9.30581019397358,48.9502794734444,residential
9.51505185,48.7207958,residential
9.66747126334254,48.7515691029304,residential
9.67404611169396,48.7516103526072,residential
9.6139781351648,49.3559460161387,residential
9.09703734279273,48.7443754486119,residential
9.09609377394277,48.7440578710841,residential
9.10082692927124,48.7428632738376,residential
9.10230584156069,48.74221694865,residential
9.10219375,48.7431585,residential
9.1016579,48.7463651,residential
9.92624084215112,49.0285521116452,residential
9.10110668367093,48.7467523901453,residential
9.09959390920691,48.7450007765898,residential
9.15043013706321,48.7581319833466,residential
9.32305540129375,48.6064428094391,residential
9.88305543154921,49.0683686698962,residential
9.88221054258002,49.067658932634,residential
9.86651170085392,49.0644440569854,residential
9.86191500445038,49.0660608894595,residential
9.77833323809507,49.4992546015592,residential
9.81368835089064,49.4873688487229,residential
9.16401141022729,49.2906966746171,residential
9.51514760870618,48.722206910749,residential
9.2207289373836,48.6397072723317,residential
9.65762876718754,49.4035557991363,residential
9.60704121793765,48.973973216229,residential
9.60449571353345,48.9752061170219,residential
9.60313763813367,48.9769109837327,residential
9.5981842563755,48.9756147183121,residential
9.88906863190407,49.3540956129269,residential
9.87479959771566,49.3550208250375,residential
9.87027950150754,49.3579460036035,residential
9.86570216328927,49.359050041865,residential
9.76578226011559,49.281688945848,residential
9.76317822993227,49.2808193367666,residential
9.76066719975627,49.2811763097878,residential
9.77362649263205,49.2979181321034,residential
10.0870255703451,49.040020670648,residential
10.08180731675,49.0424100442574,residential
10.0571512957313,49.0480741601075,residential
9.73572132126957,48.8730594418424,residential
10.4432828516129,48.6800924325539,residential
10.46233085,48.68897245,residential
10.4622004,48.68873615,residential
9.79550512370391,48.809600084927,residential
9.20028437761644,48.9716601011391,residential
9.21358410631486,48.9590327245464,residential
8.97725401557486,48.9840584263971,residential
9.79729936536278,48.8080664552779,residential
9.86491962611651,49.2962438806756,residential
9.87941299513847,49.311831141512,residential
9.96407922693846,49.2417616871041,residential
9.96035705461038,49.2411998285472,residential
9.85272655570233,48.8238343405108,residential
9.44851557778222,48.64796416217,residential
9.44735764229761,48.6456051477101,residential
9.44520150808546,48.6525855635401,residential
9.68340448977493,49.5099540915334,residential
9.73235096557399,48.909789737918,residential
9.75317566126698,48.8750497688472,residential
9.90362110628897,49.2408648788032,residential
9.70438503575788,49.2062037664447,residential
9.78928086259091,49.2550225477098,residential
9.49411166409996,48.7119800749099,residential
10.0109727890233,49.0223150442629,residential
8.93239390600832,48.8515159175465,residential
9.75914858433482,48.9970563487281,residential
10.2082019972719,48.7427894904482,residential
9.62051575072813,49.2339656355826,residential
9.90451234129539,49.1956004696191,residential
9.87743109281073,49.372008854855,residential
9.87789291299443,49.3724191444456,residential
9.80657701536169,48.9773761499242,residential
9.58432697581637,49.2398212106743,residential
9.54104244897732,49.2499261984175,residential
9.84030036588311,48.9736911321184,residential
9.84501024195606,48.9727433318123,residential
9.54463321082957,49.2475440978877,residential
9.85169717291692,48.9652489996441,residential
9.85491449308562,48.9681800707389,residential
9.85601988824645,48.9651222111137,residential
9.88010302179427,48.968632698629,residential
9.87921791964908,49.3601554411254,residential
9.75408631767884,49.0298096477071,residential
9.35300294521285,48.8187446294465,residential
9.70158282403276,49.019818974636,residential
9.69221531152863,49.0048380304901,residential
9.86066507007218,48.8515729940846,residential
9.65054787199703,48.7179525083584,residential
9.62480502836782,48.7119323716293,residential
9.62969309460638,48.7161986949718,residential
10.1142584403535,49.2241958386563,residential
10.1155701368781,49.2318517655398,residential
9.17907576987979,48.9173488574465,residential
9.79897455820821,49.3657879873838,residential
8.98694539661965,49.2011185507705,residential
9.53471420646305,48.6128363738337,residential
10.0500552342166,48.8769508684017,residential
8.92183433904574,49.2128334100253,residential
9.16982067204762,48.752247021151,residential
9.16876443523344,48.7511436447729,residential
9.16856217147522,48.7523366745399,residential
9.16751864299304,48.7526588845861,residential
9.67190191952178,49.2340721597573,residential
9.7378480465536,49.2310728548968,residential
9.70770016786901,49.1983197181337,residential
9.50269063594408,49.3191913530018,residential
9.88026862586872,48.671003644649,residential
9.88940259347495,48.686180716961,residential
9.67702827929089,48.7012450588961,residential
9.6807982704858,48.7012937509862,residential
9.68224263994777,48.7018709914904,residential
9.64677317080307,49.2253716931272,residential
9.26811841320346,48.8502882471304,residential
9.7172152090017,49.5542841480263,residential
10.0273416459839,49.2714027358513,residential
9.64117623721813,49.0331501705822,residential
9.41825128969822,49.0763424199535,residential
9.43444578050499,49.0850541092226,residential
9.65545042604148,49.1125585118662,residential
9.33365854046752,48.9369708900157,residential
9.6762074725522,49.328183919262,residential
9.7970100683356,49.3359154900894,residential
9.69381591001068,49.3741144551853,residential
9.71503057959504,49.4005969194056,residential
10.0670475542946,49.3155989179903,residential
9.77216848556955,49.1848663334541,residential
10.0202076600314,49.2357776719687,residential
10.0219555298996,49.2365295905386,residential
10.0207707295545,49.2384205208847,residential
9.9195804984257,49.2573268215145,residential
9.9876047958977,49.2071951523916,residential
9.97770456669328,49.2743905467882,residential
10.0610115625467,49.177802536665,residential
10.0454397280638,49.1717338031308,residential
9.1175488789823,48.9064923150428,residential
9.90654921725862,49.2251701983984,residential
9.65115776404755,48.5635339785967,residential
9.64476111033553,48.5693103642365,residential
10.2312513551521,49.0809222226531,residential
10.2413551553256,49.0913687196843,residential
10.1816656932953,49.0778615803751,residential
10.1843931963342,49.0789582531759,residential
10.187229771797,49.0806011693339,residential
10.2324609926893,49.0659633624938,residential
9.54466606501785,48.9544111887571,residential
9.54618789490803,48.9540870573208,residential
9.4982303384265,49.0611891734367,residential
9.54664905163179,48.9364029184883,residential
10.041846888849,48.8665943394192,residential
9.5023300822962,49.0738471890136,residential
9.56780646799121,49.0438607826768,residential
8.9727841728819,48.9044355798963,residential
9.6068383208783,48.9190914434939,residential
9.60860007796868,48.918304058313,residential
9.59294137055285,48.92807825194,residential
9.97349778777182,49.2900207273821,residential
9.69343370823943,48.9020871367875,residential
9.69769362783808,48.904608568054,residential
9.67225998281244,48.9011719999712,residential
9.64609987588635,48.8690468089939,residential
9.7398049860683,48.8925848865825,residential
9.71405817136263,48.8965293599825,residential
9.70338223363855,48.908526011608,residential
9.46142103298604,48.9724528720097,residential
9.72994953357337,49.117175321963,residential
9.74754315426695,49.1061467498595,residential
9.75299281234925,49.1028785237158,residential
9.75442611885709,49.1018059605921,residential
9.61839920564999,48.8549135421072,residential
9.63730406290039,48.853500297759,residential
9.75807405149525,49.1192568608547,residential
9.44973249021219,49.1892562784368,residential
9.55824244695853,48.7991300219093,residential
9.5312371668807,49.0116945896661,residential
9.35782576949002,48.9192917431189,residential
9.65426697962507,49.1836011423035,residential
9.61271136716135,48.9597903370007,residential
9.61214317016049,48.9576026372689,residential
9.61378881275521,48.9568387412788,residential
9.61661550544697,48.9580269431456,residential
9.65239636420239,49.1597234801467,residential
9.66570570510457,49.1246061002997,residential
9.65955115283402,49.1261102120574,residential
9.63514040196679,49.1916625176775,residential
9.77133754904145,49.221447121777,residential
9.56840266160542,49.1289242326149,residential
9.64705873355948,48.9884209010557,residential
9.61339136371203,49.1543783891307,residential
9.61743838178295,49.1522233297477,residential
9.60502552869294,49.1556953200338,residential
9.60623171505161,49.1366397357671,residential
9.49060262863025,48.8123799890602,residential
9.64225058113192,48.9596471973476,residential
9.64179300677769,48.9541453949565,residential
9.7554285192941,49.0976521672845,residential
9.75993239386416,49.0973888897456,residential
9.75472304298389,49.0992745766115,residential
9.75786054025005,49.1032538130484,residential
9.7599696111064,49.1039572438462,residential
9.73487670129141,49.1203946905758,residential
9.72976842008746,49.1201618718046,residential
9.73548501250748,49.1231821181859,residential
9.73549333036547,49.1337748949235,residential
9.74030746474766,49.1189849902679,residential
9.86129562563912,49.1291346271766,residential
9.86541180821341,49.1168039078502,residential
8.97410452366356,48.9231324773626,residential
9.82047394449758,49.1599013383606,residential
9.61237031008748,48.9021121762284,residential
9.63959772519541,48.8503260650846,residential
9.88660013685232,49.0948426937331,residential
9.8819377501054,49.089363105236,residential
9.8843783748806,49.0875123592251,residential
9.86372034641719,49.0962839177386,residential
9.86749044907209,49.094898209071,residential
10.2955842183696,48.5628706757156,residential
10.1762193415703,48.6346622702183,residential
9.90230753718573,49.0813465855012,residential
9.90044959580125,49.0807903806667,residential
9.8922293636517,49.0819381848249,residential
9.89280305577243,49.0836966139942,residential
9.85681906565365,49.1113574551424,residential
9.83122305375567,49.1135014265931,residential
9.82759995117912,49.1145139096673,residential
9.57072747916289,49.1375476747626,residential
9.85594040007628,49.0891329846408,residential
9.92442503160781,49.1426911874372,residential
9.92866964195691,49.1488114213805,residential
9.91919286965035,49.1439980252591,residential
9.91789709450505,49.1440227238071,residential
9.99590320698042,49.1384111715461,residential
9.99447843322159,49.1390579161138,residential
9.97046007193396,49.1396368555192,residential
9.84721818218004,49.14069222823,residential
9.84663675813773,49.1396851009927,residential
9.84584973746258,49.1400557973009,residential
9.96373072408389,49.1024044241455,residential
9.98817004402154,49.0806488955722,residential
10.0040426779844,49.0842048532154,residential
9.11952926474476,49.1512126426999,residential
10.0027944391327,49.0866488492645,residential
9.97764856666667,49.0780914666667,residential
10.007232120967,49.0684227809096,residential
9.91496681961564,49.1007949106097,residential
10.076792017704,49.0569133565521,residential
10.0759356830181,49.0592864936639,residential
10.0773796113754,49.0602629802879,residential
10.0775832010687,49.0610369356709,residential
10.0426156632263,49.0495781524146,residential
10.0210443435635,49.0516322416504,residential
9.99367306336186,49.0444379008232,residential
9.99413726990183,49.0433347736898,residential
9.99530106048109,49.0506862304403,residential
10.076474465888,49.0710828951606,residential
9.97441128274123,49.0650930552727,residential
9.97266342394403,49.0660955534357,residential
9.53001601166933,49.1788719937613,residential
9.53342736835108,49.1800593270331,residential
9.5861556755305,48.8980821633937,residential
9.5412317140023,48.8703866779488,residential
9.56425871717687,48.897090986358,residential
9.55858197281622,48.8961751000548,residential
9.56134051689391,48.8956187553309,residential
9.55919699513522,48.8953380624559,residential
9.55548068910593,48.8918908065365,residential
9.55104812544038,48.8914665485331,residential
9.72186932093238,49.1822596800909,residential
9.52466911131596,49.1719406268227,residential
9.7211495963167,49.1466722475174,residential
9.71849645389212,49.1457968101548,residential
9.73058244930175,49.1577996785906,residential
9.72107875329016,49.1451036930802,residential
9.78921305105091,49.1718430790426,residential
9.78485341309043,49.1214245061335,residential
9.75097294402866,49.1257730200006,residential
9.75997771651591,49.1402323537388,residential
9.7593051825802,49.1416730713256,residential
10.0250726090516,49.2559917569407,residential
9.82841223525377,49.0971432492851,residential
9.82603569752894,49.0967158678971,residential
9.8374694951583,49.0947040753102,residential
9.83992712915195,49.0967668034698,residential
9.84944468442332,49.1066355510374,residential
9.81167748692714,49.1018732340848,residential
9.80873266648887,49.1204120252229,residential
9.76590250601642,49.1430647310166,residential
9.78590273501844,49.1069460496296,residential
9.7703234506389,49.1031687655476,residential
9.7855623391286,49.1030841486333,residential
9.78319599601603,49.1016785285089,residential
9.76892684324095,49.1026928314507,residential
9.77191656607122,49.0925390341675,residential
9.7703696839388,49.0935615306914,residential
9.76716352920062,49.0932707481685,residential
9.76652109807623,49.0949570028909,residential
9.68452069504447,49.1443970552581,residential
9.75417320572071,49.0948141244869,residential
9.76768236402172,49.0959605837123,residential
9.63860301859256,49.0692569362018,residential
9.63745193351143,49.0687138273896,residential
9.6334669042099,49.0599551431624,residential
9.65072542366431,49.0539861700969,residential
9.65451331122817,49.0664560029068,residential
9.74587529127224,49.1309424570702,residential
9.82977394562836,49.1665660008064,residential
9.80483872834463,49.1694909689246,residential
9.72348657280132,49.1631410361589,residential
9.73312843304088,49.087843091446,residential
9.15504726387549,48.769917722102,residential
9.66421176379892,49.1137506793578,residential
9.66638017339331,49.1145932693848,residential
9.77580274560902,49.0887854930933,residential
9.77587082205067,49.0906676630455,residential
9.904231684725,49.161823208493,residential
9.9034695078999,49.161245252065,residential
9.88756072145568,49.1519392660526,residential
9.77501665139413,49.1138967911588,residential
10.08735590612,49.1372758789542,residential
10.0111230058583,49.1622799380976,residential
10.0350103196826,49.1738969080302,residential
9.88863947564859,49.1489626997152,residential
9.45070278135491,49.1454869849426,residential
9.6573510075073,49.1179266978479,residential
9.65445986985537,49.1188769906221,residential
9.66168517871041,49.1206198665819,residential
9.66205009898794,49.1221977507861,residential
9.65384575682608,49.122958169558,residential
9.65635202063733,49.1224287275812,residential
9.65520501815368,49.1215344885546,residential
9.66397056945832,49.1283740692495,residential
9.66821315208232,49.1296382900941,residential
10.2407382456505,49.1366725503191,residential
10.0911345830557,49.1414254891184,residential
9.93870817375964,49.1695283323348,residential
9.91964705137148,49.1761997142019,residential
10.2465730987526,48.6259827549247,residential
10.1484437084713,49.0088736202518,residential
10.1488673509596,49.0093208623373,residential
10.1420256085676,49.0883026864584,residential
10.1406174224345,49.0889867696742,residential
10.1505861961414,49.1662455781153,residential
10.2490219856901,49.0532753400557,residential
9.74102286444231,49.0504278348661,residential
9.73192365610142,49.0479524868739,residential
9.72444372475532,49.0540587332856,residential
9.72382057211234,49.0524846821676,residential
9.72252391017072,49.0530772534819,residential
9.74591261836827,49.0544522213135,residential
10.158298900964,49.0599172335486,residential
10.1525722811454,49.0634163819534,residential
10.147904720594,49.065707505862,residential
10.1378821344405,49.0652739831801,residential
10.1591352698215,49.0723214684272,residential
10.1025286617908,49.0278013866301,residential
9.74768927192189,49.0635649869864,residential
9.74479851968085,49.0624471441158,residential
9.75510868256001,49.0668004086627,residential
9.75889292305726,49.065497486394,residential
9.76705222464739,49.076671143765,residential
9.75486474201152,49.052411684356,residential
9.75612420830089,49.0510639325421,residential
9.76377097053635,49.0512232475599,residential
9.7616317923167,49.0508932481778,residential
9.76815397784497,49.0555618122848,residential
9.76144719872021,49.0555496527132,residential
9.72322516195094,49.0719577873749,residential
9.72713523017086,49.071320049134,residential
9.70429450245909,49.0616578619182,residential
9.70162811136453,49.0660962440665,residential
9.80568724412545,49.0687257820117,residential
9.82822387626942,49.0697019353463,residential
9.81048561435726,49.0723478885104,residential
9.68303243386518,49.0628064700976,residential
9.6932961246756,49.0006992845055,residential
9.70956002720053,49.0689129297042,residential
9.35194745438965,48.8734249875866,residential
9.9516531912406,48.7537576260692,residential
9.68764648288405,49.1427485089831,residential
9.75895416450256,49.0892630683573,residential
9.82860056780792,49.5938705991377,residential
9.84854506405745,49.2477727428582,residential
9.43037032500445,49.2013319295898,residential
9.70038190560964,49.1448919402971,residential
9.68543011168022,49.1529652809264,residential
9.90325538647009,49.2293021384059,residential
9.93062020571483,49.2495111552003,residential
9.8366425044893,49.3600930243215,residential
9.83319296352204,49.3617009384568,residential
9.05750562853733,49.0767226136948,residential
9.60927803171788,49.6336620844731,residential
9.65356800811105,48.7211495927632,residential
9.63230556586525,49.6587758385313,residential
9.63249526727966,49.6622345200531,residential
10.0610794160532,49.1494756760388,residential
9.6719263582519,49.6086172203067,residential
9.66268701184948,49.6157921584501,residential
9.66211924790773,49.6166724460632,residential
10.0549982467339,49.1620752799425,residential
10.0570282973011,49.1641672187013,residential
10.0379816133129,49.1629430619701,residential
10.0379201549984,49.1632785832883,residential
10.0472247915374,49.1562111256354,residential
10.0716245314402,49.12277572773,residential
10.0656303939371,49.0927637218636,residential
10.0594388668699,49.0958097215626,residential
10.0650833903066,49.0971025535857,residential
10.0672673228442,49.1518121152158,residential
10.0662646690154,49.1530334539379,residential
10.0678692044055,49.0859313740778,residential
10.1018597779179,49.0973407694923,residential
10.0634154088637,49.1070436247003,residential
9.19800698728889,48.8119100146559,residential
9.51558680201282,49.7520623618218,residential
9.5174595623548,49.7549964747699,residential
10.018923095476,49.1364368162729,residential
10.0502079636288,49.1389611553806,residential
10.0327669958613,49.1215255913207,residential
10.0635704888887,49.1442835172126,residential
10.0626715577075,49.1413814452501,residential
9.66692726366638,49.3916657438049,residential
10.0733447201162,49.1195249157575,residential
10.073376550184,49.1203818888555,residential
10.0689204403123,49.1185327930764,residential
10.0239839516707,49.0434027382185,residential
10.0291937899514,49.0463045197652,residential
10.0839712533819,49.0450157823848,residential
9.72459124988085,49.661859776046,residential
10.0695513875517,49.1242217679571,residential
10.0903330950228,49.1437303502293,residential
10.0277697796357,49.1144606430912,residential
9.70760327892779,49.7025039396304,residential
9.70444920559618,49.6995092097753,residential
9.70057728123509,49.6963951001375,residential
10.0687443887087,49.1774091286471,residential
10.0773483471049,49.1761476788638,residential
10.0789908435155,49.1774339897262,residential
9.64014795406334,49.1456314776599,residential
9.93216703997687,49.1689037523504,residential
9.68193859485454,49.6802831039143,residential
9.68050195985533,49.6835562829969,residential
9.55076929772999,49.0828724421915,residential
9.5493920295665,49.0811123675368,residential
9.55058049923514,49.081758889608,residential
9.56546541960689,49.080497304559,residential
10.3398696754083,49.0232002998229,residential
10.3350234465252,49.0233973702514,residential
9.62995083520586,49.4865717593558,residential
9.66379584161808,49.493722711684,residential
9.63671347330459,49.4857109011743,residential
9.58670592898933,49.520276898991,residential
9.5841101694203,49.5195499813142,residential
9.64196277273369,49.4873585368405,residential
9.63822343370505,49.4754649368968,residential
9.6355331204912,49.4763964728333,residential
9.92415632441237,49.0335119118924,residential
9.87592152405367,48.849256080447,residential
9.87503898003534,48.8497186123549,residential
9.87318602399795,48.8500422532147,residential
9.87386985390313,48.8506357001265,residential
9.87628125328232,48.8488235802176,residential
9.87783015216157,48.8486546304501,residential
9.87746225307648,48.8491823459044,residential
9.87938784616001,48.8483300326308,residential
9.87917119968451,48.8488313679094,residential
9.88163319348632,48.8484040021609,residential
9.88429678059037,48.8494103248553,residential
9.88213538821061,48.8487944786688,residential
9.88172349100937,48.8491706905177,residential
9.87955353631759,48.8493599809212,residential
9.88037452082537,48.849747424966,residential
9.87564794382851,48.5866683693731,residential
9.88223365135841,48.8500198745417,residential
9.8822946382341,48.850459284439,residential
9.87964225104587,48.8506256612953,residential
9.88064837526285,48.8516404307919,residential
9.87783877307074,48.8500596979018,residential
9.79359347855989,49.5406988648927,residential
9.87822411831401,48.8510268368211,residential
9.17264755694391,48.7848931300372,residential
9.39560649236727,49.1945872970857,residential
9.70693063940736,49.5254691645043,residential
9.09510734119589,48.7439215362659,residential
9.87576998696776,48.85147242785,residential
9.87745748736179,48.8524102545818,residential
9.87388594053943,48.8532172452494,residential
9.15890862136175,48.7322067215661,residential
9.15836248186859,48.7318491637623,residential
10.106938734697,48.9035884948163,residential
9.87519046698639,48.8510114580509,residential
9.74176436078757,49.5482420646491,residential
9.6703313657634,49.4754528178556,residential
9.66457995717584,49.4656617298646,residential
9.66653764365081,49.465280813592,residential
9.66846864140438,49.4676743125584,residential
9.87434038091258,48.8529903816627,residential
9.8734369369853,48.8538268174808,residential
9.975591493694,49.1937875245483,residential
9.99132848538049,49.2103499475228,residential
9.9942475749186,49.2067976883555,residential
9.99179807017698,49.2083793435504,residential
9.999327206767,49.2120381381452,residential
10.0003264960626,49.2058738242212,residential
9.63982585185416,49.5273029059735,residential
9.64206602853122,49.5276002850191,residential
9.94722287079924,49.2173784945684,residential
9.95008528987392,49.2160288814615,residential
9.66019228990294,49.2933003323792,residential
9.79390522729953,48.6320550704759,residential
9.79540009988495,48.6311015534775,residential
9.63811035920888,49.1453548256309,residential
9.64217547618537,49.161632157338,residential
9.64301941231453,49.162276459315,residential
9.654577842063,49.1690282193741,residential
9.64627301246824,49.1875357622015,residential
9.64551291102532,49.1870744067145,residential
9.64415274725031,49.1836788579433,residential
9.64423164819474,49.1863331605769,residential
9.65460259551776,49.2041210465008,residential
9.53462449744866,49.0772560574847,residential
9.53556407248817,49.0742616314572,residential
9.57447218354944,49.1093959476678,residential
9.57198065956022,49.1105849745755,residential
9.56755168390874,49.1128673371963,residential
9.53351687008699,49.0784290936091,residential
9.54057768036425,49.0851062058143,residential
9.52168368711999,49.0869585519913,residential
9.52104188280572,49.0856249453227,residential
9.55831100477602,49.1019489186423,residential
9.55351860076557,49.1028757444722,residential
9.54484185874487,49.1059963392122,residential
9.54361329257643,49.1064906215963,residential
9.54793933862786,49.1133560813486,residential
9.54701404078967,49.1128600221667,residential
9.55931235514708,49.1109253961639,residential
9.56011902557075,49.1135677462853,residential
9.54691084871072,49.1198992400194,residential
9.55311701419879,49.1235133335849,residential
9.58487854269844,49.1045854562389,residential
9.53671211813754,49.1011536818142,residential
9.56142673484484,49.0563619471808,residential
9.56031225606552,49.0562940461395,residential
9.60774490804631,49.0547975839498,residential
9.50957212349783,49.1012519972812,residential
9.51297470292375,49.1013312828357,residential
9.52712608804939,49.0987941941242,residential
9.54352213161179,49.0562479026388,residential
9.54439787729296,49.0558248505128,residential
9.57284847625665,49.1009264261721,residential
9.49044712699596,49.0889129504619,residential
9.49987837242564,49.0829282085704,residential
9.49647944836748,49.0835742494159,residential
9.49896069471146,49.0847336512333,residential
9.48093477578225,49.1081884162162,residential
9.49396411151078,49.1291710107853,residential
9.87425347850649,49.084549288858,residential
9.74621655076146,48.9907748908919,residential
9.7061818339303,48.9959147484985,residential
9.70616150107218,48.9981644569014,residential
9.70603990519728,48.9992060661878,residential
9.70503922281885,48.9825553620695,residential
9.69855523561491,48.9836971264436,residential
9.69353323485018,48.99188543202,residential
9.6735783613972,49.0042961467162,residential
9.67544608285614,49.0037183784835,residential
9.69683958958686,49.0096985256945,residential
9.69478003576216,49.0098712431119,residential
9.69408785536486,49.0084706725261,residential
9.69247327039772,49.0077977180302,residential
9.68859581069586,49.0045125546179,residential
9.65718336611161,49.0247356045284,residential
9.65969129241057,49.0190328121373,residential
9.62748546676466,49.0471604467079,residential
9.63516804556925,49.0369019030854,residential
9.63216775387269,49.0360545940625,residential
9.6313617554558,49.0357576675227,residential
9.65935904472383,49.0003816917909,residential
9.65939555177183,48.9975495806667,residential
9.69020517219302,48.9795632009653,residential
9.6889046953072,48.9784242918031,residential
9.68703191132408,48.9773196571081,residential
9.68593187031051,48.9758503698555,residential
9.68276931459737,48.9769752727869,residential
9.67943424634258,48.9753244361504,residential
9.66986121423738,48.9862719311381,residential
9.6719463010948,48.9870370174572,residential
9.66762693626982,48.9650530616909,residential
9.66729148689494,48.9632702636696,residential
9.61779046337089,49.0376707376399,residential
9.63198609443749,49.0258284799506,residential
9.54089853056963,49.7660679972351,residential
9.78637224393215,48.9696123110041,residential
9.74721395884999,49.0399857386013,residential
9.74521738303134,49.0387313393879,residential
9.76216753580801,49.0382013487261,residential
9.7612984666471,49.0359647940997,residential
9.7559674054093,49.0329995074015,residential
9.75328172660969,49.0367455966917,residential
9.75857870174149,49.0391026637117,residential
9.76057441115604,49.0398501720274,residential
9.76175652934412,49.0405475785619,residential
9.76328462604666,49.0409509916753,residential
9.74263148727889,49.03414750085,residential
9.74133231293458,49.041089558447,residential
9.755013489789,49.0055609602927,residential
9.74691385495804,49.0252408187129,residential
9.74622815986627,49.0204068362806,residential
9.75169405922729,49.018404436174,residential
9.75438913670958,49.0129208082179,residential
9.75529261454291,49.0128922640346,residential
9.75267761531764,49.0104660608049,residential
9.7533591623682,49.0079933509555,residential
9.75356956695089,49.0093118884325,residential
9.73251511701217,49.0275406760107,residential
9.75213650646995,49.0003116870091,residential
9.75352506118905,49.0044644182543,residential
9.75622077845606,49.0077852810293,residential
9.77943754886742,48.9940210935616,residential
9.77591132816323,48.9836747662613,residential
9.77699641474354,48.9843422866437,residential
9.78807848914784,48.9841315248259,residential
9.78888274510768,48.9743220580912,residential
9.80935674093578,49.0162397287935,residential
9.8077400337495,49.0137552129577,residential
9.75216516110532,49.0301856440256,residential
9.78192557110673,49.013044844984,residential
9.74281786146453,49.1171155713985,residential
9.75079174654018,48.6699062727447,residential
9.74899120356542,48.6727357137786,residential
9.09294657919648,49.0197071437629,residential
9.60185106598484,49.1930080191674,residential
9.59779974289051,49.1913018662917,residential
9.74340895065376,48.9388739228283,residential
9.74502578528823,48.9408558614862,residential
9.74265894524495,48.9407438607758,residential
9.63756001937481,48.7084825074695,residential
9.73970597230823,49.0946541789687,residential
9.694844014028,49.1097785151206,residential
9.58416233268064,49.2022369872908,residential
9.58044265652227,49.211822579237,residential
9.58725966138418,49.2114553889185,residential
9.54267694131302,49.2334928742775,residential
9.61783509504341,49.2063984862695,residential
9.68636368459405,49.1990262146837,residential
9.76939727952391,49.1949099351123,residential
9.76060988475623,49.202391563774,residential
10.0793321983119,49.1536354507289,residential
10.0780434478894,49.1531472913195,residential
10.0753290185101,49.1530463733767,residential
10.0766788559954,49.1540138539771,residential
10.0764416856231,49.1520886558,residential
10.0744442434615,49.1511164890439,residential
10.0798551598809,49.1453369602175,residential
10.0792155301427,49.1474280568832,residential
9.96379922175084,49.2433552343302,residential
9.86051751068757,49.2302630244336,residential
10.0473724473204,49.186168234393,residential
9.77899458976135,49.2345735683171,residential
9.78548795570104,49.2512873786469,residential
9.79413169597145,49.2526342769188,residential
10.0613292392107,49.186329771343,residential
9.94164900381572,49.1675637990159,residential
9.7777075010019,49.218690554343,residential
9.93714170536798,49.1513197619931,residential
9.99444202226439,49.1439845931508,residential
9.93635713333333,49.2395742333333,residential
9.9351409976543,49.2394417871484,residential
9.73285015035846,49.1149061411978,residential
8.93425749181465,49.2054339184059,residential
10.1320139466849,49.2418915312886,residential
10.1479786080235,49.4225245539445,residential
9.55844398633368,49.0338444186719,residential
9.55925586639682,49.0349268678953,residential
9.72166955101305,49.5426492084728,residential
9.68688285115875,49.2220233880168,residential
9.68373466250355,49.2285228860017,residential
9.59856573258883,48.5705106644878,residential
9.63426782120242,48.5506113986757,residential
9.6259666055567,48.548690319481,residential
10.0098998187847,49.2865043567967,residential
10.0040835714092,49.2786495228817,residential
9.31741949268287,48.8182279354462,residential
10.0264168855737,48.9740411845867,residential
9.9761236673679,48.9457996815745,residential
10.1375940196888,49.4393939620627,residential
9.12599228401762,48.7856375779219,residential
9.84860297573507,49.6581880809999,residential
9.848763921576,49.0967267436491,residential
9.97153541306229,49.2889463985834,residential
9.96585119608814,49.2979167621726,residential
9.66706433325322,49.1914308165918,residential
9.66423663732177,49.1892477834443,residential
9.6663758562791,49.1882846590618,residential
9.66703616731507,49.1885387468562,residential
9.66629722151868,49.1889238287701,residential
9.66925252524285,49.1883278274983,residential
9.94511656773687,48.8710082485862,residential
9.94503491539163,48.871991142584,residential
9.62398870023858,49.0544529804324,residential
9.62472691199798,49.5238688876677,residential
10.0768337718432,49.2172101969875,residential
10.0638464788724,49.2080222970537,residential
10.0600172823778,49.2094140061766,residential
10.0574784617981,49.2096613978055,residential
10.0680336319234,49.2063137186489,residential
10.0153169918572,49.2496955431851,residential
10.1031060479283,49.2180715956211,residential
10.0975516364717,49.215862474452,residential
10.0295321725981,49.24888384845,residential
10.0345565527111,49.2532064281554,residential
10.0348078498847,49.255680067811,residential
9.49427201961885,48.9322264975974,residential
10.104036109448,49.0324472284735,residential
10.0988027129433,49.0291727419905,residential
10.0992869252334,49.0304034039849,residential
10.0965463754361,49.0336328960363,residential
10.0967679232717,49.026192449917,residential
10.0969920497716,49.0241790957524,residential
10.0960438140549,49.0247928716709,residential
10.1079418876453,49.0159872021929,residential
10.1054424770658,49.0144545889989,residential
10.1007724522522,49.014961263588,residential
10.0837418205257,49.0284975413559,residential
10.0823272850638,49.0291248896174,residential
10.0825106152268,49.0586710883056,residential
10.0822669438726,49.0603918368836,residential
10.1441500564767,49.0518317251199,residential
10.1462952278854,49.0500749024944,residential
10.1466316889466,49.0512129408077,residential
10.1181890624311,48.6015065964751,residential
10.0820365499043,49.0625935084438,residential
10.1563154720621,49.0849079903367,residential
10.1580294985381,49.0696044890166,residential
10.1586678065841,49.0702797461221,residential
9.20932642034957,49.1472452478875,residential
10.0322219257111,49.0325414705356,residential
10.0336062570157,49.0327229710349,residential
10.0404835588245,49.0277455811281,residential
10.043450182129,49.0296766891875,residential
10.0237485361624,49.022696987732,residential
10.0197810485424,49.0246591621788,residential
10.0140139215916,49.0236995965629,residential
10.0435699648669,49.0130753732888,residential
10.0444217325238,49.0131395302783,residential
9.60290860263061,49.4533574621555,residential
10.0942457631563,49.0056303025108,residential
10.0935500875545,49.0055993413136,residential
10.0933053426748,49.0064888588153,residential
10.143211408155,49.1717769194817,residential
10.1871808196083,49.1278653108167,residential
9.5023164787379,48.9498689006914,residential
10.0477864686488,49.1317245441899,residential
9.63196450955228,48.9907313767547,residential
10.1344606777938,49.1378952945714,residential
10.2113547601564,49.1525706353283,residential
10.2142778960904,48.6017769852375,residential
10.2126443095835,48.5999253061076,residential
9.40825198772892,49.79141034222,residential
9.85126500595762,49.0509442343735,residential
9.83740420210743,49.0329952186547,residential
9.83078937707979,49.0620876303462,residential
9.83565944057153,49.0550201868564,residential
9.59210817853884,49.0121838837422,residential
9.86498272569363,49.0451828457523,residential
9.86521565071455,49.0429694679211,residential
9.85611206428035,49.0398208400357,residential
9.92755645360391,49.0309520646679,residential
9.92393051450175,49.0304866512151,residential
10.0807707767896,49.2528824112356,residential
10.1251750578898,49.3208767180074,residential
10.0077935821579,49.2579672485443,residential
10.0099034694038,49.2575858416904,residential
9.97749428570352,49.3393262711856,residential
9.60218804734843,49.6182773053286,residential
9.63968138122187,48.7388978832864,residential
9.88004378692899,49.0560002544963,residential
9.76372848124542,49.0747516464821,residential
9.97798381817852,49.2008659075518,residential
9.01169068396489,48.8069603143019,residential
9.97933059195548,49.3488695027113,residential
9.87995008677842,49.356903554781,residential
9.88182349724231,49.3548621412503,residential
9.96062474007055,49.3430310079155,residential
9.3773195058455,48.7320520230948,residential
9.88588801269987,49.0528300136914,residential
9.88921478706492,49.0534314728802,residential
9.89179137777306,49.0641296999075,residential
10.2036563727043,49.0739321838096,residential
10.1978048562536,49.0686255853478,residential
10.2315222555245,49.0644184175905,residential
10.2564321551662,49.0391542657965,residential
10.2540273877954,49.0376123490689,residential
10.2577369824535,49.0372659413179,residential
10.2570515527495,49.0377116980638,residential
10.2353218546936,49.0794754687448,residential
10.2227048202102,49.0816507099318,residential
10.2331384370875,49.075986126636,residential
10.1794316841264,49.0728388027441,residential
10.1856677631103,49.0588858799731,residential
10.1836441576547,49.0590371257505,residential
10.1823848061945,49.0572666557889,residential
10.1884323072655,49.058199609173,residential
10.2203040084349,49.084489791802,residential
10.2233521562654,49.0949104848231,residential
9.73792706450449,49.2686524314673,residential
9.73291096982897,49.271672725451,residential
9.94010518999814,48.9706008898027,residential
9.88838559698956,48.9902093498688,residential
9.89553970850809,48.9880661184567,residential
9.9118294656448,48.9846719578604,residential
9.8699511961355,48.9701190490789,residential
9.89969692950165,49.0085472859057,residential
9.91208131571206,49.0035181427556,residential
9.84991698006703,48.9612196774789,residential
9.8502663088199,48.9603718902375,residential
9.89789565355342,48.9463149843497,residential
9.86363030432716,48.9340422842481,residential
9.86538177223428,48.9343624804394,residential
9.86787050166326,48.9364311875194,residential
9.86299986676904,48.9395059512254,residential
9.86398710922714,48.9380184466573,residential
9.85464109939829,48.948942185505,residential
9.92165490249738,48.9900579299294,residential
9.91546475836248,48.9890271434358,residential
9.91614674849482,48.9917206955776,residential
9.92612065891617,48.9820986925715,residential
9.88045037668607,49.0260046792573,residential
9.88863877741995,49.5586671698815,residential
9.53909330952418,48.8069785255049,residential
9.54172606874563,48.805939645918,residential
9.53075149130972,48.8123980063959,residential
10.1417487651724,49.1834473385853,residential
10.1378031196969,49.1741116829682,residential
10.1466000940061,49.1770976375898,residential
10.1416092618711,49.1786227803665,residential
10.1593061601091,49.1790617582989,residential
10.1338326990752,49.1916369163595,residential
10.1346222482747,49.1923544721839,residential
10.1420272914574,49.1865956515044,residential
10.1430328154436,49.1870623081111,residential
10.1048569097325,49.1920730711492,residential
10.1001911419795,49.1890939965093,residential
10.0986354281784,49.1895279205064,residential
9.99457370586754,49.1454765486644,residential
9.84877979532649,49.0277387476954,residential
10.0897732109955,49.1718112427154,residential
10.0604738875322,49.0963067433354,residential
10.050785760468,49.1622931382184,residential
9.97834843381895,49.17851070187,residential
9.95302144135614,48.9328629824035,residential
9.7331128026951,49.1163637583845,residential
9.05995002527545,49.0647361220257,residential
9.7840430311877,49.0995393669467,residential
9.02473170107942,48.862728952788,residential
9.41346070435362,49.0904393194508,residential
9.40730198928766,49.0911518841617,residential
9.78095523688226,49.1090662543436,residential
9.98033817816449,49.3587216462118,residential
10.0133823120078,49.3661169859953,residential
9.8309256354642,49.043994722572,residential
10.0366640765371,49.1750819231644,residential
9.72592805273171,49.1865840835445,residential
10.1049983033005,49.5234980522017,residential
9.63926241419834,49.2021943041321,residential
9.61653605157667,49.1964435487049,residential
9.69375579154089,49.1834245828299,residential
9.68307893164543,49.1790849387243,residential
9.65714253406482,49.1910060755241,residential
9.78989774277658,49.1662785300081,residential
10.2069777076815,49.1286698044503,residential
9.88349822594762,49.2153420443817,residential
9.98677448340388,49.2118612408266,residential
10.0425604659386,49.2412377618817,residential
9.03448962005063,48.8687977462914,residential
9.65017179030936,49.2153837336816,residential
9.59455061345687,49.1910569396652,residential
9.59651169096314,49.2098638160115,residential
9.59281760399922,49.2084209883881,residential
9.58720377360156,49.2069146563058,residential
9.585897193299,49.2067626254076,residential
9.6200817705754,49.2218594066452,residential
9.81984550990086,49.1855347238931,residential
9.97765596813343,49.0843442594397,residential
9.33311350842996,49.0428561882463,residential
10.0742503011202,49.3827240775199,residential
10.0588109406303,49.3251821068186,residential
9.87528896525662,49.3552029335591,residential
9.792228126557,49.2215075167478,residential
9.72791837069657,49.2134800530925,residential
9.91680910200349,49.3489505144382,residential
9.79783712897081,48.6889580517207,residential
10.135984966704,49.1727978384455,residential
9.90634688507435,49.2343271591554,residential
9.91450951830979,49.2112737338952,residential
10.0296321048094,49.1163316290386,residential
9.62187748842573,49.1820349438291,residential
9.85338626551241,49.2317371486948,residential
9.83698714531939,49.2777454511688,residential
9.8367844137313,49.2774882991764,residential
9.84318956063218,49.2282775218032,residential
9.3054457022201,48.7586965265722,residential
9.81222096438917,49.2657796674818,residential
9.85408654017803,49.2173341011665,residential
9.21564191506449,48.9101950889948,residential
9.21852142375998,48.9086400123464,residential
9.55149732376161,49.6120240291447,residential
9.86550229810654,49.2469912691509,residential
9.86988537921709,49.2419790945724,residential
9.85938676316853,49.2532972986864,residential
9.86217916043003,49.2508041884513,residential
9.7962046720225,49.2824759538811,residential
9.79694430734157,49.2815817457245,residential
9.8286348451141,49.0684585924051,residential
9.79367128641707,49.3007902130784,residential
9.00364055596157,48.6396897214864,residential
9.73216877523341,49.314364666511,residential
9.36300048069511,48.8101000748469,residential
9.95002164979308,49.1526027301459,residential
9.31370336136796,48.7610117698526,residential
9.80331605317127,49.3020389594759,residential
10.0154120912002,49.2599678858496,residential
10.0255542892798,49.2584130493704,residential
10.0321797854775,49.2485292287215,residential
10.0296612042158,49.2546975016961,residential
9.36809921140351,49.1395512845977,residential
9.36760181195308,49.1163562294967,residential
9.53084027975178,48.7986411297488,residential
9.86845197736522,48.5862477782651,residential
10.0311087313092,49.187376476561,residential
9.22645411145625,49.2181893258881,residential
10.2034706321314,49.1133058319625,residential
9.80874127793464,49.3052918276348,residential
9.80358470201792,49.3070523058363,residential
9.95217829172456,49.3351488153201,residential
9.30975261326439,48.767111531934,residential
10.1602289593779,49.1799328314516,residential
9.86560137476283,48.6654408218984,residential
9.56092847698343,49.0558470470161,residential
9.80552649360496,48.7965108424977,residential
9.73461579112955,49.1050475612102,residential
9.72620309314963,49.0498717497202,residential
9.96260985699353,48.9693384025042,residential
9.90236321422421,48.9845634036709,residential
10.410997584046,48.673544757092,residential
9.6829776639489,49.0825986750602,residential
10.007254087111,49.2178920933643,residential
10.0091269751449,49.2162861590336,residential
10.3438189565707,48.7535779615665,residential
9.68739585557051,49.2774257016819,residential
9.6870354741261,49.2850729431974,residential
9.68307622486851,49.2849530870337,residential
9.67873264954238,49.2904606160826,residential
9.68350505028768,49.288630231817,residential
9.67899132598992,49.2916971629255,residential
10.0846208113088,49.2830770834495,residential
10.0788138403981,49.2806349158261,residential
10.0482924590484,49.3585704345593,residential
9.8598489083239,49.1251889207038,residential
9.72681878894081,49.1113867807469,residential
9.72872205905988,49.1122828706257,residential
9.72778673513076,49.1119030861185,residential
9.72978316026973,49.1118735884541,residential
9.95135339042482,48.8220249234645,residential
9.84747365023441,49.6101689976153,residential
10.0852676777073,49.139723489279,residential
9.55373809732404,49.1806039098125,residential
9.53468147974683,49.1621521926942,residential
9.56195696722359,49.148809302792,residential
9.56068349849209,49.1499992832376,residential
9.73697648424967,49.281951564765,residential
9.57812138220301,49.1368179062924,residential
9.62118487680682,49.1536300053759,residential
9.53314634447652,48.935099084059,residential
9.53621717927641,48.9354063790132,residential
9.56955999066913,49.135180561867,residential
9.56963599301292,49.1293756337842,residential
9.56266315283195,49.1437846183438,residential
9.54897415075426,49.1479550943892,residential
9.19623497814696,49.2124230084698,residential
9.75445536241198,49.0673685523759,residential
9.55925180044624,49.1054521556599,residential
9.8814747862909,49.1805903214667,residential
10.1037807039505,49.3357360299887,residential
9.70578633822601,49.2826702924176,residential
9.15935369910985,48.7760494500982,residential
9.19911675530751,48.8926500126963,residential
9.67315663454631,49.0961478012054,residential
9.68047624626118,49.2568251909882,residential
9.60411683385605,49.0976315719515,residential
10.2558036227812,48.8748539350819,residential
9.48084982928259,48.7982692067852,residential
9.47862754001603,48.8038800044443,residential
9.98400749150324,49.2204404013049,residential
9.58872494450625,48.9590438892059,residential
9.5882137815167,49.0183547492547,residential
9.58716355811187,49.0215004379614,residential
9.58499455758275,49.024383924009,residential
9.53796482205039,48.9910999388876,residential
10.1978195924928,48.6152559523698,residential
10.4126928011037,48.9836819637065,residential
9.45909840157091,49.020395166924,residential
9.62565868628914,48.9686626014374,residential
8.94439531674517,48.8933631793654,residential
9.53566291848925,48.9899192425916,residential
9.56820324941544,48.9706427293914,residential
9.52525670000261,48.9963636557586,residential
9.89575140904279,49.4847004769816,residential
9.48724497689898,49.2019764882567,residential
9.48595536448811,49.200954760344,residential
9.3661176341626,48.6650241086075,residential
9.36468055825551,48.6640624865559,residential
9.36449230057639,48.6618113473374,residential
9.36462189932765,48.6609503331033,residential
9.36620002204493,48.6619398898913,residential
9.80623431582496,49.3138889937184,residential
9.83385968281831,49.3254224953316,residential
9.36325545817685,48.7926955120614,residential
9.7939656626217,49.3398693813305,residential
9.80989323945744,49.3416864727653,residential
10.1908436584137,48.5780108664788,residential
10.1887588116431,48.5772817569028,residential
10.2346328158101,48.5781824675233,residential
9.96378964862531,49.3003976210133,residential
9.79514272970568,49.3425420125322,residential
8.9304510234197,48.9352024730138,residential
10.3337518897409,48.865282494919,residential
9.9903014042369,49.3527745503871,residential
9.98733734534691,49.3517447589356,residential
9.20769546358921,48.7965847668322,residential
9.82756221410791,49.3832387954744,residential
10.1955462179074,48.8278075603122,residential
9.35764141485028,49.773401142886,residential
10.0183680624809,48.953575295916,residential
9.73647290342789,49.3633075842195,residential
10.3077526198218,48.7468920040242,residential
10.3111150617959,48.7462371470911,residential
10.3213717378844,48.7461548956269,residential
10.3173816423577,48.7521912177795,residential
10.3314549027225,48.7511340729798,residential
10.2273500991363,48.8877720894734,residential
10.3524044266717,48.7808871666033,residential
10.3542868090511,48.7731942324897,residential
10.3536030324836,48.7728090133931,residential
10.3595370264387,48.7757126173496,residential
10.2906802719294,48.8240879154087,residential
10.0740236331916,48.9805001240226,residential
9.99290429080363,49.2583497871818,residential
9.25888832483417,49.135363477199,residential
9.73089268107281,49.1108423940563,residential
9.17386542465704,48.7854221725661,residential
9.17467576709999,48.7849540820855,residential
9.50197622403304,49.0120584222446,residential
9.9139164,48.7958071,residential
9.16353536845628,48.8235548918285,residential
9.55377834006449,48.8923282848207,residential
9.57796275510652,48.8992406237113,residential
9.91469850500041,49.1914582834889,residential
9.84765760642713,49.6110784548432,residential
9.844279712161,49.6114582351955,residential
9.85428928063344,49.6428100803757,residential
9.06863158064111,48.8807609533087,residential
10.0885547702594,48.9089213866315,residential
9.98992671292588,48.9729572235634,residential
9.99042024351439,48.9740731272586,residential
9.95857259146669,48.978271889275,residential
9.98877858291953,48.9841258155851,residential
10.1004623806165,48.9145006800403,residential
9.72989442667996,49.7192524684981,residential
9.73933104103576,49.6026831366451,residential
10.1956704465378,49.0535005695111,residential
10.226523683317,49.054906721132,residential
9.86132048533921,48.6351597284966,residential
9.87068780655957,48.6337506024384,residential
9.52185058296069,49.1625397934194,residential
9.52320464046207,49.1612700853346,residential
10.1994512346017,49.0688689799032,residential
9.51006573176504,49.181431562045,residential
10.2697691653257,49.0300539580395,residential
9.58282509371488,49.0060103434492,residential
10.0409602418473,48.8918547878234,residential
10.3055172449763,49.02474855376,residential
9.55304681171926,48.903961366088,residential
10.2227954988213,49.0358113307522,residential
9.63869442505557,48.9517947142263,residential
10.3360904655329,49.0251356335542,residential
10.202809085491,48.9931213847679,residential
10.199465123241,48.9935954498688,residential
10.1191158383909,49.0012976227834,residential
10.1174446375612,49.0039707889274,residential
9.6278183759346,48.9719465242341,residential
9.62880042276361,48.9715437911573,residential
9.64567873791096,48.9928277645878,residential
9.63802816879346,48.9480028135417,residential
10.0819728032969,48.9866414959937,residential
10.081282454324,48.9858245320098,residential
10.0897080077792,48.9943843619136,residential
10.0884191302163,48.9941173920043,residential
10.0753982412576,48.9817047179752,residential
10.1141035683832,48.9844134866089,residential
10.0649238763401,48.9846255644522,residential
10.0414809840544,49.0026870246042,residential
10.0447889238564,49.0003422393711,residential
10.0441058997391,49.0024884562265,residential
10.0534939571194,48.9881877393196,residential
10.0397274832298,48.9938367728124,residential
10.0241964972385,49.014808889489,residential
10.0203595770058,49.0200377875669,residential
9.64222740155248,48.9610094403943,residential
9.48832095980904,49.1851682848613,residential
10.0983849851915,49.0666079160237,residential
9.91669994135241,49.4988857032491,residential
9.99850049114446,48.8776092009901,residential
10.0003424512349,48.8780747325385,residential
10.0411187803928,48.9792896453868,residential
10.0572168247809,49.047367688753,residential
10.2136816444011,49.0193555498884,residential
10.2146681485973,49.019070357459,residential
10.1360433676134,49.0093713361415,residential
9.60030060671018,48.8964773671755,residential
9.60152050502784,48.8976877318023,residential
10.1490832258069,48.980925033773,residential
10.1493490263332,48.9818535229461,residential
10.145170349161,48.9768953002643,residential
10.1439026930634,48.9768304046647,residential
10.1456564231486,48.9777345529161,residential
10.1466323304352,48.9792262222303,residential
10.1463125298143,48.9806989086754,residential
9.84127165561905,48.9705359518517,residential
9.93331991933429,49.497255444747,residential
9.94112636168271,49.4976297954838,residential
9.93948413243051,49.4993299452822,residential
9.93765770057491,49.4989288383372,residential
9.93583767580407,49.4981813872011,residential
9.88621286098612,48.916773861832,residential
9.88988593486964,48.9202305634825,residential
9.8852240859113,48.9183780803068,residential
9.71865821751988,48.9681239655902,residential
9.71899087680126,48.969901997884,residential
9.92636158382675,49.3933980761152,residential
9.91940995077167,49.4036658250091,residential
9.9191543176937,49.4045897125019,residential
9.91872060442734,49.4048013755868,residential
9.49335902988885,49.1683717323853,residential
9.65515859564296,48.8609384767798,residential
9.58099212401526,49.0216771169961,residential
9.15942519257657,48.7782129034874,residential
9.48544987690208,49.1994220465957,residential
9.53680957213642,48.8580710728889,residential
9.74282487705268,49.5459149979468,residential
9.67079058677826,48.9826850562285,residential
9.69591705097171,48.987554938676,residential
9.61037306101317,49.0106860933758,residential
9.61264409945379,49.0154512734666,residential
9.61565951279301,49.0289082311266,residential
9.77236996274497,48.9761983787249,residential
9.5609701437921,48.8916424725188,residential
9.74655530751501,48.987764112767,residential
9.70736930528655,48.9836540719314,residential
9.49060104036142,49.0846541570027,residential
9.6658571009123,49.0060051037501,residential
9.67470558061473,49.0033507331784,residential
9.20968410299728,48.9194914949518,residential
9.46392638960923,49.1421239339032,residential
9.46599798122031,49.1409788589687,residential
9.14037236496859,49.0740447738503,residential
9.46059101963493,49.141950607556,residential
9.46067427119607,49.1428903557741,residential
9.45763296324577,49.1424717450659,residential
9.4594739973524,49.1526675938368,residential
9.75421210007169,49.0289273370681,residential
9.75514242354915,49.0289869630153,residential
9.721067616245,48.9444503629578,residential
9.72076763485734,48.9437712537022,residential
9.71894681333669,48.9443589762068,residential
9.71990107805415,48.9463356055288,residential
9.7107997211194,48.9457959466438,residential
9.70981506008141,48.9463653899847,residential
9.71393075676909,48.9461302830959,residential
9.72285702727828,48.9425483276037,residential
9.71922995939368,48.9417611160791,residential
9.72135514449174,48.9420173109354,residential
9.72730024659937,48.9413188822482,residential
9.31297289697669,48.8536152201966,residential
9.71546509734162,48.9528547746244,residential
9.71490977348137,48.9503402776187,residential
9.71161560458425,48.951893216784,residential
9.72348851788592,48.9393910390365,residential
9.71814410041392,48.9379366378081,residential
9.71782571461697,48.9393284416187,residential
9.71981982370056,48.9398132015619,residential
9.72357088964389,48.9373350143374,residential
9.72575201616074,48.9371488089937,residential
9.72440504219297,48.9347547474414,residential
9.72139236875704,48.934226112978,residential
9.72151691502729,48.9334510871162,residential
9.72028807566702,48.9329714377052,residential
9.71742993285647,48.9332297914905,residential
9.71867273340684,48.9338648682268,residential
9.72862601504925,48.9312656022727,residential
9.72416852327875,48.9324662993555,residential
9.75327475456847,48.9398074713985,residential
9.75258184153996,48.9387852088309,residential
9.74374626920985,48.9380163063597,residential
9.28467927580941,49.0595292420696,residential
9.28255527022215,49.0605351252192,residential
9.77229964314041,48.9380190798237,residential
9.7804214664206,48.9365941791445,residential
9.78199028653762,48.9376499961082,residential
9.78572320854707,48.9426688824262,residential
9.78619967349877,48.9386200008989,residential
9.78815798979742,48.9370544447768,residential
9.78735863302802,48.9373832039157,residential
9.73957620395723,48.9287010710081,residential
9.7325751542881,48.9569338063129,residential
9.73369212703487,48.9144024457567,residential
9.75224805077856,48.9169775183375,residential
9.71399796326921,48.9374166245922,residential
9.72124204297924,48.9355999400916,residential
9.71980791674291,48.9356413789727,residential
9.71691159289227,48.9362287934996,residential
9.71564264483972,48.9364484029203,residential
9.37009307477392,48.8213115759919,residential
9.14414599162927,49.0379295626432,residential
9.43261378304752,49.1591668008489,residential
9.62835269003262,48.7132767884247,residential
8.96774257040673,49.0585400746389,residential
10.1399964659569,48.6216201033163,residential
9.71136009969237,49.1023138052966,residential
9.71298573936829,49.1037611985437,residential
10.0872938766429,49.1717936879367,residential
10.0097208946262,49.1744953209376,residential
9.89479542487746,49.0623808293966,residential
9.919609526888,49.0420542195191,residential
9.86410816539087,49.044474974426,residential
10.073934648083,49.1338585775172,residential
8.91650376743364,49.0561644385272,residential
8.88738307838066,48.6178741626817,residential
10.1668477897533,49.1595277916384,residential
8.93619468843787,49.0544134242795,residential
9.76762997085364,49.1430424008322,residential
9.79129635378358,49.4857712039793,residential
9.26510595938625,49.0296180405453,residential
9.68054508545349,48.5777879231145,residential
9.88349169613054,49.0916979943578,residential
9.88136219975854,49.0884428226759,residential
9.88138758055618,49.1039565156253,residential
9.36117643325684,48.7234035792561,residential
9.15105688652215,49.2221077391665,residential
9.01632164074458,48.8063098633677,residential
9.09933387726291,48.8509577525604,residential
10.0022873607852,48.8058073553639,residential
10.0020666624639,48.8068845484237,residential
10.0011761672961,48.8074981914042,residential
9.68582161913144,49.2617556758648,residential
10.061752410251,49.0955824682838,residential
9.76076555354147,49.4927506824614,residential
10.0376554059284,49.0633557171851,residential
9.95425717500987,49.1578708011244,residential
9.85168082523667,48.9471596613125,residential
9.85682365659532,48.9483522328129,residential
9.35374305799732,49.3305972263018,residential
9.80998988505705,48.8296980188406,residential
9.50316643067811,49.0135292626029,residential
9.76486222008941,49.1038153294839,residential
10.0127288170122,48.8481415987453,residential
10.0172591918589,48.8142218536071,residential
10.0482202349407,48.8470481575624,residential
8.91215505094836,48.6459122235896,residential
9.30361599002926,48.8948011471916,residential
9.30659883124604,48.8922863278484,residential
9.31613985426012,48.8843187579497,residential
9.33324379414259,48.8490171613707,residential
10.1109966796386,48.8433731163639,residential
9.85122856001346,48.6310074696299,residential
9.80492622565306,48.8085931738516,residential
9.38777196841743,48.7600002082643,residential
9.59640765,48.9755732,residential
9.49853777958634,49.0092652421552,residential
9.51205613691501,49.0729361427206,residential
9.50465989606706,49.069112560523,residential
9.74886170205009,48.906826336483,residential
9.77022648658564,48.8969911281729,residential
9.56124098243151,48.8692301086027,residential
9.92086426333323,48.8416282825725,residential
10.0412407898852,48.8961017691719,residential
9.98504536354106,48.8729286722832,residential
9.92418601566425,48.8507963932924,residential
9.82463000082648,48.9272718661877,residential
9.05271833633996,48.6624469724867,residential
9.49469491076378,48.9352565555809,residential
9.66055977345844,48.9154312512913,residential
10.0893188014189,48.9487654527156,residential
9.22461688456918,48.6825061663194,residential
9.22527189269522,48.6813813686092,residential
9.56209649761298,48.9266503816109,residential
9.06103015165836,48.6433930060445,residential
9.90686019120616,49.4878361870726,residential
9.5488610234058,48.9836304288626,residential
9.55048482865114,48.9822736901612,residential
9.63345078862675,48.9718891890503,residential
9.4001498072039,49.1864317826787,residential
9.53532931163831,49.7748537172072,residential
9.39751733301721,48.9330293928662,residential
9.33779596700943,48.8192416025564,residential
9.59498893353465,49.0290435044884,residential
9.4085739451583,48.9356935303359,residential
9.41263374373649,48.9365798070067,residential
9.56547654432226,48.9855863111978,residential
10.2629795080134,48.7296247988683,residential
9.28868212961431,48.9489834704294,residential
9.44731223058916,48.9339864656849,residential
9.26005076597036,48.7106276045957,residential
9.37105723127003,48.8135772751141,residential
10.0982295523408,48.8435493014161,residential
10.1550053790748,49.0865283074023,residential
10.0800285238703,49.2802585606795,residential
10.0844933219142,49.2487588312574,residential
10.0835095544083,49.2493361700387,residential
9.99254534548277,48.8911551586738,residential
9.68407554235208,48.5824654164087,residential
9.46576674685148,48.7284741737837,residential
9.46569229887988,48.7271761966647,residential
9.70419064658305,48.9364964717097,residential
9.70470769144493,48.9358450077501,residential
10.1223494601558,48.7384287466967,residential
9.68171854233632,49.363570151126,residential
9.2034096177341,48.8621624295563,residential
10.4127865005813,48.7596084623866,residential
10.4079581003271,48.7594190166451,residential
10.4060861409446,48.7561053822291,residential
10.4026540288603,48.7568403573056,residential
9.45118202188998,48.7267560667918,residential
9.3151394110873,48.8063324368687,residential
9.51632253011634,48.8082174754748,residential
9.51512329354671,48.8120422026961,residential
9.75962278782963,49.0159885070531,residential
9.75346751966701,49.4939228398193,residential
9.80136978558255,49.4975750046922,residential
9.79592846504478,49.4961076078575,residential
9.21089487601774,49.1057050269279,residential
9.6718849740289,48.9820513101797,residential
10.1628182395279,48.6979906243325,residential
10.1616877447696,48.7001502165991,residential
9.94428120169219,49.0702845055311,residential
8.90620113685575,48.71787416989,residential
9.66316830868587,49.0004914279287,residential
9.06060118346097,48.6701883459723,residential
8.95855091451098,49.1574380271502,residential
8.95792409076429,49.1586780654875,residential
9.59690088969406,48.9574603619431,residential
9.7936932022611,49.4953476405518,residential
9.54377646994732,49.768562507824,residential
9.68603380492606,49.0794646590075,residential
8.95490393894054,48.7741195373707,residential
9.79426317831069,48.7140727315021,residential
10.0176683011721,48.9509713204374,residential
10.2523447135278,48.6157507758948,residential
9.05294055345307,49.0405892493219,residential
9.7053996415643,48.9833003641329,residential
9.74240934133488,49.0999291236538,residential
9.56299989068406,49.0833695812726,residential
9.54123786272319,49.056587003693,residential
10.2083839730535,48.9358824416449,residential
10.2096308082044,48.9378372965838,residential
10.2099825336685,48.9386879964306,residential
10.3675633861269,49.0161230467329,residential
10.3688099484668,49.0159777385001,residential
10.3707240757481,49.0155350563784,residential
10.2143392539007,49.0678347863282,residential
9.75128195447891,48.9237985938715,residential
10.0343152690057,49.2997905320789,residential
10.1771530031193,48.6308533578264,residential
9.51907959673711,49.766188133796,residential
9.85279893170878,48.7072286398095,residential
9.85118816572183,48.7071320459329,residential
9.63849475593208,48.5400187836316,residential
10.0026280134888,49.3241934537696,residential
8.91645649002449,48.776734928339,residential
10.0055406368295,49.2161684323242,residential
10.1565394982374,48.6755979763255,residential
10.15769249798,48.6764871000015,residential
9.60638123417668,48.9197114507071,residential
10.1739406232734,49.1705464758849,residential
9.76576006926354,48.6813429593107,residential
8.92617375057456,48.9919272328458,residential
9.46795137038125,48.7884185618019,residential
9.46768514814712,48.7904706714665,residential
10.0622239328786,49.0687373259786,residential
10.059619740269,49.0748175378411,residential
9.76825502916658,49.0752058598363,residential
9.35003518353303,48.5968759000689,residential
8.96569661841066,48.6964933563296,residential
9.48456398700874,49.7906218384901,residential
9.28839459710922,48.5993489942131,residential
9.43247756157297,48.9455555854353,residential
9.45485681502335,48.9312221817588,residential
9.41873441525483,48.9257429471599,residential
10.3120541043395,48.7753666699999,residential
8.99398845979663,48.976059320456,residential
9.74242247535662,49.5457438909426,residential
9.00762788774312,48.95235160331,residential
10.2273958783391,49.1423374515631,residential
10.1811644251109,49.0861990790577,residential
9.32181596858675,48.8347819858249,residential
10.3492016618187,48.874541118461,residential
10.4084372674771,48.87472407158,residential
10.2063672237323,49.073992770271,residential
9.37434825224464,48.9185417592977,residential
9.37018459294797,48.9170652024063,residential
9.37189430747977,48.9151111596213,residential
10.4408186355825,48.850724836185,residential
9.44485678178317,48.9787769794553,residential
9.65486249960919,48.5534297601045,residential
10.1823861333333,48.7986726666667,residential
10.1823515504183,48.7986202625461,residential
10.2454098922814,48.9007656742572,residential
10.235386743002,48.9009562402417,residential
9.2713284442554,48.8907126333486,residential
10.3527037036105,48.8858701882228,residential
10.3246755721964,48.8673357546558,residential
10.3277053004737,48.8674227332132,residential
10.3550125034768,48.9754919170487,residential
10.3508448054716,48.981418770814,residential
9.76466114274035,49.0051333504096,residential
9.77060612984894,49.0019425974415,residential
9.60755445309515,49.2845992242651,residential
10.2510998965841,48.9705623581872,residential
8.94593517199994,49.1737885254919,residential
10.1525135657135,49.1666060386353,residential
10.2561287094407,48.9601697645915,residential
10.2519140480045,48.9578082276358,residential
10.2575332030252,48.9600075838172,residential
9.69885825521661,49.4302564149657,residential
9.23866514732559,48.9425287965571,residential
9.24917157049307,48.9401381322328,residential
9.23988774906194,48.938512631738,residential
8.86946544746737,48.6811076140599,residential
9.36261096141371,49.3255563564695,residential
8.8711828970778,48.5938804113912,residential
9.21651367104874,48.6031284281347,residential
9.23090523559438,48.6072998274345,residential
9.72480998973215,49.0066897475564,residential
9.43765799283083,48.9609324663742,residential
9.39434834983515,49.3551752410982,residential
8.95048079654761,48.7752473191426,residential
10.0743099624016,49.2129690265786,residential
9.10416516700965,49.0231665043313,residential
9.10610959032854,49.018458087822,residential
9.95967335163984,48.9599915462763,residential
9.96729485801396,48.9542819209726,residential
10.0173550723231,48.942699053072,residential
10.0065096914878,48.9408381097293,residential
9.9811556926706,48.9403222193634,residential
9.970843882431,48.9431993463701,residential
9.15178648222695,48.9108630015094,residential
8.95140662814351,48.9359718200351,residential
8.9307424720316,48.7625311329343,residential
8.93154955870948,48.7620170999573,residential
9.03124985817831,48.8383948598495,residential
9.19910432068368,48.8702491875266,residential
9.65559021943203,48.5818941592648,residential
9.6604080886874,48.5814741894068,residential
9.65874901503255,48.5792111668102,residential
10.100641029088,48.7438273136036,residential
9.70735563966838,48.9888933083588,residential
10.1292994329332,48.9873294019218,residential
10.1211145523109,48.9858237103839,residential
9.33379609773895,48.6288039917204,residential
9.91967045254531,49.0071505065268,residential
9.15105776335529,48.7577381409659,residential
9.43221411157311,48.9616904879614,residential
9.95598135686033,49.3952373557485,residential
8.96681044379462,48.953810249556,residential
8.96601281020691,48.9526793275824,residential
9.00464394283183,48.6352149361426,residential
10.2133416,49.0676469666667,residential
9.74894582837099,49.0665107769572,residential
9.29872207604192,48.8393824490097,residential
9.77037728191498,49.0028187677559,residential
10.127446396672,48.9657794786722,residential
10.3952306410895,48.8423627787411,residential
9.19542048292374,49.1488738156497,residential
9.84307225100114,49.2276949162947,residential
9.26974992429641,48.9357176138717,residential
9.13705231365822,49.2830775360793,residential
9.13457250959723,49.2804716523051,residential
9.13173491127136,49.2831447286423,residential
8.90824144549821,49.1343452038355,residential
8.90781200773764,48.6759969838202,residential
8.9284399239417,49.1319620210765,residential
8.9295991641552,49.1323987753912,residential
8.93060687286822,49.1326259509549,residential
10.1788600690609,48.6264874857585,residential
10.1802560504837,48.6247048797631,residential
8.94232674500235,48.664518857167,residential
9.17763520696038,48.9047565449154,residential
9.36245757980583,48.6482892541932,residential
9.52211657701758,48.6356679776455,residential
9.25140433581802,49.281936827082,residential
9.78355439671264,48.667769601883,residential
9.96440720764221,48.8092847743069,residential
9.91952763478148,49.2471542805671,residential
9.60049247516636,48.9149031388386,residential
9.59954782609063,48.9162820125047,residential
9.59933961759368,48.9177461406753,residential
8.92071779627675,49.0563737883,residential
10.125933970573,48.6836372121668,residential
8.90211290074591,48.782508763375,residential
8.89838992941847,48.781544187088,residential
8.89945815346025,48.7840113068986,residential
9.65557082615488,49.3949039246747,residential
9.15774387148847,49.2885098316052,residential
9.16112945237688,49.2754165883941,residential
9.42014730727498,48.8828692485141,residential
9.42990345791786,48.8750990641725,residential
9.40070032357598,48.8787379481238,residential
9.69705922637317,48.9187897392734,residential
9.95327782603965,48.8274381579338,residential
9.67459296741059,48.9214491230642,residential
9.68780684652069,48.9119656897023,residential
9.458330862651,48.6472784741732,residential
9.45815976856941,48.6515021732871,residential
9.71341941223371,48.699651689035,residential
9.75025844231629,48.6929998515885,residential
9.28094378953187,48.871729370842,residential
9.63368433094637,49.3830986713381,residential
9.53858951027397,49.4741744872019,residential
9.64312132046134,49.4850648474588,residential
9.65506769878728,49.3935010112824,residential
10.0824978755228,48.8498282922754,residential
9.3285057078524,49.0383127237772,residential
9.45669560594754,48.9443680874539,residential
9.49659051807154,48.9451356769277,residential
10.2593852969421,48.5968658841802,residential
10.251573581961,48.6013948752232,residential
10.0987431505138,48.8416333135439,residential
9.45535756149081,48.9459843384334,residential
9.45549399729155,48.5703742554355,residential
9.45346481572444,48.5717568449931,residential
9.46233927225505,48.562355720204,residential
9.46029671454249,48.5607450187122,residential
9.45650667700209,48.5672978165339,residential
9.80507941493422,48.6404264604499,residential
9.05059752839935,48.9395630731317,residential
8.97500482085783,48.6752042447574,residential
8.97311057587554,48.675841430662,residential
8.94066374059186,48.6617181129179,residential
9.80059275576455,48.6405647522273,residential
9.14337438316142,48.9047692995431,residential
9.14639900083404,48.9058584838377,residential
9.7820660997249,48.6527347880036,residential
9.78524143290639,48.6627162340392,residential
9.78452824130262,48.6638078353301,residential
9.63332207078723,48.6953839276142,residential
9.61017556812219,48.712417884472,residential
9.62199447688905,48.7143821089142,residential
9.61852868723623,48.7102025808447,residential
9.61260981283451,48.7086971240917,residential
9.61146906880329,48.7089040269905,residential
9.62398585493552,48.7112806293092,residential
9.58574297969362,48.6978211034578,residential
9.57391739488687,48.7037171749616,residential
9.57633839638336,48.7095105947403,residential
9.57791652679567,48.7089302617335,residential
9.58062054727375,48.7002298525284,residential
9.57732626749638,48.705077867867,residential
9.57464572164159,48.7066463133043,residential
9.6652768296914,48.695226345345,residential
9.5976220598641,48.6398799936822,residential
9.62091136742751,48.6474048257028,residential
9.61881175717567,48.6434208599479,residential
9.02397802789847,49.2623550027778,residential
9.72317649391262,48.6901970285674,residential
9.72115339846985,48.6914289504648,residential
9.77804053566737,48.6849587641785,residential
9.46333290503114,48.6542894938377,residential
9.15525231113546,48.7325596183947,residential
9.64985870722629,48.6564899818746,residential
9.6689914086944,48.6987385800064,residential
9.84941646553595,48.808431555755,residential
9.8412031584926,48.8061821504879,residential
9.87044714443801,48.773844494791,residential
8.88882494146221,48.7250799619207,residential
8.89518341602334,48.7253963766391,residential
9.45481732259731,48.9306793288266,residential
9.46505668445261,48.9260191364577,residential
9.47030138603872,48.9264897154353,residential
9.48023465351512,48.9266230201309,residential
9.32313415579713,48.8548839952197,residential
10.1019717054149,48.8707712386577,residential
9.48617840207218,48.9230922097441,residential
9.44755751379785,48.9363284892172,residential
9.45339536011338,48.9294784051351,residential
9.48222056146467,48.925719436894,residential
9.48099952580072,48.9263775761856,residential
9.46143168101679,48.986911787503,residential
9.48326288787402,48.9226129216181,residential
9.4414349487891,48.9175225650414,residential
9.69448506958767,48.8311277921213,residential
9.44847300330018,48.9354946403515,residential
10.0621415109927,48.8345202697468,residential
9.82380838401957,48.6157083118281,residential
9.4782738847666,48.941262653125,residential
9.48829262712865,48.923482586111,residential
10.1415094023627,49.3241990680623,residential
9.5309887895649,48.9367863559534,residential
9.53246114967496,48.9362277724667,residential
9.1184738554854,48.955911076919,residential
9.11019247265531,48.9595663136272,residential
9.09927843422048,48.9602746725819,residential
9.09936298749768,48.9609246538936,residential
9.99414810889802,48.9289966244272,residential
10.0400625220578,48.8954931778315,residential
10.0307213365876,48.8923859997853,residential
9.09510796572217,48.9050343926425,residential
9.66995699083012,48.6560185117119,residential
9.1709263146695,48.7863347502696,residential
9.16948875777017,48.7875180582033,residential
9.1545235930986,49.0111948077029,residential
9.43200072686301,48.9231411634171,residential
9.03055188580442,49.2598783850895,residential
9.42502482475902,48.9284161666661,residential
9.08908001896909,49.0207521897296,residential
9.66803965624812,48.9133539615393,residential
9.66971050904991,48.9130937796416,residential
9.66502769789275,48.9114145678727,residential
9.62768414169271,48.8982739990365,residential
9.62698855778031,48.8964700031611,residential
9.62141073115232,48.9145084955286,residential
9.62234862912185,48.9131434695596,residential
9.66254374256126,48.9131365119344,residential
9.65832625255465,48.9125479294007,residential
9.76710357350983,48.7348458018441,residential
9.77132440045363,48.7348967842261,residential
9.73494722969695,48.7378476067824,residential
9.74574480279241,48.7266407612527,residential
9.77590044271827,48.8497037671615,residential
9.28225826575003,48.8165085423731,residential
9.21118875908912,49.1347532587636,residential
9.27388146920596,48.7417182389782,residential
9.39872751858758,48.9001565920349,residential
9.48595537417552,48.9070368054577,residential
9.49284226796964,48.636093588958,residential
9.6369663065614,48.836319489491,residential
9.64247291470756,48.8381634200507,residential
9.45129585993267,49.0360257729637,residential
9.43841854039146,49.0418198276831,residential
9.44730353406917,49.0371435350033,residential
9.60468081399054,48.8168411567948,residential
9.69486053093035,48.9066687398103,residential
9.69481530768815,48.90018102744,residential
9.70023398576337,48.900361477884,residential
9.70224667795293,48.8994999166538,residential
9.69498657086458,48.898457367256,residential
9.70033808098446,48.8910638368227,residential
9.70302830185245,48.8930333008563,residential
9.6927814524295,48.9019728167985,residential
9.7062567814836,48.9108403269375,residential
9.70281000107409,48.9141279579319,residential
9.66983472401559,48.867186756528,residential
9.67250004891152,48.9132362101803,residential
9.69283569325384,48.9636613312042,residential
9.5956603718022,48.9003597783462,residential
9.58055030767996,48.8564204267257,residential
9.58205758092111,48.8582411823896,residential
9.55947097461805,48.8320868056623,residential
9.59721104453605,48.7572221336812,residential
9.57577982444463,48.9196009845511,residential
9.60508020084981,48.7882030398396,residential
9.25852181960576,49.1379525642124,residential
9.25803984956314,49.1367359709431,residential
9.2597221423516,49.1357603533917,residential
9.7468702457684,48.8657872183504,residential
9.73666939713866,48.864513924662,residential
9.57762540370479,48.8044730476801,residential
9.57881375572202,48.8043882141752,residential
9.57550732985933,48.8046188283936,residential
9.42850718278046,48.961846945199,residential
9.4692798055543,49.0491958034183,residential
9.81377939890053,48.7802550997194,residential
10.0052081623859,48.7245832630757,residential
9.674872858018,48.7514114216737,residential
9.5121179565503,48.8349454049072,residential
9.56959830895843,49.0435272677475,residential
9.5699130675821,49.0440650247614,residential
9.68589784863488,48.9113441434283,residential
9.6847264701584,48.9122842279686,residential
9.68612940087986,48.9120140845371,residential
9.68746007210948,48.9126188893208,residential
9.68522434993566,48.9110885405118,residential
9.6294715581087,48.9253889056178,residential
9.64816494479843,48.8512176191237,residential
9.79221688233911,48.7248811122075,residential
9.77670145260646,48.7292398450291,residential
9.78617129143871,48.7283680054956,residential
9.69886494361648,48.8262581815233,residential
9.75273912337508,48.8231136119007,residential
9.77295232203668,48.7521019604756,residential
9.78909121325652,48.7236920564231,residential
9.77542728104819,48.7057006646002,residential
9.79825926770239,48.752890700341,residential
9.81353123062031,48.7509606640378,residential
9.80727709890822,48.7616563864334,residential
9.80830042603495,48.7434182258516,residential
9.78283875578455,48.7382697949579,residential
9.65049683311887,48.8812645746669,residential
9.64536995899906,48.8799485715943,residential
9.54702531231224,48.7986284952899,residential
9.67356714268618,48.6765970905079,residential
9.77353268322007,49.7277492131788,residential
9.77417344464994,49.7281537995647,residential
9.71881723145802,48.7957113463096,residential
9.71935518036056,48.7968321616143,residential
9.71740007721874,48.7972826635311,residential
9.7171525184746,48.7983459031775,residential
9.72036498593857,48.7921499557344,residential
9.63577848829422,48.8389298189467,residential
9.64427956410359,48.8400052222747,residential
9.59543233386078,48.8767919008976,residential
9.59467685318221,48.8762667164216,residential
9.5894915223039,48.8740506768848,residential
9.10330635804493,48.6507879632758,residential
9.10432962458272,48.6502274083751,residential
9.10134929620843,48.6520176417875,residential
9.65644530504106,49.3065341166077,residential
9.65726301712488,49.3054508017513,residential
9.65358841785308,49.2987799978082,residential
9.65859221974111,48.8181570778051,residential
9.65565862365568,48.810138384204,residential
9.65820672397264,48.8074332816922,residential
9.17235215236114,48.6365349208835,residential
9.17301585942869,48.6369724907588,residential
9.17148493684777,48.6341929123804,residential
9.16837707205742,48.8867624165746,residential
9.11821798733629,48.9217606375072,residential
9.36060480861923,49.32119922191,residential
9.18763810724935,49.1152342060679,residential
10.1877705200809,48.8787486602197,residential
9.69744769666209,48.8407634985645,residential
9.99609947772908,48.6719713251869,residential
9.44105637480775,48.8611626046964,residential
9.98339849428715,48.6686012101493,residential
9.54693720942331,49.3033429386933,residential
9.54566226742481,49.305835619307,residential
9.592420183874,48.8582970622391,residential
9.57150060705656,48.8738058348399,residential
9.55376878237721,48.8066252659253,residential
9.58703145876311,49.5990101949071,residential
9.58624094123645,49.6155870872845,residential
9.58738661486979,49.6167330760574,residential
8.98472367778221,49.1139599638503,residential
9.76609645577735,48.8563741706374,residential
9.58986839291774,49.0139741460255,residential
9.61216587305482,48.9886215896571,residential
9.62706273282944,48.9457217556242,residential
9.63637356009138,48.9438588559597,residential
9.6365924304964,48.9427949892523,residential
9.63672971285289,48.9421294720566,residential
9.70577619146191,48.9118699525317,residential
9.65999498559442,48.9256919829132,residential
9.07631049444451,48.9606240159327,residential
9.89895593735946,49.1558656747727,residential
9.64534170763233,48.9190025093321,residential
9.64373661574354,48.8953794347424,residential
9.64108460056457,48.9045109730776,residential
9.64417353989502,48.9028671394541,residential
9.92758861830691,49.2535438332286,residential
9.92758157008926,49.2488451373137,residential
9.62667910203781,48.9016502203703,residential
9.55933588254115,48.8091802983881,residential
9.55837736951976,48.8085873933119,residential
9.56240684254468,48.8082891101318,residential
9.58866364906566,48.8019850514176,residential
9.61162081251469,48.7879960466585,residential
9.65501895571053,48.8057188464963,residential
9.69128623527808,48.9634920864155,residential
9.75192366016721,48.8249152385043,residential
9.7512489262552,48.8273668393939,residential
9.61317469955927,48.7885527523366,residential
10.0535989533213,48.8776239385863,residential
9.69915487300503,49.0489840711227,residential
9.74262014368049,48.9137634785998,residential
9.7091874538795,48.9022785757817,residential
9.73830705398226,49.1206673467888,residential
9.74399225561072,49.128386230036,residential
9.77856302161078,48.6592291331571,residential
9.68339674713267,48.6980398920564,residential
9.13881506914503,48.9446185287271,residential
9.13896878747886,48.9451867495309,residential
9.12160810070507,48.9588023079738,residential
9.10824442989488,48.9465601931152,residential
9.6987961273981,48.8953484431418,residential
9.41322679745184,49.019029917266,residential
9.66341119779173,48.9225616788471,residential
9.66364754195537,48.9230624823806,residential
9.66574049201984,48.9210298211474,residential
9.65548060883142,48.9267623123664,residential
9.66045337296636,48.924170591969,residential
9.65914420452088,48.9245579674023,residential
9.66208363280876,48.9236077026022,residential
9.08314460121924,49.2720461522197,residential
9.08760249504405,49.272549399026,residential
9.09013921595223,49.2689577442785,residential
9.58948211980564,49.0264478769205,residential
9.67386823507447,48.9523855998208,residential
9.67761898517348,48.9513065788661,residential
10.1501186731908,48.6635450197984,residential
9.70364344474741,48.9153132506826,residential
9.72683660874744,48.8941809887887,residential
9.80635269382868,49.7201703240981,residential
9.79757006909063,48.8102403589358,residential
9.79313162457437,48.8040020991005,residential
9.8170784652862,48.8041486693815,residential
9.81121792892222,48.8070021010604,residential
9.8135018534616,48.7856048355609,residential
9.81428546972298,48.7849299798504,residential
9.7789455394885,48.7963533645702,residential
9.77648254030896,48.7948722149491,residential
9.80072548452312,48.804444737141,residential
9.70566587393371,48.9250640926107,residential
9.7772318492006,48.7873399145371,residential
9.77087165005752,48.7845520301038,residential
9.78647493631749,48.7997770537609,residential
9.78470550068563,48.7987834654738,residential
9.78400762673788,48.7975235084004,residential
9.78489594982174,48.7972810514239,residential
9.78189114635293,48.7931445310389,residential
10.1012705548113,48.8943629544141,residential
9.4719837186316,48.9406842810755,residential
9.61477716579713,48.9302920036376,residential
9.60891989585593,48.9351136516305,residential
9.61440462314804,48.8832915802099,residential
9.59400877483897,48.9938108345004,residential
9.30065082898235,48.8358468498513,residential
9.29977638157313,48.836015018817,residential
9.2984495281506,48.8360783101886,residential
9.2976750530359,48.8361302064162,residential
9.29930547946584,48.8371667768983,residential
9.29838351955067,48.8372820963851,residential
9.2943199881148,48.837568436939,residential
9.2976174307021,48.8380266661379,residential
9.30215615499203,48.8450193425627,residential
9.64975707494721,48.793572206085,residential
9.64680302735821,48.7949638174839,residential
9.66250070480166,48.7969418163842,residential
9.66466820115967,48.799063792753,residential
10.2542270471031,48.5964430169667,residential
10.2508005942434,48.6010484710149,residential
9.64674583258631,48.8673200609808,residential
9.64680682993885,48.8626323942726,residential
9.61190607021736,49.7108369165686,residential
9.41191185527273,48.5715715129647,residential
8.87710549330898,48.7396027396628,residential
9.6613914154662,48.8592952075804,residential
9.63093357038584,48.8595027587453,residential
9.39321494139023,48.8149955274931,residential
9.53001505158076,48.87689137153,residential
9.52704929976143,48.8776158887225,residential
9.62842721537477,48.8610158102963,residential
9.45353031228369,49.0057089528047,residential
9.53581412776403,48.8888851998481,residential
9.58957563949014,48.7053220506001,residential
9.59187238853953,48.7075001993005,residential
9.58705275789164,48.7074884080018,residential
9.6396303045705,48.8375036245128,residential
9.36643919049218,48.9554536758995,residential
9.55936271659781,48.8339557174507,residential
8.84635143276912,48.5623282183082,residential
9.51391675341834,48.5379372444828,residential
9.12760404974451,48.6773967024806,residential
9.7324658703747,48.9433082026072,residential
9.77389427939875,48.9240708538957,residential
9.79167979410097,48.9158493632318,residential
9.79223703186325,48.9187289331156,residential
9.79675913847368,48.9093247806927,residential
9.79697073621757,48.9067123932556,residential
9.79480701561579,48.9059618231393,residential
9.79630585373528,48.9027324063702,residential
9.79482668125205,48.9027399400593,residential
9.59741065492277,48.8876404579496,residential
9.92055101153918,48.9372537264832,residential
9.9119655293816,48.9159380080806,residential
9.5411004833587,48.7450424256429,residential
9.96550477896558,48.9086139988699,residential
9.99202631348035,48.9067550225337,residential
9.9725894843341,48.9312596159098,residential
9.97331873108114,48.930501441349,residential
9.97096675464892,48.9317274352307,residential
9.97175291868661,48.9384950317828,residential
9.96755223482879,48.9311292977394,residential
9.94374084491092,48.9107211264534,residential
9.94067889312266,48.9116537337537,residential
9.57428646192329,48.8737569647685,residential
9.57993064944085,48.8992835137473,residential
9.58072642099484,48.898587267687,residential
9.58277157280424,48.8977395845687,residential
9.58345564777696,48.895601314021,residential
9.58711189371333,48.8967029256795,residential
9.53584967686283,48.9918286004239,residential
9.50150043021685,48.9986558132166,residential
9.50249279791988,48.9993269828611,residential
9.6784147290196,48.9583214278358,residential
9.68090958578717,48.9584186706751,residential
9.67614861898913,48.9607827356328,residential
9.67597190147636,48.9600570067048,residential
9.85795054551811,48.8129246833,residential
9.69238196134733,49.3970826087146,residential
10.026828069484,49.2543005844731,residential
9.98668144488562,49.2595657402877,residential
9.48702035022272,49.2757776683277,residential
9.6761697539464,49.3174138045178,residential
9.84647484710785,49.4629502281837,residential
10.0286466902242,48.8486759304489,residential
10.0179062692925,48.875067419626,residential
10.100231356318,48.8500046261288,residential
10.0385564247184,48.8799523639594,residential
10.0386954528879,48.8901945187821,residential
10.0345317314951,48.889846465596,residential
10.0335461570896,48.8899704652055,residential
9.81093842354999,49.4913435331885,residential
9.81653715900939,49.4927589254238,residential
9.81920967265507,49.4959402784241,residential
9.82325388243849,49.4934599875561,residential
9.82406895690295,49.490689872255,residential
10.1469291118323,48.8172244999472,residential
10.3329825596825,48.8334955387128,residential
9.89561612167145,48.9643621740522,residential
10.1236470806248,48.977409519838,residential
10.1249202411308,48.9765514593655,residential
10.1233113405792,48.9745141267657,residential
10.1056334208974,48.9742609788039,residential
10.1305393868064,48.9765144836652,residential
10.0940394907959,48.8880048667829,residential
9.81189792353171,49.496956657893,residential
9.31810198094842,49.0211194516562,residential
9.31775890011088,49.0204950488496,residential
9.53772324228637,48.8651328248742,residential
9.80976628436013,49.4988399618648,residential
9.65326391507482,48.5542713732083,residential
9.65286682708136,48.5557998849324,residential
9.64288674761863,48.5674885606044,residential
9.5991281401737,48.5614642157615,residential
9.62954316162118,48.5424551415833,residential
9.59465794088816,48.6157040037182,residential
9.85878913926711,48.5905014515905,residential
9.85542564664899,48.5923511236404,residential
9.85731207976851,48.5861269976513,residential
9.73701682579831,48.5749375289001,residential
9.73490332771811,48.5783620968858,residential
9.73698015296223,48.5758498817491,residential
10.4353064103117,48.7038557768681,residential
9.44588897177465,49.1921156621306,residential
10.1605395780645,48.6570480330856,residential
10.1607815773116,48.6560612285966,residential
10.1602106855441,48.6557058369528,residential
10.1595345178673,48.6589083353346,residential
10.1581227720698,48.6594937235138,residential
10.1560855509918,48.6603293243078,residential
10.1577984904731,48.6565326913526,residential
10.1561650724604,48.6534944969624,residential
10.1558549624019,48.6515439897757,residential
10.1544848538877,48.6523272182349,residential
10.2478307526523,48.6134505919659,residential
10.2478019254106,48.6130891594827,residential
10.3590477776524,48.7308511547066,residential
10.1207213765905,49.4471289197434,residential
9.33683465374702,48.8174190171743,residential
10.1160045600803,48.9788366088334,residential
9.80376035709926,48.6372011993068,residential
9.60734694906676,49.4577259707681,residential
10.4159512852798,48.9650699304537,residential
10.4150142338002,48.9630575244328,residential
9.81761881012102,48.6962414880655,residential
9.74533632615626,48.7235554691434,residential
9.74146478159982,48.7223222253107,residential
9.7611778373162,48.7240685832906,residential
9.92115418342757,48.8127979676784,residential
9.92957081239415,48.8218392228216,residential
10.0244805703325,49.468063490146,residential
10.0227376552123,49.4697011512806,residential
9.58932261026976,49.50447293966,residential
9.8401787018681,48.9558540862052,residential
9.83346553805527,48.953613960591,residential
9.53112017542997,49.0690709245977,residential
9.18138324242303,49.236891368282,residential
8.98915806860553,48.7909152403196,residential
8.98939660868741,48.7901229371943,residential
8.99275285552115,48.7893253092306,residential
8.9995030538683,48.7879809540599,residential
8.99634076457525,48.7913136099607,residential
9.0070061377077,48.795622850208,residential
9.00652366458079,48.7910936082143,residential
9.55031267359124,48.9138337879734,residential
9.44851663532124,49.7372818953915,residential
9.29731314547602,48.7404230564054,residential
9.61043514593996,48.9892988288989,residential
9.6106045115378,48.9889088891436,residential
9.58414969535234,49.0406844030087,residential
9.58140353326295,49.0402988763467,residential
9.61323435774305,49.0288912237258,residential
9.30411934878181,48.7360698862337,residential
9.53553206710243,49.0242312565434,residential
9.54090567086425,49.0210072383233,residential
9.03044334157652,48.7911292809527,residential
9.31758105618947,48.7466774124922,residential
9.3219588856782,48.7469816024002,residential
9.06371893351017,48.7593033328,residential
9.5566879935223,48.9897445612525,residential
9.5608589516565,49.025892537258,residential
9.17223592051405,48.9029897250297,residential
10.0866923061411,48.8299186057916,residential
10.0860642560852,48.8309881218983,residential
9.46143259079936,48.8786644996263,residential
9.02221415258815,48.7995558628034,residential
10.4164216654645,48.7855889307138,residential
9.00909630671256,48.7993447038818,residential
9.01463128876462,48.8012092790098,residential
9.38228801580396,48.6719226599363,residential
8.97232280403563,49.0592815400586,residential
8.97332297994616,49.0614816838037,residential
9.30493091755354,48.8458464578843,residential
9.3041040220177,48.845719778212,residential
10.1187761874914,48.7367255682337,residential
10.1201984824545,48.7366360609041,residential
10.1072384350982,48.7429817120436,residential
10.1122516870101,48.744506362023,residential
10.007445134611,48.8932881795316,residential
9.14869987412375,48.6939144705029,residential
9.59074487038244,48.798722962731,residential
10.0220737899637,48.62571535226,residential
10.0130713946678,48.6263580096981,residential
10.0168586733777,48.6276847259359,residential
10.0179830552533,48.6268955759552,residential
9.53892971593938,48.8097885614674,residential
9.53932830373927,48.8084327224171,residential
9.18399001292804,48.8890259988868,residential
9.4560858327607,48.809377273491,residential
9.1474487098969,48.8039737016862,residential
9.30073759110711,48.828033053924,residential
9.84891293501549,49.5646702891427,residential
9.21681583823365,48.6741517100815,residential
9.21049957622228,48.6704905108654,residential
9.20481981890961,48.6543009209706,residential
9.84538829859192,49.5652134926155,residential
9.01281259191789,48.7901666200242,residential
9.46206290747086,48.5194469054186,residential
9.79261328036639,48.8095304719587,residential
9.79417016759677,48.8104767614696,residential
9.79135904346856,48.8114281051309,residential
9.79134060063794,48.8101969466363,residential
9.7954853160426,48.8079604857979,residential
9.79301885028036,48.810304049831,residential
9.67737355048443,48.8050833156866,residential
9.68895015860741,48.838406522269,residential
9.41210025607916,48.9869858411265,residential
9.34931814399054,48.8151392007144,residential
9.63478154794178,48.83717311779,residential
9.63487069301292,48.8374734259372,residential
9.74486702699411,48.7307355013977,residential
9.75186704654719,48.7343593979372,residential
9.74736105842116,48.7303864572362,residential
9.74471774049327,48.7380269750208,residential
9.31627263559455,48.8459000010694,residential
9.72911768690174,49.5807575164446,residential
9.84341819074098,49.6105923337688,residential
9.83425806021074,49.609393792493,residential
10.2618271361933,48.9666313774563,residential
10.2055800507197,49.0305005216644,residential
9.20397164099849,49.0172019788129,residential
9.19878013641765,49.0145915609242,residential
9.19762317444002,49.0164193997216,residential
9.32171531944452,48.8333676513888,residential
10.1725309152335,49.0180079907361,residential
9.29459053546768,48.9988418088126,residential
9.57587242349078,49.0146430569732,residential
9.65542977845626,48.9519800755934,residential
10.0124295371157,48.9175385965571,residential
9.28843082761658,49.0023576117569,residential
10.1228625656518,48.9724199639578,residential
9.60417415044065,49.2949899841242,residential
9.56189144155415,48.6355039675493,residential
9.59624634140692,48.7944560258852,residential
8.93701053385381,49.190297265425,residential
9.64994932858429,48.79096631045,residential
9.63578152243792,48.7880629076439,residential
9.32611807401679,49.2929112712745,residential
9.52079051412042,49.3212115309211,residential
9.33754443344361,48.629016878372,residential
9.33911461518128,48.6291442656055,residential
9.26033275118257,48.5751733165005,residential
9.26713371705066,48.5744967700515,residential
9.27139866090863,48.572983866225,residential
9.26426162621277,48.5714055859813,residential
9.71432237000682,49.1760403539232,residential
9.8303107512303,49.2062968158968,residential
8.99910705227084,49.063330331837,residential
9.87427301748641,49.0869262773763,residential
9.87216969295971,49.0879341278812,residential
8.99920577193095,49.0639765553388,residential
9.22127500867001,49.1500686197665,residential
9.24507700614529,49.149092854292,residential
9.24228054194733,49.1491463267246,residential
9.23912695,49.1488105,residential
9.80187958122471,48.856434983044,residential
9.90934684792218,48.8926958231278,residential
9.90480948338539,48.8950588015468,residential
10.039434168153,48.9689534780192,residential
10.0919081786537,48.9426116510884,residential
10.0295577755567,48.9519246020178,residential
9.09203615385915,48.6092813366643,residential
9.6724905350065,49.6233532540967,residential
9.45234553524023,48.7258159110656,residential
9.30411372127928,48.7561200881496,residential
9.28577270851479,48.7639992101872,residential
9.30366362098151,48.7443538625786,residential
9.32343227637787,48.7487401473382,residential
8.90806587181218,48.8130334433129,residential
8.90631699533653,48.8120724233412,residential
9.41664662831866,48.6765456452262,residential
9.41372924221583,48.6767756141273,residential
9.40706071408773,48.6832272270238,residential
9.4093193197822,48.6821042580015,residential
9.04494291624029,48.8199854084417,residential
9.05175304568995,48.858697581507,residential
10.0221322167355,48.618153452805,residential
10.021493310667,48.6187813681677,residential
9.25428855215007,48.8169472840694,residential
9.8974503652308,48.7554241117315,residential
9.10601744135483,49.0192944671229,residential
10.0967189436094,49.5289635137801,residential
10.0889491920052,48.8933600754418,residential
10.0676429240635,49.5363117809958,residential
10.0195889074146,49.4904119810496,residential
9.31850599310911,48.7565693428128,residential
9.49761875331134,49.2027494701113,residential
9.3045620857642,48.7609608737132,residential
9.30408397400234,48.7614346762579,residential
