element_type,id,lat,lon,building,type
way,26384105,48.4909233,9.2137665,apartments,residential
way,30555149,48.4890338,9.2088781,apartments,residential
way,30555230,48.4891244,9.2085723,apartments,residential
way,30555577,48.4891014,9.210274,apartments,residential
way,30555611,48.4886451,9.2107241,apartments,residential
way,30555673,48.4888762,9.2092919,apartments,residential
way,30555739,48.4889399,9.2102673,apartments,residential
way,30556472,48.4889756,9.2113854,apartments,residential
way,30557066,48.4890223,9.2106104,apartments,residential
way,30557094,48.4894005,9.2105854,apartments,residential
way,30558023,48.4880794,9.2102987,apartments,residential
way,30558104,48.4882005,9.2104243,semidetached_house,residential
way,30558149,48.4883448,9.2106329,apartments,residential
way,30598604,48.4874598,9.2114332,apartments,residential
way,30598611,48.487036,9.2123147,apartments,residential
way,30598625,48.487326,9.2125522,apartments,residential
way,30882689,48.488802,9.2133795,house,residential
way,30970609,48.4936818,9.2081349,apartments,residential
way,30970618,48.4923743,9.208378,apartments,residential
way,30970636,48.4935317,9.2078546,apartments,residential
way,30970701,48.4925811,9.2083135,apartments,residential
way,30970747,48.4920934,9.2083935,apartments,residential
way,30970771,48.4917659,9.2084079,apartments,residential
way,30970776,48.4917197,9.2090925,apartments,residential
way,30970779,48.4915326,9.2086828,apartments,residential
way,30970784,48.4914412,9.2091617,apartments,residential
way,30970794,48.4915954,9.209625,apartments,residential
way,30971120,48.4913711,9.2087414,house,residential
way,30978066,48.4949343,9.2104225,apartments,residential
way,30979271,48.4920802,9.2083027,apartments,residential
way,30979274,48.4910204,9.2092026,apartments,residential
way,30979276,48.4911072,9.2089826,apartments,residential
way,30979277,48.4910464,9.2090628,house,residential
way,33883696,48.4922361,9.2119521,apartments,residential
way,35800750,48.4900258,9.2136686,apartments,residential
way,35873935,48.4982062,9.2136185,apartments,residential
way,35880242,48.5026717,9.1950123,house,residential
way,35880243,48.5026274,9.1950863,house,residential
way,35880244,48.5025808,9.1951567,house,residential
way,35894421,48.5033258,9.1999616,apartments,residential
way,35894422,48.503519,9.199775,apartments,residential
way,35894426,48.5027608,9.1979192,apartments,residential
way,35894430,48.5020373,9.1991705,apartments,residential
way,35928600,48.5036783,9.2066407,apartments,residential
way,36537163,48.5030601,9.2012456,house,residential
way,36537164,48.5021101,9.1983405,apartments,residential
way,36537165,48.5018264,9.1985742,apartments,residential
way,37799684,48.5018555,9.1940188,apartments,residential
way,37799685,48.5016207,9.194015,apartments,residential
way,37799716,48.5014742,9.1970979,apartments,residential
way,37799894,48.5028827,9.2010592,house,residential
way,37799897,48.5026938,9.2012588,apartments,residential
way,39648846,48.5039054,9.189406,detached,residential
way,39648850,48.50355,9.1898477,apartments,residential
way,39648851,48.503589,9.190121,detached,residential
way,39648854,48.5035299,9.1886505,detached,residential
way,39648855,48.5033002,9.1896799,detached,residential
way,39648856,48.5035873,9.1880734,detached,residential
way,39648857,48.5036492,9.1876604,detached,residential
way,39649622,48.5014215,9.1866089,apartments,residential
way,42352960,48.4966384,9.2045589,apartments,residential
way,42352961,48.4962694,9.2042817,apartments,residential
way,42352962,48.4968032,9.2041778,apartments,residential
way,42353802,48.4965672,9.2052524,apartments,residential
way,42354224,48.4986306,9.2098093,apartments,residential
way,42354225,48.4988078,9.2100546,apartments,residential
way,42354226,48.4990026,9.2102098,apartments,residential
way,42354227,48.4991978,9.2103395,apartments,residential
way,42354230,48.4992606,9.2097126,apartments,residential
way,42354231,48.4997118,9.2107788,apartments,residential
way,42354234,48.4995487,9.2053867,semidetached_house,residential
way,42354235,48.4991302,9.2062814,apartments,residential
way,42354236,48.4992495,9.2062247,house,residential
way,42354237,48.499338,9.2061179,house,residential
way,42354238,48.4995436,9.2066885,house,residential
way,42354239,48.4994447,9.206833,apartments,residential
way,42354240,48.4993618,9.206972,apartments,residential
way,42354241,48.4992844,9.2071182,apartments,residential
way,42354242,48.4996506,9.2065793,house,residential
way,42354243,48.4997351,9.2064399,house,residential
way,42354244,48.4998095,9.2062928,apartments,residential
way,42354245,48.4995088,9.2063062,house,residential
way,42354246,48.4996127,9.2061794,house,residential
way,42354247,48.4997211,9.2060259,apartments,residential
way,42354248,48.4995824,9.2057701,apartments,residential
way,42354249,48.4994734,9.2058724,detached,residential
way,42354250,48.4994292,9.2060326,detached,residential
way,42354251,48.4995756,9.2053208,detached,residential
way,42354254,48.495894,9.2061309,apartments,residential
way,42501878,48.5018758,9.1908906,apartments,residential
way,42501886,48.5015137,9.194661,detached,residential
way,42501887,48.5014779,9.1948001,apartments,residential
way,42501888,48.5013902,9.1952622,apartments,residential
way,42501890,48.5015488,9.1955357,detached,residential
way,42501891,48.5017046,9.1948001,detached,residential
way,42501893,48.5021448,9.1945736,detached,residential
way,42501895,48.5031641,9.1947667,house,residential
way,42501896,48.5032919,9.1947355,house,residential
way,42501898,48.5034232,9.1946914,house,residential
way,42501902,48.5029179,9.1947244,apartments,residential
way,42501903,48.502918,9.1951617,apartments,residential
way,42501904,48.5028997,9.1946045,apartments,residential
way,42501905,48.5023283,9.193992,detached,residential
way,42501906,48.5029588,9.1912458,apartments,residential
way,42501909,48.503357,9.1924073,detached,residential
way,42501910,48.5027611,9.1923782,detached,residential
way,42501911,48.5027818,9.1924847,detached,residential
way,42501912,48.499487,9.1949594,apartments,residential
way,42501913,48.4993685,9.1949534,apartments,residential
way,42502753,48.5029239,9.197676,apartments,residential
way,42502757,48.5030394,9.1968611,house,residential
way,42502759,48.5030945,9.1932871,detached,residential
way,42502760,48.5028448,9.1935591,detached,residential
way,42502773,48.5007731,9.1911984,apartments,residential
way,42502802,48.4996411,9.1932738,house,residential
way,42503610,48.5027053,9.1933202,apartments,residential
way,42503613,48.5015836,9.1931928,apartments,residential
way,42503614,48.5012864,9.1946344,detached,residential
way,42503615,48.5012487,9.1948699,apartments,residential
way,42503616,48.5010198,9.1954584,apartments,residential
way,42769515,48.4903764,9.1913638,apartments,residential
way,42769516,48.4902024,9.1912138,apartments,residential
way,43067709,48.4941148,9.2096143,apartments,residential
way,43113983,48.4914948,9.2098551,apartments,residential
way,43113984,48.4915954,9.209625,apartments,residential
way,43169598,48.4866717,9.1850632,apartments,residential
way,43443122,48.4910274,9.2141966,apartments,residential
way,43443124,48.4936758,9.2125224,apartments,residential
way,43443126,48.4909602,9.2095333,apartments,residential
way,43443168,48.4941469,9.2112864,apartments,residential
way,43443171,48.4907381,9.2134446,apartments,residential
way,43443175,48.490517,9.2138316,apartments,residential
way,43443180,48.4911007,9.212705,apartments,residential
way,43443181,48.4911157,9.2128788,apartments,residential
way,43443182,48.4914326,9.2133945,apartments,residential
way,43444424,48.4906466,9.2111105,apartments,residential
way,43446974,48.4907441,9.2137781,apartments,residential
way,43446976,48.4909796,9.2143375,apartments,residential
way,43446977,48.4913817,9.2129126,apartments,residential
way,43446978,48.4921329,9.2125632,apartments,residential
way,43447154,48.4916525,9.2122083,apartments,residential
way,43447156,48.4914572,9.2124418,apartments,residential
way,43540005,48.4947691,9.1999483,apartments,residential
way,43540025,48.4976582,9.1959267,apartments,residential
way,43540027,48.4974782,9.1946879,apartments,residential
way,43540028,48.4974978,9.195173,apartments,residential
way,43540032,48.496564,9.198844,apartments,residential
way,43540037,48.4963345,9.1978515,apartments,residential
way,43540038,48.4964366,9.1974607,apartments,residential
way,43540039,48.4965367,9.1974236,apartments,residential
way,43540044,48.4945133,9.2027814,apartments,residential
way,43540049,48.4948662,9.2015958,apartments,residential
way,44618114,48.4962341,9.2062785,apartments,residential
way,44618116,48.4967959,9.2085493,apartments,residential
way,44618119,48.4997337,9.2107189,apartments,residential
way,44618122,48.5003113,9.2108372,apartments,residential
way,44618133,48.4975751,9.2127265,apartments,residential
way,44618135,48.4965419,9.212073,apartments,residential
way,44618774,48.5026606,9.2118274,apartments,residential
way,44618775,48.502809,9.211666,apartments,residential
way,44731105,48.4901489,9.2137315,apartments,residential
way,44731106,48.4904622,9.2143098,apartments,residential
way,44731107,48.4904281,9.2144026,apartments,residential
way,44731108,48.4903956,9.2144843,apartments,residential
way,44731109,48.4903234,9.2145538,apartments,residential
way,44731533,48.491632,9.2128164,apartments,residential
way,44731535,48.4912659,9.2126659,apartments,residential
way,44732254,48.4951004,9.2120778,detached,residential
way,44732257,48.4958281,9.2124392,apartments,residential
way,44732258,48.4955682,9.213129,apartments,residential
way,44732259,48.4954533,9.2129178,apartments,residential
way,44732271,48.4987112,9.2129521,house,residential
way,44732272,48.4992525,9.2140201,house,residential
way,44732273,48.4994365,9.2140518,house,residential
way,44732274,48.4993716,9.2136472,house,residential
way,44732275,48.4973762,9.213412,apartments,residential
way,44732276,48.4976235,9.2134848,apartments,residential
way,44732277,48.4980499,9.213752,apartments,residential
way,44732278,48.4978195,9.2138435,apartments,residential
way,44820518,48.5034505,9.200606,apartments,residential
way,44820520,48.5037002,9.2003143,house,residential
way,44820526,48.500415,9.2026238,apartments,residential
way,45619923,48.4928584,9.2008872,apartments,residential
way,45619937,48.4943118,9.2010503,apartments,residential
way,45619938,48.4948852,9.2008215,apartments,residential
way,45619942,48.4945231,9.1962362,apartments,residential
way,45619943,48.4945498,9.1961587,apartments,residential
way,45619970,48.4945064,9.2005122,apartments,residential
way,45619971,48.4944448,9.2007286,apartments,residential
way,45619974,48.495391,9.1987867,apartments,residential
way,45619975,48.4957269,9.1984949,apartments,residential
way,45619977,48.4963432,9.2000639,apartments,residential
way,45619978,48.4963424,9.2004297,apartments,residential
way,45620040,48.4959569,9.2030361,apartments,residential
way,45620047,48.4956747,9.2032615,apartments,residential
way,45620068,48.4957108,9.2030682,apartments,residential
way,45620310,48.4937034,9.2036,apartments,residential
way,45620318,48.4953834,9.2039032,house,residential
way,45623623,48.4978077,9.1964232,apartments,residential
way,45623626,48.497894,9.196896,apartments,residential
way,46095278,48.4991873,9.1869417,apartments,residential
way,46095279,48.499238,9.1856703,detached,residential
way,46095280,48.4991965,9.1859312,detached,residential
way,46095282,48.4965079,9.1876435,apartments,residential
way,46095287,48.4988133,9.1866528,detached,residential
way,46095288,48.4989204,9.1869006,apartments,residential
way,46095290,48.4990039,9.1864555,detached,residential
way,46095291,48.4966922,9.1876302,apartments,residential
way,46095301,48.4998515,9.18909,apartments,residential
way,46095382,48.5025972,9.1839986,apartments,residential
way,46095393,48.5019868,9.1856168,apartments,residential
way,46095394,48.5018906,9.1859906,apartments,residential
way,46095397,48.5027866,9.1845733,apartments,residential
way,46095398,48.5020095,9.1853243,apartments,residential
way,46095399,48.502524,9.1863929,detached,residential
way,46095400,48.5025447,9.1860319,detached,residential
way,46095401,48.5026601,9.1855652,apartments,residential
way,46095402,48.5021984,9.1872023,detached,residential
way,46095409,48.5028078,9.1893554,apartments,residential
way,46095410,48.5024339,9.1894959,apartments,residential
way,46095413,48.5030982,9.1889904,detached,residential
way,46095417,48.5026624,9.1875461,detached,residential
way,46095421,48.5025814,9.1913897,apartments,residential
way,46095443,48.5039656,9.1931544,apartments,residential
way,46648453,48.4867678,9.1863459,apartments,residential
way,46648454,48.4868028,9.1861796,apartments,residential
way,46648456,48.4873949,9.186765,apartments,residential
way,46651026,48.4881186,9.1902464,apartments,residential
way,46651027,48.4882683,9.1907326,apartments,residential
way,46651028,48.4882925,9.1892522,apartments,residential
way,46651029,48.4880852,9.1895796,apartments,residential
way,46651048,48.4870841,9.1870077,apartments,residential
way,46651059,48.4880357,9.1874724,apartments,residential
way,46651060,48.4878384,9.1874976,apartments,residential
way,46651071,48.4882003,9.1889141,apartments,residential
way,46651075,48.4879161,9.1907507,apartments,residential
way,46651077,48.4876612,9.1910229,apartments,residential
way,46651079,48.4871973,9.1902667,house,residential
way,46651083,48.4883456,9.188857,apartments,residential
way,46651084,48.4884433,9.1891826,apartments,residential
way,46651085,48.488761,9.1887868,apartments,residential
way,46651086,48.4889319,9.189113,apartments,residential
way,46651087,48.4887962,9.1896921,house,residential
way,46651088,48.4885445,9.1888408,apartments,residential
way,46651089,48.4886013,9.1891605,apartments,residential
way,46651090,48.4887118,9.1891925,apartments,residential
way,46651092,48.488504,9.1877625,apartments,residential
way,46651735,48.4919105,9.1991427,apartments,residential
way,46651736,48.4919324,9.1992369,apartments,residential
way,46705387,48.4898979,9.2026133,apartments,residential
way,46837403,48.491118,9.2032743,apartments,residential
way,46837405,48.4910206,9.2030755,apartments,residential
way,46883952,48.4871569,9.1859454,apartments,residential
way,46883953,48.4909334,9.1930736,detached,residential
way,46889873,48.4895016,9.2132622,apartments,residential
way,46889877,48.4893791,9.2133717,apartments,residential
way,46963687,48.4966591,9.2112376,apartments,residential
way,46963689,48.4978708,9.2116905,apartments,residential
way,46963694,48.4977821,9.2133107,house,residential
way,46963695,48.4979385,9.2134082,house,residential
way,46963696,48.4985944,9.2133867,house,residential
way,46963697,48.4987565,9.2135184,house,residential
way,46963698,48.4989191,9.213616,house,residential
way,46963699,48.4990899,9.2140748,apartments,residential
way,46963700,48.4988682,9.2140482,house,residential
way,47659355,48.4994387,9.2064311,house,residential
way,47659357,48.4979532,9.2043279,detached,residential
way,47659358,48.4991592,9.2038138,detached,residential
way,47659360,48.4967112,9.2049675,apartments,residential
way,47659364,48.4985297,9.2046777,apartments,residential
way,47659365,48.4990756,9.2062982,house,residential
way,47659367,48.5005678,9.2051846,apartments,residential
way,47659370,48.4998286,9.2058496,apartments,residential
way,47659372,48.500008,9.2051559,apartments,residential
way,47659373,48.4999103,9.2054969,apartments,residential
way,47659375,48.4999209,9.2048137,detached,residential
way,47659378,48.5001523,9.2050225,apartments,residential
way,47659379,48.49967,9.2052068,detached,residential
way,47659380,48.4997516,9.2054854,apartments,residential
way,47659381,48.4996508,9.2056029,apartments,residential
way,47659382,48.4999104,9.2057131,apartments,residential
way,47659384,48.5000415,9.2055577,apartments,residential
way,47659385,48.5001348,9.2054391,house,residential
way,47659386,48.5001501,9.205354,apartments,residential
way,47659387,48.5001685,9.2057504,house,residential
way,47659389,48.5003461,9.2054974,apartments,residential
way,47659390,48.5004289,9.2053632,apartments,residential
way,47659391,48.4999455,9.2060961,house,residential
way,47659393,48.5002974,9.2051566,apartments,residential
way,47659394,48.5007854,9.2054269,apartments,residential
way,47659395,48.4992711,9.2068512,house,residential
way,47659397,48.499465,9.206577,house,residential
way,47659398,48.4992764,9.2067134,apartments,residential
way,47702428,48.4988607,9.2041962,detached,residential
way,47702438,48.5033284,9.207839,detached,residential
way,47702442,48.5027501,9.2076452,apartments,residential
way,47702443,48.5028417,9.2078198,apartments,residential
way,47702444,48.5029435,9.2080097,detached,residential
way,47702445,48.5030597,9.2082715,apartments,residential
way,47702447,48.5031535,9.207745,detached,residential
way,47812349,48.4938104,9.2126021,apartments,residential
way,47812350,48.4936006,9.2099135,apartments,residential
way,47812352,48.4935933,9.2130882,apartments,residential
way,47812354,48.4927688,9.2085901,apartments,residential
way,47812363,48.4924006,9.21149,apartments,residential
way,47812364,48.4924643,9.2114466,apartments,residential
way,47812369,48.4915341,9.2143583,apartments,residential
way,47812373,48.4927133,9.2133483,house,residential
way,47812375,48.4929631,9.2129952,apartments,residential
way,47812377,48.4930291,9.2128364,apartments,residential
way,47812378,48.492605,9.213138,apartments,residential
way,47812380,48.4925699,9.2127827,apartments,residential
way,47812382,48.4926358,9.2127046,apartments,residential
way,47812387,48.4943701,9.2121108,apartments,residential
way,47812388,48.4939848,9.2120873,apartments,residential
way,47812389,48.4944772,9.2096655,apartments,residential
way,47812391,48.4944879,9.2113742,apartments,residential
way,47812392,48.4943542,9.2110512,house,residential
way,47812393,48.4941344,9.2116375,apartments,residential
way,47812396,48.4945552,9.2110629,apartments,residential
way,47812399,48.4938005,9.2132489,apartments,residential
way,47812400,48.4943709,9.2143402,apartments,residential
way,47812402,48.4941123,9.2124812,apartments,residential
way,47812404,48.4941618,9.2126259,apartments,residential
way,47812406,48.4937853,9.2121032,apartments,residential
way,47813275,48.4924162,9.2139189,apartments,residential
way,47893570,48.4937633,9.2112255,apartments,residential
way,47893571,48.4935861,9.2112342,apartments,residential
way,47893573,48.4935323,9.2118685,apartments,residential
way,47893577,48.4930738,9.2124761,apartments,residential
way,47893581,48.494752,9.2143598,apartments,residential
way,47893582,48.4946253,9.2146964,apartments,residential
way,47973453,48.4923955,9.2117555,apartments,residential
way,47980669,48.4870478,9.2035941,detached,residential
way,47980688,48.4870395,9.2038717,detached,residential
way,47980690,48.4871306,9.2043687,detached,residential
way,48817636,48.4923268,9.2140313,apartments,residential
way,48817637,48.4923184,9.2144396,apartments,residential
way,48817641,48.4921967,9.2146098,apartments,residential
way,48817643,48.4913724,9.214289,apartments,residential
way,48924768,48.4936993,9.2184423,apartments,residential
way,48924770,48.4938259,9.2176269,apartments,residential
way,48924771,48.4926753,9.2177863,apartments,residential
way,48924772,48.492869,9.2170904,apartments,residential
way,48924773,48.4932337,9.2171369,apartments,residential
way,48924774,48.4936906,9.2174378,apartments,residential
way,48924776,48.4930267,9.2180252,apartments,residential
way,48924777,48.4932094,9.2183404,apartments,residential
way,48924778,48.4932781,9.2186555,apartments,residential
way,48924779,48.4934177,9.2188975,apartments,residential
way,48924781,48.4927939,9.2179669,apartments,residential
way,48924789,48.4939818,9.2175828,apartments,residential
way,48924797,48.4945396,9.2188938,apartments,residential
way,48924799,48.4941169,9.2177719,apartments,residential
way,48925638,48.4922911,9.2150145,apartments,residential
way,48925641,48.4924221,9.2162233,apartments,residential
way,48925644,48.4923619,9.2154269,apartments,residential
way,48925646,48.4920508,9.2153907,apartments,residential
way,48925649,48.4918315,9.2158744,apartments,residential
way,48925652,48.4930955,9.2162496,apartments,residential
way,48925653,48.4928622,9.2164312,apartments,residential
way,48925658,48.4926235,9.2158338,apartments,residential
way,48925660,48.4925796,9.2172188,apartments,residential
way,48965575,48.4978988,9.2175551,house,residential
way,48965577,48.498016,9.2173418,house,residential
way,48965583,48.4951049,9.2167754,apartments,residential
way,48965604,48.49525,9.2169861,apartments,residential
way,48965605,48.4952496,9.2171487,apartments,residential
way,48965620,48.4957112,9.2202808,apartments,residential
way,48965621,48.4950974,9.2195801,apartments,residential
way,48965622,48.4955864,9.2201274,apartments,residential
way,48965625,48.4961445,9.2187758,apartments,residential
way,48965626,48.4958097,9.2191231,apartments,residential
way,48965627,48.4954638,9.2186463,apartments,residential
way,48965628,48.4958792,9.2200039,house,residential
way,48965632,48.4954219,9.2193687,apartments,residential
way,48965633,48.4957399,9.2198186,apartments,residential
way,48965634,48.495638,9.2196721,apartments,residential
way,48965635,48.4955334,9.2195201,apartments,residential
way,48965636,48.4952925,9.2191937,apartments,residential
way,48965637,48.4951979,9.2198009,apartments,residential
way,48965638,48.4954388,9.2199303,apartments,residential
way,48965639,48.4959563,9.2193492,apartments,residential
way,48965640,48.4961308,9.2195892,house,residential
way,48965641,48.4960094,9.2197879,house,residential
way,49177602,48.49083,9.2220591,apartments,residential
way,49177607,48.4904287,9.2183999,apartments,residential
way,49177610,48.4905903,9.2181454,apartments,residential
way,49177618,48.4905018,9.2216729,apartments,residential
way,49177619,48.4904832,9.2212881,apartments,residential
way,49177623,48.4910786,9.2199678,apartments,residential
way,49177624,48.4912491,9.2200536,apartments,residential
way,49177625,48.4911868,9.2197986,apartments,residential
way,49177627,48.4913828,9.2194768,apartments,residential
way,49177629,48.4917472,9.2189252,apartments,residential
way,49177630,48.491839,9.2195332,apartments,residential
way,49177631,48.4918884,9.2198002,apartments,residential
way,49177632,48.4920733,9.2195744,apartments,residential
way,49177634,48.4914571,9.219361,apartments,residential
way,49180678,48.4893193,9.2162892,apartments,residential
way,49180680,48.4889384,9.2155802,apartments,residential
way,49180681,48.4888066,9.215593,apartments,residential
way,49180682,48.4888173,9.2154248,apartments,residential
way,49180686,48.4887336,9.2153183,apartments,residential
way,49180694,48.4899113,9.2163798,residential,residential
way,49180695,48.4898507,9.216339,residential,residential
way,49180696,48.4896662,9.2162188,residential,residential
way,49180697,48.4896662,9.2162188,residential,residential
way,49180704,48.4895645,9.2190239,apartments,residential
way,49180706,48.4895383,9.2196543,apartments,residential
way,49180707,48.4895935,9.2197366,apartments,residential
way,49180710,48.4887598,9.218453,apartments,residential
way,49180711,48.4885754,9.2189789,apartments,residential
way,49180713,48.4891595,9.2177933,apartments,residential
way,49180714,48.4888502,9.2180549,apartments,residential
way,49180715,48.4890539,9.2185194,apartments,residential
way,49180716,48.4890817,9.2185561,apartments,residential
way,49180717,48.4892837,9.2188549,apartments,residential
way,49180718,48.4893945,9.2190177,apartments,residential
way,49180719,48.4891155,9.2190412,apartments,residential
way,49180720,48.4891942,9.219158,apartments,residential
way,49180721,48.4893331,9.2193575,apartments,residential
way,49180722,48.4893088,9.2194924,apartments,residential
way,49180724,48.4895859,9.2192939,apartments,residential
way,49180725,48.4897894,9.2195846,apartments,residential
way,49180726,48.4899735,9.2198511,apartments,residential
way,49285773,48.4936645,9.2117483,apartments,residential
way,49285775,48.4938054,9.2115928,apartments,residential
way,49285778,48.4933302,9.2119915,apartments,residential
way,49285780,48.4932333,9.2120974,apartments,residential
way,49285781,48.4933855,9.2119458,apartments,residential
way,49285782,48.4934317,9.2118875,apartments,residential
way,49285783,48.4933938,9.2116293,apartments,residential
way,49285784,48.4933748,9.2121451,apartments,residential
way,49285791,48.4943179,9.2147668,apartments,residential
way,49285797,48.4940372,9.2125445,apartments,residential
way,49285798,48.4941337,9.2121441,apartments,residential
way,49436182,48.5011208,9.2152187,apartments,residential
way,49436204,48.5031251,9.2161137,house,residential
way,49436206,48.5024564,9.2173695,apartments,residential
way,49436207,48.5030743,9.216838,house,residential
way,49436792,48.4905824,9.2219308,apartments,residential
way,49436793,48.4905239,9.2222286,apartments,residential
way,49436794,48.4907348,9.2222632,apartments,residential
way,49512515,48.4931338,9.216653,apartments,residential
way,49512516,48.4930231,9.2170557,apartments,residential
way,49512519,48.4946343,9.217327,apartments,residential
way,49512528,48.4941253,9.2160633,apartments,residential
way,49512530,48.4938821,9.2158979,apartments,residential
way,49512531,48.4940897,9.2153341,apartments,residential
way,49512549,48.494658,9.2168853,apartments,residential
way,49512553,48.494911,9.216488,apartments,residential
way,49512554,48.4946831,9.2172669,apartments,residential
way,49512555,48.4948702,9.2169535,apartments,residential
way,49591169,48.4950854,9.2189234,apartments,residential
way,49591172,48.494491,9.2178006,apartments,residential
way,49591173,48.4949278,9.2186344,apartments,residential
way,49591175,48.4946297,9.218181,apartments,residential
way,49591179,48.4947065,9.2188676,apartments,residential
way,49591182,48.495202,9.2187161,apartments,residential
way,49591183,48.4953748,9.2183545,apartments,residential
way,49591184,48.4954883,9.2181614,apartments,residential
way,49591790,48.4909972,9.2163189,apartments,residential
way,49591792,48.4909443,9.2159381,apartments,residential
way,49591796,48.490511,9.2160445,apartments,residential
way,49591799,48.4904312,9.2157428,apartments,residential
way,49591800,48.490284,9.2153314,apartments,residential
way,49591801,48.4908552,9.2165128,apartments,residential
way,49591803,48.4902932,9.2162319,apartments,residential
way,49591806,48.4912064,9.2160239,apartments,residential
way,49591808,48.4913315,9.2158482,apartments,residential
way,49591809,48.491359,9.2158013,apartments,residential
way,49606349,48.4918565,9.2175173,detached,residential
way,49606354,48.4908976,9.2146783,apartments,residential
way,49606355,48.4910279,9.2149643,apartments,residential
way,49606361,48.4904848,9.2153717,apartments,residential
way,49606363,48.4903825,9.2151804,apartments,residential
way,49606364,48.4903531,9.2148609,apartments,residential
way,49606366,48.490512,9.2149067,apartments,residential
way,49606367,48.490928,9.2151175,apartments,residential
way,49606371,48.4911618,9.2145582,apartments,residential
way,49606378,48.4911153,9.2144917,apartments,residential
way,49606379,48.4916558,9.2173379,detached,residential
way,49606380,48.4915724,9.2172393,apartments,residential
way,49606382,48.4913972,9.2170078,apartments,residential
way,49612221,48.4902068,9.2147119,apartments,residential
way,49612222,48.4902185,9.21472,house,residential
way,49612225,48.4903337,9.2172535,apartments,residential
way,49612226,48.4902616,9.2169437,apartments,residential
way,49612228,48.4902387,9.2148955,apartments,residential
way,49612234,48.4901764,9.2154505,apartments,residential
way,49612236,48.4901911,9.215145,apartments,residential
way,49612237,48.4901633,9.2153935,apartments,residential
way,49612238,48.4901842,9.2152202,apartments,residential
way,49612240,48.4901428,9.2170402,apartments,residential
way,49612241,48.4900652,9.2171554,apartments,residential
way,49612242,48.4903337,9.217212,apartments,residential
way,49612246,48.4915072,9.214801,house,residential
way,49612251,48.4914523,9.214885,house,residential
way,49612252,48.4914595,9.2149908,house,residential
way,49612254,48.4913886,9.2150983,apartments,residential
way,50201942,48.4915912,9.2185047,apartments,residential
way,50201943,48.4917584,9.2183424,apartments,residential
way,50201944,48.4911963,9.2186874,apartments,residential
way,50201952,48.4919953,9.2175639,semidetached_house,residential
way,50201953,48.492007,9.2178709,apartments,residential
way,50201957,48.4920493,9.2176394,semidetached_house,residential
way,50201959,48.4919255,9.2182738,apartments,residential
way,50201960,48.4918758,9.2186901,apartments,residential
way,50201965,48.4927047,9.2186106,apartments,residential
way,50206134,48.4924101,9.2215921,apartments,residential
way,50206137,48.4926569,9.2219008,apartments,residential
way,50206138,48.4925627,9.2211281,apartments,residential
way,50206139,48.49244,9.2212523,apartments,residential
way,50586232,48.4915055,9.2121874,apartments,residential
way,50586240,48.4917126,9.2119341,apartments,residential
way,50586247,48.4912209,9.2115305,apartments,residential
way,50586248,48.491255,9.2117134,apartments,residential
way,50586249,48.4911428,9.211605,apartments,residential
way,50586255,48.4912083,9.2125601,apartments,residential
way,50586258,48.4912279,9.2121894,apartments,residential
way,50586260,48.4916322,9.2127151,apartments,residential
way,50915701,48.4893366,9.2082627,apartments,residential
way,50915712,48.4897534,9.2093902,apartments,residential
way,50922667,48.4893545,9.2135986,apartments,residential
way,51096705,48.4881615,9.2224275,apartments,residential
way,51096706,48.4882608,9.2217691,apartments,residential
way,51096712,48.4878813,9.2215671,apartments,residential
way,51096714,48.4889417,9.2229573,apartments,residential
way,51096715,48.4898808,9.2230509,apartments,residential
way,51096722,48.4894966,9.2225214,apartments,residential
way,51096730,48.4883174,9.2216744,house,residential
way,51096731,48.488633,9.2217385,apartments,residential
way,51096732,48.4889456,9.2221779,apartments,residential
way,51096735,48.4889115,9.2216909,apartments,residential
way,51096737,48.488579,9.2212223,house,residential
way,51096738,48.4884732,9.2210728,house,residential
way,51096745,48.4884632,9.2207112,house,residential
way,51096746,48.4883807,9.2206032,house,residential
way,51096750,48.4884408,9.2214687,house,residential
way,51096751,48.4884104,9.2215193,house,residential
way,51096752,48.4883792,9.2215714,house,residential
way,51096753,48.488348,9.2216234,house,residential
way,51096755,48.4887331,9.2214476,apartments,residential
way,51096764,48.4892286,9.2209811,apartments,residential
way,51096765,48.4894997,9.2209336,apartments,residential
way,51096766,48.4893639,9.2209375,apartments,residential
way,51096767,48.4894496,9.2206241,apartments,residential
way,51096768,48.4892244,9.2205572,apartments,residential
way,51096770,48.4883434,9.2226762,apartments,residential
way,51096771,48.4888168,9.2223883,apartments,residential
way,51096772,48.4883454,9.2221643,apartments,residential
way,51096773,48.4886174,9.2225487,apartments,residential
way,51096774,48.4885687,9.2223078,apartments,residential
way,51096775,48.4884914,9.2219395,apartments,residential
way,51096776,48.4887112,9.2229501,apartments,residential
way,51096777,48.4886186,9.2219557,apartments,residential
way,51096779,48.489245,9.2225558,apartments,residential
way,51096780,48.4891129,9.2227848,apartments,residential
way,51096781,48.4890121,9.2218338,apartments,residential
way,51096784,48.4897472,9.2217809,apartments,residential
way,51096785,48.489861,9.2215988,apartments,residential
way,51096786,48.4898067,9.2205344,apartments,residential
way,51096787,48.4897808,9.2207026,apartments,residential
way,51096788,48.4896303,9.220743,apartments,residential
way,51096789,48.4899458,9.2206581,apartments,residential
way,51096791,48.4899666,9.2214318,apartments,residential
way,51096792,48.4897207,9.2223789,apartments,residential
way,51096793,48.4898021,9.2225375,apartments,residential
way,51096794,48.4900197,9.2228053,apartments,residential
way,51096795,48.4898394,9.2219754,apartments,residential
way,51096797,48.4898765,9.2218984,apartments,residential
way,51096800,48.4897113,9.2228095,apartments,residential
way,51096801,48.4898132,9.2229533,apartments,residential
way,51096802,48.4896058,9.2235741,apartments,residential
way,51096803,48.4896371,9.2240477,apartments,residential
way,51096804,48.4895532,9.2240887,apartments,residential
way,51096808,48.4895133,9.2237298,apartments,residential
way,51096809,48.4894351,9.2238484,apartments,residential
way,51096815,48.4896833,9.2234548,apartments,residential
way,51096816,48.4898574,9.2233987,apartments,residential
way,51096817,48.4897365,9.2235958,apartments,residential
way,51096818,48.4896527,9.2237284,apartments,residential
way,51096819,48.4897079,9.2233837,apartments,residential
way,51258615,48.4926582,9.2227618,apartments,residential
way,51258616,48.4927706,9.2225697,apartments,residential
way,51258631,48.4924754,9.2231156,apartments,residential
way,51265217,48.4921237,9.2228491,apartments,residential
way,51265225,48.4919208,9.2224459,apartments,residential
way,51265819,48.4924119,9.2224156,apartments,residential
way,51265820,48.4922556,9.2218844,apartments,residential
way,51265821,48.4920902,9.2216283,apartments,residential
way,51265822,48.4921776,9.2212937,apartments,residential
way,51265823,48.4921931,9.221797,apartments,residential
way,51265824,48.4921265,9.2217129,apartments,residential
way,51265825,48.4918993,9.2223855,apartments,residential
way,51265826,48.491932,9.2219028,apartments,residential
way,51265827,48.4917943,9.2221208,apartments,residential
way,51265828,48.4925242,9.2222228,apartments,residential
way,51265829,48.4928551,9.2224368,apartments,residential
way,51267377,48.4889817,9.2144714,apartments,residential
way,51274119,48.4896079,9.2155838,house,residential
way,51274121,48.4894741,9.2155087,house,residential
way,51274137,48.4896475,9.2156049,house,residential
way,51274138,48.4897124,9.2156395,house,residential
way,51274139,48.4897653,9.215669,house,residential
way,51274140,48.4898313,9.2157039,house,residential
way,51274141,48.4898313,9.2157039,house,residential
way,51566900,48.4878402,9.2214141,apartments,residential
way,51566901,48.4877294,9.2212589,apartments,residential
way,51736272,48.4879322,9.2094481,apartments,residential
way,51736281,48.4885843,9.2099886,apartments,residential
way,51806320,48.4916541,9.2159627,apartments,residential
way,51806676,48.494997,9.2136543,apartments,residential
way,51807192,48.4899503,9.2169977,apartments,residential
way,51808006,48.4902456,9.2173977,apartments,residential
way,51808007,48.4898953,9.2173661,apartments,residential
way,51808008,48.4899098,9.2175333,apartments,residential
way,51808009,48.48987,9.2176033,apartments,residential
way,51808010,48.4898338,9.2175824,house,residential
way,51808012,48.490329,9.2175868,apartments,residential
way,51808013,48.490328,9.2176811,apartments,residential
way,51808014,48.4903157,9.2183207,apartments,residential
way,51808016,48.4899896,9.2181717,apartments,residential
way,51808017,48.4898883,9.2180342,apartments,residential
way,51808018,48.4897875,9.217919,apartments,residential
way,51808019,48.4898021,9.2176225,apartments,residential
way,51808021,48.4903188,9.2181567,apartments,residential
way,51808024,48.490327,9.2178098,apartments,residential
way,51808025,48.4903244,9.218012,apartments,residential
way,51808027,48.4905186,9.2183593,apartments,residential
way,51808131,48.4895535,9.2187019,detached,residential
way,51808133,48.4894087,9.218525,apartments,residential
way,51808134,48.4894729,9.2186035,apartments,residential
way,51812134,48.4916961,9.2133292,apartments,residential
way,51812135,48.4915992,9.2132366,apartments,residential
way,51812136,48.4917535,9.2139419,apartments,residential
way,51812140,48.4917473,9.2132584,apartments,residential
way,51814225,48.4934331,9.210671,apartments,residential
way,51814226,48.4941514,9.2107077,apartments,residential
way,51814227,48.493604,9.2103012,apartments,residential
way,51814234,48.4941964,9.2106467,apartments,residential
way,51814235,48.49434,9.2105739,apartments,residential
way,51814236,48.4943371,9.2105801,apartments,residential
way,51814241,48.4938868,9.2101342,apartments,residential
way,51814242,48.4940357,9.210285,apartments,residential
way,51814243,48.4940737,9.2102691,apartments,residential
way,51814244,48.4941829,9.2101037,apartments,residential
way,51814246,48.4939746,9.2105579,apartments,residential
way,51814250,48.4945072,9.2104662,apartments,residential
way,51814253,48.4940907,9.2109596,apartments,residential
way,51814254,48.4943635,9.2108246,apartments,residential
way,51814256,48.4944659,9.2109952,house,residential
way,51814257,48.4945203,9.2109244,house,residential
way,51819401,48.4901658,9.222401,apartments,residential
way,51819403,48.4902541,9.2222485,apartments,residential
way,51819404,48.4901948,9.2229376,apartments,residential
way,51819407,48.4901056,9.221536,apartments,residential
way,51819408,48.4901759,9.2219411,apartments,residential
way,51819412,48.4899932,9.2213844,apartments,residential
way,51819413,48.4901726,9.2220959,apartments,residential
way,51819414,48.490023,9.2226317,apartments,residential
way,51819415,48.490381,9.2222328,apartments,residential
way,51819416,48.4902837,9.2220965,apartments,residential
way,51819419,48.4904253,9.2223875,apartments,residential
way,51819420,48.490327,9.2225458,apartments,residential
way,51885704,48.4904209,9.2258046,house,residential
way,51885705,48.4903704,9.2257194,house,residential
way,51885745,48.4899974,9.2272762,apartments,residential
way,51885748,48.4920418,9.2256815,house,residential
way,51885756,48.4920361,9.225772,house,residential
way,51885757,48.4920487,9.2258438,house,residential
way,51885758,48.4920613,9.2259156,house,residential
way,51894346,48.4992341,9.2134453,house,residential
way,51894352,48.5001462,9.2176548,house,residential
way,51894353,48.4993138,9.218075,apartments,residential
way,51894354,48.4991869,9.2167128,house,residential
way,51894356,48.4987812,9.2158818,house,residential
way,51894357,48.498979,9.216231,house,residential
way,51894358,48.498881,9.2160585,house,residential
way,51894359,48.4990769,9.2164222,house,residential
way,51894360,48.4990736,9.216995,house,residential
way,51894361,48.4989091,9.2171684,house,residential
way,51894364,48.4987783,9.2172271,house,residential
way,51894365,48.4989232,9.215132,apartments,residential
way,51894366,48.4987872,9.2149149,apartments,residential
way,51894372,48.4997072,9.2169664,apartments,residential
way,51894375,48.4989543,9.2181786,apartments,residential
way,51894376,48.5000618,9.2177373,house,residential
way,51894377,48.5000656,9.2180472,apartments,residential
way,51894378,48.4997692,9.2179756,apartments,residential
way,51894379,48.4999319,9.2182277,apartments,residential
way,51894380,48.4995475,9.2180218,apartments,residential
way,52154070,48.4930821,9.2092159,apartments,residential
way,52154071,48.4932631,9.2091804,apartments,residential
way,52154072,48.4934575,9.2092555,apartments,residential
way,52154073,48.4934575,9.2092555,apartments,residential
way,52154074,48.4935978,9.2095113,apartments,residential
way,52154075,48.4930401,9.2084652,apartments,residential
way,52154076,48.4929755,9.2090035,apartments,residential
way,52154077,48.4929048,9.2088379,apartments,residential
way,52154079,48.4928672,9.2086439,house,residential
way,52154080,48.4930994,9.2085196,apartments,residential
way,52154081,48.4932079,9.2084872,apartments,residential
way,52154082,48.4933824,9.2083739,apartments,residential
way,52154083,48.4930283,9.2091034,apartments,residential
way,52154084,48.4932933,9.2086661,apartments,residential
way,52154086,48.4932942,9.2086677,apartments,residential
way,52154088,48.4930823,9.2100081,apartments,residential
way,52154089,48.4933514,9.2093981,apartments,residential
way,52154090,48.493357,9.2097973,apartments,residential
way,52154092,48.4933024,9.2096348,apartments,residential
way,52154093,48.4936369,9.2094373,apartments,residential
way,52154638,48.4928508,9.2092042,apartments,residential
way,52154640,48.4927706,9.2094697,apartments,residential
way,52154641,48.4925216,9.2091958,apartments,residential
way,52154642,48.4927797,9.2087463,apartments,residential
way,52154643,48.4927339,9.2086407,apartments,residential
way,52154644,48.4927199,9.2086553,apartments,residential
way,52154645,48.4924027,9.2086109,apartments,residential
way,52154646,48.4925463,9.2086834,apartments,residential
way,52154647,48.4925437,9.2089795,house,residential
way,52154648,48.4927875,9.2091158,apartments,residential
way,52154651,48.4931405,9.2095292,apartments,residential
way,52154652,48.4930106,9.2096906,apartments,residential
way,52154653,48.4928666,9.2093974,apartments,residential
way,52154654,48.4925421,9.2096377,apartments,residential
way,52154655,48.4934933,9.2101208,apartments,residential
way,52154656,48.4932719,9.2098215,apartments,residential
way,52154657,48.4930804,9.2097577,apartments,residential
way,52154658,48.493125,9.2100473,apartments,residential
way,52715237,48.4924097,9.2053983,house,residential
way,52715240,48.4921812,9.2043689,apartments,residential
way,52715241,48.4921221,9.2046713,apartments,residential
way,52715246,48.4922189,9.2055153,apartments,residential
way,52715248,48.4923884,9.2051062,apartments,residential
way,52715250,48.4923187,9.2048421,apartments,residential
way,52715252,48.4925418,9.2053183,house,residential
way,52715253,48.4924757,9.2053583,house,residential
way,52717602,48.4915643,9.2030823,apartments,residential
way,52823077,48.5020011,9.1816965,apartments,residential
way,52823078,48.5005844,9.1829079,apartments,residential
way,52823091,48.5011701,9.1816064,apartments,residential
way,52823101,48.5000278,9.1838427,detached,residential
way,52823107,48.5010937,9.1830219,apartments,residential
way,52823109,48.5008376,9.1829636,apartments,residential
way,52823110,48.5009549,9.1820355,house,residential
way,52823111,48.5011407,9.1824506,detached,residential
way,52823112,48.5011406,9.1827098,detached,residential
way,52823117,48.5011183,9.1820376,apartments,residential
way,52823118,48.5014892,9.1821093,apartments,residential
way,52823121,48.5015654,9.1825783,detached,residential
way,52823123,48.5017201,9.182038,apartments,residential
way,52823698,48.5005852,9.1839607,detached,residential
way,52823699,48.5010541,9.183645,detached,residential
way,52823700,48.5010115,9.1838119,apartments,residential
way,52823701,48.5010022,9.1842164,apartments,residential
way,52823702,48.5009562,9.1844381,detached,residential
way,52823703,48.5009691,9.1845906,detached,residential
way,52823704,48.5009561,9.1847346,detached,residential
way,52825462,48.4936215,9.1969386,detached,residential
way,52825463,48.4936012,9.1973892,apartments,residential
way,52825467,48.4930582,9.1955792,apartments,residential
way,52825468,48.4923746,9.1955524,house,residential
way,52825471,48.492179,9.1948447,apartments,residential
way,52825472,48.4922001,9.1951961,apartments,residential
way,52825473,48.4920949,9.1952124,apartments,residential
way,52825474,48.4932277,9.1948328,apartments,residential
way,52825475,48.4933133,9.1953783,apartments,residential
way,52825476,48.4930587,9.1953055,apartments,residential
way,52825477,48.4928884,9.1951568,apartments,residential
way,52825478,48.4928344,9.1953171,apartments,residential
way,52825479,48.4923225,9.1951777,apartments,residential
way,52825482,48.4924422,9.1951591,apartments,residential
way,52825492,48.4929257,9.196143,house,residential
way,52825493,48.4929553,9.1965944,apartments,residential
way,52825495,48.4929531,9.1969356,apartments,residential
way,52825496,48.4926687,9.1968566,house,residential
way,52825497,48.4927208,9.1956343,apartments,residential
way,52825499,48.4926904,9.1963394,apartments,residential
way,52825500,48.4928095,9.1965152,apartments,residential
way,52825502,48.4928842,9.1957939,apartments,residential
way,52825504,48.4930494,9.1966687,apartments,residential
way,52825505,48.4931352,9.1964791,detached,residential
way,52825506,48.493036,9.1958351,apartments,residential
way,52825507,48.4932239,9.1958085,apartments,residential
way,52825508,48.4932089,9.1961202,apartments,residential
way,52825511,48.4928283,9.1969085,apartments,residential
way,52825512,48.4927166,9.1973213,house,residential
way,52825513,48.4925956,9.1970622,house,residential
way,52825514,48.4932124,9.1970146,apartments,residential
way,52825516,48.4932652,9.1972365,apartments,residential
way,52825518,48.4930836,9.1970191,apartments,residential
way,52825519,48.4930635,9.1973108,house,residential
way,52825521,48.4928476,9.198554,apartments,residential
way,52825530,48.492883,9.1990104,apartments,residential
way,52825531,48.4927709,9.198922,apartments,residential
way,52825540,48.4932572,9.1993153,apartments,residential
way,52825541,48.4933834,9.1986669,apartments,residential
way,52825557,48.4949072,9.1951612,apartments,residential
way,52825558,48.4951221,9.1946483,apartments,residential
way,52825567,48.4942234,9.1963492,apartments,residential
way,52825574,48.4940904,9.1969931,apartments,residential
way,52825576,48.4940215,9.1971872,apartments,residential
way,52825577,48.4939016,9.1975024,apartments,residential
way,52871228,48.4923645,9.2086692,apartments,residential
way,52871229,48.4923246,9.2087042,apartments,residential
way,52871230,48.4923857,9.2087923,apartments,residential
way,52871231,48.4922575,9.2085574,apartments,residential
way,52871233,48.4924434,9.2089227,apartments,residential
way,52871234,48.4922569,9.2098134,apartments,residential
way,52871236,48.4921479,9.2090437,apartments,residential
way,52871237,48.4921181,9.2092163,apartments,residential
way,52871239,48.4921979,9.2096264,apartments,residential
way,52871241,48.4917408,9.2092593,apartments,residential
way,52871242,48.4915979,9.2088101,apartments,residential
way,52871243,48.4919188,9.2089085,apartments,residential
way,52871246,48.4917408,9.2092593,apartments,residential
way,52871247,48.4921979,9.2096264,apartments,residential
way,52871248,48.4918946,9.2096086,apartments,residential
way,52871251,48.4916962,9.2097115,apartments,residential
way,52871252,48.4917322,9.2093635,apartments,residential
way,52871254,48.4920435,9.209645,apartments,residential
way,52871255,48.4919298,9.2096634,apartments,residential
way,52871256,48.492005,9.2097929,apartments,residential
way,52871257,48.4919976,9.2094162,apartments,residential
way,52871258,48.4924729,9.2098617,apartments,residential
way,52871259,48.4923633,9.2096587,apartments,residential
way,52872767,48.4918077,9.2105849,apartments,residential
way,52872768,48.4917092,9.2106446,apartments,residential
way,52872769,48.4916359,9.2105718,apartments,residential
way,52872770,48.4916004,9.210445,apartments,residential
way,52872771,48.4917824,9.2104267,apartments,residential
way,52872772,48.4917286,9.2101228,apartments,residential
way,52872775,48.4918726,9.2105201,apartments,residential
way,52872778,48.4916074,9.2101487,apartments,residential
way,52872779,48.4920383,9.2106103,apartments,residential
way,52872784,48.4914452,9.2100508,apartments,residential
way,52872785,48.4915388,9.2094595,apartments,residential
way,52872788,48.4917824,9.2104267,apartments,residential
way,52872795,48.4926101,9.2111979,apartments,residential
way,52891180,48.49237,9.2112489,apartments,residential
way,52891181,48.492363,9.2113853,apartments,residential
way,52891182,48.4922961,9.211192,apartments,residential
way,52891184,48.4930895,9.21082,apartments,residential
way,52891188,48.4930506,9.2108528,apartments,residential
way,52891190,48.4932319,9.2106978,apartments,residential
way,52891191,48.4932728,9.2106645,apartments,residential
way,52891193,48.4931,9.2113352,apartments,residential
way,52891194,48.4933259,9.2106125,apartments,residential
way,52891195,48.4933784,9.2105669,apartments,residential
way,52891197,48.4925267,9.2112622,apartments,residential
way,52891201,48.4933488,9.21098,apartments,residential
way,52891202,48.4934038,9.2111822,apartments,residential
way,52891203,48.4933488,9.21098,apartments,residential
way,52891209,48.4932616,9.211102,apartments,residential
way,52891212,48.4931876,9.2111273,apartments,residential
way,52891218,48.4934154,9.2109034,apartments,residential
way,52891221,48.492949,9.2124269,apartments,residential
way,52916304,48.4923421,9.2131203,apartments,residential
way,52916305,48.4923878,9.2130867,apartments,residential
way,52916306,48.4920246,9.2131254,apartments,residential
way,52916307,48.4921315,9.2133204,apartments,residential
way,52916308,48.4918539,9.2133192,apartments,residential
way,52916309,48.4919386,9.2134761,apartments,residential
way,52916310,48.4919713,9.2134379,apartments,residential
way,52916312,48.4919414,9.2130188,apartments,residential
way,52916314,48.4917747,9.2129716,apartments,residential
way,52916315,48.4920768,9.2130741,apartments,residential
way,52916317,48.4919641,9.2135291,apartments,residential
way,52916318,48.4925241,9.2128119,apartments,residential
way,52916319,48.4925241,9.2128119,apartments,residential
way,52916320,48.4924883,9.213042,apartments,residential
way,53017645,48.4976787,9.2174468,house,residential
way,53017646,48.4989964,9.218397,apartments,residential
way,53017647,48.499247,9.218857,detached,residential
way,53017652,48.4986226,9.2171382,house,residential
way,53017655,48.4984914,9.2162928,apartments,residential
way,53017657,48.4982663,9.2172257,house,residential
way,53017658,48.4980812,9.2173403,house,residential
way,53017662,48.4987286,9.2183855,apartments,residential
way,53017663,48.4988073,9.2186923,detached,residential
way,53017664,48.4988922,9.2192243,apartments,residential
way,53017665,48.4994472,9.2187988,detached,residential
way,53017666,48.4993452,9.2191062,detached,residential
way,53101574,48.495419,9.2207458,house,residential
way,53101577,48.4954107,9.2204641,house,residential
way,53167511,48.5019129,9.2182479,house,residential
way,53167512,48.5019151,9.2196494,detached,residential
way,53167518,48.5002514,9.2184605,apartments,residential
way,53167541,48.5024087,9.2177736,apartments,residential
way,53167542,48.5022135,9.2181289,apartments,residential
way,53167543,48.5020621,9.21854,apartments,residential
way,53167544,48.5020408,9.2184389,apartments,residential
way,53167545,48.5019696,9.2182106,house,residential
way,53167547,48.5021209,9.2187967,detached,residential
way,53167548,48.5021599,9.2190009,detached,residential
way,53441712,48.4964436,9.2116637,apartments,residential
way,53545370,48.4946783,9.210226,apartments,residential
way,53545438,48.5038435,9.1939643,house,residential
way,53545440,48.5036253,9.193768,house,residential
way,53545445,48.5038983,9.1942605,house,residential
way,54050508,48.4980248,9.1964589,apartments,residential
way,54051908,48.4964474,9.2026767,apartments,residential
way,54051910,48.4962877,9.202766,apartments,residential
way,54051913,48.4975621,9.2032633,apartments,residential
way,54051914,48.4974708,9.2035604,apartments,residential
way,54051916,48.4966067,9.2026236,apartments,residential
way,54054620,48.4905417,9.2120306,apartments,residential
way,54054621,48.4904369,9.2119167,apartments,residential
way,54054623,48.490484,9.2119687,apartments,residential
way,54054628,48.4906869,9.2118045,apartments,residential
way,54054630,48.4909771,9.211653,apartments,residential
way,54054633,48.4903592,9.2118411,apartments,residential
way,54054642,48.4905292,9.2115606,apartments,residential
way,54054648,48.4909274,9.2115721,apartments,residential
way,54054656,48.4906242,9.2121543,apartments,residential
way,54055689,48.4906259,9.2124349,apartments,residential
way,54055699,48.4906706,9.2122288,apartments,residential
way,54146637,48.4894496,9.2133018,apartments,residential
way,54149003,48.4895294,9.2155396,house,residential
way,54171428,48.4896061,9.2173413,apartments,residential
way,54225378,48.4997881,9.2187975,apartments,residential
way,54399133,48.4891864,9.2203596,apartments,residential
way,54399134,48.4892998,9.2201796,house,residential
way,54399136,48.4889439,9.220276,apartments,residential
way,54399141,48.4887689,9.219385,house,residential
way,54399143,48.4888038,9.2194415,house,residential
way,54399144,48.4888389,9.2194941,house,residential
way,54399163,48.4889517,9.2195182,house,residential
way,54399165,48.4890345,9.2196053,house,residential
way,54399166,48.4889977,9.2195537,house,residential
way,54399168,48.4889159,9.2194649,house,residential
way,54399169,48.4888793,9.2194148,house,residential
way,54399171,48.4888429,9.2193648,house,residential
way,54399173,48.4888741,9.2195459,house,residential
way,54399175,48.4889096,9.2195977,house,residential
way,54399177,48.4889454,9.2196503,house,residential
way,54399179,48.4889832,9.2196974,house,residential
way,54399180,48.4890218,9.2197451,house,residential
way,54399182,48.4890596,9.2197925,house,residential
way,54399183,48.4891056,9.2197097,house,residential
way,54399185,48.4890708,9.219656,house,residential
way,54399190,48.4894036,9.2200161,apartments,residential
way,54399191,48.4892686,9.2200748,apartments,residential
way,54399193,48.4897318,9.2199391,apartments,residential
way,54399194,48.4895924,9.2200115,apartments,residential
way,54399199,48.4884965,9.2212777,house,residential
way,54399208,48.4891747,9.2203563,apartments,residential
way,54399209,48.4890402,9.220408,apartments,residential
way,54409569,48.4884273,9.2202192,house,residential
way,54409570,48.4898253,9.2200728,semidetached_house,residential
way,54409574,48.4897709,9.2199919,semidetached_house,residential
way,54827978,48.4870914,9.2215389,house,residential
way,54827981,48.4871323,9.2214859,house,residential
way,54827982,48.487335,9.2216909,house,residential
way,54827985,48.4871755,9.221917,house,residential
way,54827986,48.4871308,9.2218539,house,residential
way,54827987,48.4872904,9.2220716,house,residential
way,54827988,48.4872476,9.2220157,house,residential
way,54828007,48.4883469,9.2244078,apartments,residential
way,54828011,48.4882055,9.2246332,apartments,residential
way,54834923,48.4873204,9.223979,house,residential
way,54834924,48.48736,9.2239293,house,residential
way,54834925,48.4875238,9.2243952,house,residential
way,54834926,48.4873475,9.224615,house,residential
way,54834929,48.4873574,9.2250319,house,residential
way,54834930,48.4873213,9.224968,house,residential
way,54834931,48.4870878,9.2245583,house,residential
way,54834932,48.4871438,9.2241664,house,residential
way,54834933,48.4871828,9.2241197,house,residential
way,54834934,48.4872219,9.2240731,house,residential
way,54834935,48.4869721,9.2241094,house,residential
way,54834936,48.487002,9.224168,house,residential
way,54834937,48.4868403,9.2238571,house,residential
way,54834938,48.4868702,9.2239158,house,residential
way,54834939,48.4870176,9.2234438,house,residential
way,54834940,48.4870551,9.2233872,house,residential
way,54834941,48.4870926,9.2233306,house,residential
way,54834942,48.4868854,9.2236663,house,residential
way,54834943,48.4869211,9.2236078,house,residential
way,54834944,48.4873995,9.2238796,house,residential
way,54834945,48.4875745,9.2242106,house,residential
way,54834946,48.4875422,9.2241476,house,residential
way,54834947,48.4875099,9.2240846,house,residential
way,54834948,48.4875655,9.224344,house,residential
way,54834949,48.4876072,9.2242927,house,residential
way,54834951,48.4871813,9.2245928,house,residential
way,54834952,48.4871564,9.2247696,house,residential
way,54834953,48.4870362,9.2244713,house,residential
way,54834954,48.4873886,9.224566,house,residential
way,54834955,48.4874296,9.2245171,house,residential
way,54834956,48.4878915,9.2246389,house,residential
way,54834957,48.48777,9.224791,house,residential
way,54834958,48.4876798,9.2250385,house,residential
way,54834963,48.4875183,9.2251062,house,residential
way,54834964,48.4875537,9.2251666,house,residential
way,54834966,48.4883062,9.2253886,apartments,residential
way,54834967,48.4883683,9.2251656,apartments,residential
way,54834968,48.4882234,9.2252061,apartments,residential
way,54841620,48.488056,9.2267741,house,residential
way,54841621,48.4880903,9.2268374,house,residential
way,54841622,48.4881225,9.2269004,house,residential
way,54841623,48.4880929,9.2274684,house,residential
way,54841624,48.4880558,9.2275188,house,residential
way,54841625,48.4879078,9.2272015,house,residential
way,54841626,48.4878703,9.2272503,house,residential
way,54841628,48.487832,9.2273005,house,residential
way,54841629,48.4876673,9.2264144,house,residential
way,54841630,48.4878424,9.2266127,house,residential
way,54841631,48.4878089,9.2265474,house,residential
way,54841632,48.4877528,9.2268997,house,residential
way,54841633,48.4877148,9.2269488,house,residential
way,54841636,48.4876363,9.2263539,house,residential
way,54841637,48.4876061,9.2262951,house,residential
way,54841638,48.487576,9.2262362,house,residential
way,54841639,48.4875458,9.2261772,house,residential
way,54841640,48.4877769,9.226485,house,residential
way,54841641,48.4876768,9.2269979,house,residential
way,54841642,48.4876391,9.2270465,house,residential
way,54841643,48.4876015,9.2270949,house,residential
way,54841644,48.4879735,9.226869,house,residential
way,54841645,48.4879403,9.226804,house,residential
way,54841646,48.487908,9.2267407,house,residential
way,54841647,48.4878751,9.2266768,house,residential
way,54841648,48.4880175,9.2275682,house,residential
way,54841649,48.48798,9.2276165,house,residential
way,54841650,48.4879417,9.2276657,house,residential
way,54841651,48.4879043,9.2277137,house,residential
way,54841652,48.4877837,9.227785,house,residential
way,54841653,48.4877371,9.2278238,house,residential
way,54841654,48.4877948,9.2273492,house,residential
way,54841655,48.4877571,9.227398,house,residential
way,54841656,48.4877201,9.2274467,house,residential
way,54841657,48.4876824,9.2274959,house,residential
way,54841658,48.4882679,9.2271713,house,residential
way,54841659,48.4882327,9.2272342,house,residential
way,54841660,48.4881985,9.2272954,house,residential
way,54930327,48.4894411,9.2243382,apartments,residential
way,54930329,48.4885809,9.2259717,house,residential
way,54930330,48.4885462,9.2259134,house,residential
way,54930338,48.488806,9.2248349,apartments,residential
way,54930347,48.4886011,9.2247805,apartments,residential
way,54930348,48.4884139,9.2252258,apartments,residential
way,54930363,48.4887947,9.2263271,house,residential
way,54930364,48.48876,9.2262688,house,residential
way,54930365,48.4887245,9.2262097,house,residential
way,54930367,48.4883943,9.2267945,house,residential
way,54930368,48.4884955,9.226609,house,residential
way,54930369,48.4885298,9.2265459,house,residential
way,54930370,48.4885632,9.2264848,house,residential
way,54930371,48.4884825,9.2263623,house,residential
way,54930372,48.4884492,9.2264227,house,residential
way,54930373,48.4883823,9.2265444,house,residential
way,54930374,48.4883488,9.2266058,house,residential
way,54930375,48.4884162,9.2264829,house,residential
way,54930376,48.4882653,9.2262786,house,residential
way,54930377,48.4882315,9.2263399,house,residential
way,54930378,48.4881977,9.2264014,house,residential
way,54930379,48.4882309,9.2260531,house,residential
way,54930380,48.4886882,9.2261496,house,residential
way,54930381,48.4886518,9.2260893,house,residential
way,54930382,48.4886163,9.22603,house,residential
way,54930383,48.4885966,9.2264234,house,residential
way,54930384,48.4884286,9.2267318,house,residential
way,54930385,48.4884627,9.2266691,house,residential
way,54930392,48.4889771,9.2266084,apartments,residential
way,56693223,48.48848,9.227251,apartments,residential
way,56693224,48.488646,9.2284332,apartments,residential
way,56693226,48.4888496,9.2277697,apartments,residential
way,56693228,48.4883165,9.2286352,apartments,residential
way,56693229,48.4878394,9.2281343,apartments,residential
way,56693230,48.4886655,9.2275089,apartments,residential
way,56693232,48.4889905,9.2280957,apartments,residential
way,56693233,48.48909,9.2284561,apartments,residential
way,56693235,48.4878139,9.2287085,apartments,residential
way,56693237,48.4877053,9.2282291,apartments,residential
way,56693238,48.4881263,9.2278908,apartments,residential
way,56693239,48.4879562,9.2286493,apartments,residential
way,56693240,48.4882269,9.2277283,apartments,residential
way,56838025,48.4891357,9.2279899,apartments,residential
way,56838027,48.4891746,9.2275735,apartments,residential
way,56838035,48.4893839,9.228256,apartments,residential
way,56838040,48.4894989,9.2277687,apartments,residential
way,56838044,48.4895205,9.2274159,apartments,residential
way,56838047,48.4892865,9.22787,apartments,residential
way,56838051,48.4898238,9.2272002,apartments,residential
way,56838061,48.4896483,9.2276487,apartments,residential
way,56838063,48.4893722,9.2275228,apartments,residential
way,56838072,48.4888723,9.2274668,apartments,residential
way,56838076,48.4892348,9.2283669,apartments,residential
way,56838094,48.4889534,9.2272067,apartments,residential
way,56838099,48.4896704,9.2273081,apartments,residential
way,56856688,48.4872651,9.2270466,house,residential
way,56856689,48.4873874,9.2277462,house,residential
way,56856691,48.4873122,9.2266458,house,residential
way,56856692,48.4872543,9.226973,house,residential
way,56856693,48.4873243,9.2274275,house,residential
way,56856695,48.4873796,9.2276726,house,residential
way,56856696,48.4874796,9.2277995,house,residential
way,56856698,48.4872436,9.2269,house,residential
way,56856699,48.4873068,9.2273296,house,residential
way,56856700,48.4873719,9.2275989,house,residential
way,56856701,48.4873952,9.2278198,house,residential
way,56856703,48.4873012,9.2265715,house,residential
way,56856704,48.4872329,9.2268274,house,residential
way,56856705,48.4872895,9.2272329,house,residential
way,57628888,48.4924231,9.2257071,house,residential
way,57628890,48.4924204,9.2254898,house,residential
way,57628897,48.4924573,9.2256515,house,residential
way,57628899,48.4924931,9.2253728,house,residential
way,57628905,48.4924572,9.2254306,house,residential
way,57628907,48.4923838,9.2255482,house,residential
way,57653479,48.4943958,9.2109945,house,residential
way,57653481,48.4944354,9.2109385,house,residential
way,57653486,48.4939814,9.2119254,apartments,residential
way,57653488,48.494278,9.2111533,house,residential
way,60038629,48.4980635,9.1960807,apartments,residential
way,60038632,48.4978817,9.1956534,apartments,residential
way,60038633,48.4977403,9.1950999,apartments,residential
way,60038634,48.4980336,9.1951534,apartments,residential
way,60038636,48.4977367,9.1956701,apartments,residential
way,60038637,48.4980698,9.1962949,apartments,residential
way,60038638,48.4980267,9.1956367,apartments,residential
way,60038639,48.497887,9.1951267,apartments,residential
way,61314849,48.4905533,9.2140526,apartments,residential
way,61314850,48.4905791,9.213968,apartments,residential
way,62488765,48.486805,9.1867628,apartments,residential
way,62494762,48.4878951,9.1873594,apartments,residential
way,62494766,48.4877547,9.1872461,apartments,residential
way,62501604,48.4884094,9.1903555,detached,residential
way,62501606,48.4889014,9.1897977,house,residential
way,62501610,48.4886963,9.1862629,house,residential
way,62501629,48.4887341,9.1861163,house,residential
way,62501647,48.4880224,9.1886489,apartments,residential
way,62501652,48.4884812,9.1884037,house,residential
way,62501655,48.488746,9.1886156,house,residential
way,62501666,48.4885108,9.1882012,house,residential
way,62501670,48.488636,9.1898179,apartments,residential
way,62501674,48.4883417,9.188561,house,residential
way,62501679,48.4884111,9.1893485,apartments,residential
way,62501700,48.4877927,9.188685,house,residential
way,62501718,48.4887749,9.1903931,detached,residential
way,64377864,48.4869313,9.1880486,apartments,residential
way,64377883,48.4874692,9.1879366,apartments,residential
way,64377907,48.4871925,9.1879514,apartments,residential
way,64377909,48.4866847,9.1882216,apartments,residential
way,64377941,48.4883843,9.1879578,apartments,residential
way,64377942,48.4879791,9.1881079,apartments,residential
way,64377943,48.4881769,9.1880235,apartments,residential
way,65385525,48.48719,9.1838246,apartments,residential
way,65385528,48.4867044,9.1847166,apartments,residential
way,65385535,48.4867626,9.1841574,apartments,residential
way,65385543,48.4867461,9.1834311,apartments,residential
way,65385545,48.487291,9.1840213,apartments,residential
way,65385548,48.4868323,9.1828616,apartments,residential
way,65385553,48.4869783,9.1845587,apartments,residential
way,65385555,48.4870524,9.1843724,apartments,residential
way,65385556,48.4869376,9.1840484,apartments,residential
way,65385557,48.4869728,9.1830683,apartments,residential
way,65386763,48.488051,9.184684,house,residential
way,65386765,48.488274,9.1851426,house,residential
way,65386769,48.4871702,9.1889512,house,residential
way,65386780,48.4875549,9.1833979,house,residential
way,65386786,48.4881569,9.1848644,house,residential
way,65386788,48.4868199,9.1890858,house,residential
way,65386790,48.4886758,9.188424,house,residential
way,65386794,48.4870623,9.1890148,house,residential
way,65386795,48.4874086,9.1888606,house,residential
way,65386801,48.4868749,9.1890532,house,residential
way,65386803,48.4876212,9.1836349,house,residential
way,65386805,48.4882359,9.1850597,house,residential
way,65386809,48.4871161,9.1889831,house,residential
way,65386816,48.487305,9.1889449,house,residential
way,65386818,48.4879636,9.1844949,house,residential
way,65386820,48.4875448,9.1833017,house,residential
way,65386822,48.4876703,9.1837845,house,residential
way,65386824,48.4874633,9.1888275,house,residential
way,65386828,48.4886573,9.1883394,house,residential
way,65386834,48.4870084,9.1890632,house,residential
way,65386838,48.4873539,9.1888938,house,residential
way,65386842,48.4876957,9.1838613,house,residential
way,65386844,48.4880184,9.184617,house,residential
way,65386848,48.487603,9.1835571,house,residential
way,65386854,48.4884909,9.1835462,house,residential
way,65386859,48.4879298,9.1844271,house,residential
way,65386861,48.4881242,9.1848005,house,residential
way,65386863,48.4885347,9.1836226,house,residential
way,65419482,48.4876696,9.1853026,apartments,residential
way,65419485,48.4876115,9.1848091,apartments,residential
way,65419489,48.4875738,9.1862434,apartments,residential
way,65419493,48.4876569,9.185771,apartments,residential
way,65420017,48.4870674,9.1849896,apartments,residential
way,65420021,48.4872767,9.184948,apartments,residential
way,66875167,48.4879057,9.1888645,house,residential
way,66875170,48.4877557,9.1914351,house,residential
way,66875178,48.4878981,9.1893271,apartments,residential
way,66875182,48.487484,9.1905374,house,residential
way,66875191,48.4873894,9.190607,house,residential
way,66875196,48.487848,9.1913565,house,residential
way,66875200,48.487873,9.190517,apartments,residential
way,66875207,48.4874849,9.1909098,apartments,residential
way,66875211,48.4879403,9.191277,house,residential
way,66875216,48.4875312,9.1905025,house,residential
way,66875224,48.4879407,9.1894848,apartments,residential
way,66875229,48.4878856,9.1887552,house,residential
way,66875238,48.4874367,9.1905722,house,residential
way,66875241,48.4877925,9.1905704,apartments,residential
way,66875247,48.4876629,9.1915148,house,residential
way,66983435,48.4870174,9.1857476,apartments,residential
way,66983439,48.4870448,9.1854861,apartments,residential
way,68047908,48.4903832,9.2147833,apartments,residential
way,68047911,48.490602,9.214784,apartments,residential
way,68047914,48.4907712,9.2136951,apartments,residential
way,68047923,48.4909936,9.2143564,apartments,residential
way,68063425,48.4914359,9.2156917,apartments,residential
way,68069413,48.490819,9.212004,apartments,residential
way,69347438,48.4953562,9.2174187,apartments,residential
way,75874609,48.5036111,9.2081125,apartments,residential
way,75874610,48.5033075,9.2082782,house,residential
way,77932609,48.503178,9.1851544,apartments,residential
way,77932610,48.5031125,9.1825183,apartments,residential
way,77932625,48.5029488,9.1848269,detached,residential
way,77932628,48.5031032,9.1823587,apartments,residential
way,77933744,48.5026544,9.1859283,apartments,residential
way,77933747,48.5025199,9.1851967,detached,residential
way,77933748,48.5026889,9.1852175,detached,residential
way,79167970,48.5031501,9.189591,house,residential
way,79167971,48.5014938,9.1881156,detached,residential
way,79167973,48.5019156,9.1895634,house,residential
way,79167975,48.5022613,9.1901682,detached,residential
way,79167976,48.5028307,9.1908139,detached,residential
way,79167977,48.5023482,9.1906074,detached,residential
way,79167978,48.5022977,9.191077,apartments,residential
way,79167980,48.5008569,9.1890902,apartments,residential
way,79167981,48.5019213,9.189924,detached,residential
way,79167985,48.5034209,9.190525,detached,residential
way,79167986,48.5031464,9.1895071,house,residential
way,79167987,48.502424,9.1903571,detached,residential
way,79167989,48.5017035,9.189193,detached,residential
way,79167993,48.5018652,9.1894759,house,residential
way,79167995,48.5025407,9.189602,apartments,residential
way,79167997,48.503328,9.1899124,detached,residential
way,79167998,48.5023546,9.1913958,apartments,residential
way,79168001,48.5022096,9.1903918,detached,residential
way,79168002,48.5018981,9.1880488,detached,residential
way,79168004,48.5024268,9.1925929,detached,residential
way,79168006,48.5018158,9.18939,house,residential
way,79168010,48.5020845,9.1898977,house,residential
way,79168011,48.5035086,9.1895715,apartments,residential
way,79168012,48.5020826,9.1890611,detached,residential
way,79168017,48.5018834,9.1877091,apartments,residential
way,79168018,48.5028954,9.1896931,house,residential
way,79168022,48.5029107,9.1897713,house,residential
way,79168024,48.5025636,9.190515,apartments,residential
way,79168026,48.5020858,9.1901879,apartments,residential
way,79168028,48.5028793,9.1902868,apartments,residential
way,79168030,48.5015061,9.188702,detached,residential
way,79234537,48.5030305,9.192668,house,residential
way,79234539,48.5029374,9.1924165,detached,residential
way,79234540,48.5033429,9.1927553,detached,residential
way,79234545,48.5037303,9.1928786,apartments,residential
way,79234548,48.5036386,9.1931897,detached,residential
way,79234552,48.5035274,9.1932144,detached,residential
way,79234558,48.5032933,9.1934524,detached,residential
way,79234559,48.5029803,9.1929727,detached,residential
way,79234568,48.5030198,9.192584,house,residential
way,79235999,48.5033489,9.1945762,house,residential
way,79236003,48.5037799,9.1936055,detached,residential
way,79236009,48.5020919,9.1941043,detached,residential
way,79236012,48.5035868,9.1947355,house,residential
way,79236013,48.5024881,9.1944489,house,residential
way,79236030,48.5025576,9.1937253,house,residential
way,79236032,48.5031086,9.1940662,house,residential
way,79236035,48.5031752,9.1946397,house,residential
way,79236036,48.503577,9.1945611,house,residential
way,79236041,48.5026088,9.1946871,house,residential
way,79236044,48.5034095,9.1945614,house,residential
way,79236049,48.5025807,9.193113,detached,residential
way,79236053,48.501816,9.1927067,detached,residential
way,79236056,48.5035856,9.1948365,house,residential
way,79236058,48.5025325,9.1943749,house,residential
way,79236060,48.5023527,9.1932445,detached,residential
way,79236062,48.5025179,9.1948315,house,residential
way,79236069,48.5025377,9.193651,house,residential
way,79236070,48.5032083,9.1940159,house,residential
way,79236071,48.5015084,9.1934651,detached,residential
way,79236072,48.5032344,9.1946146,house,residential
way,79236073,48.5029524,9.195411,apartments,residential
way,79236075,48.5024415,9.1945193,house,residential
way,79236079,48.5028654,9.1956457,apartments,residential
way,79236087,48.503564,9.194468,house,residential
way,79236088,48.5031588,9.1936475,detached,residential
way,79236089,48.5025645,9.1947611,house,residential
way,79236879,48.5022475,9.1981742,house,residential
way,79236880,48.5026268,9.197739,house,residential
way,79236882,48.5020596,9.1977669,house,residential
way,79236884,48.5033498,9.1973294,house,residential
way,79236885,48.5023533,9.1974788,house,residential
way,79236889,48.5028339,9.1971177,house,residential
way,79236890,48.5016078,9.1975497,house,residential
way,79236892,48.5024834,9.197897,house,residential
way,79236896,48.5020693,9.1967075,detached,residential
way,79236897,48.5022258,9.1976282,house,residential
way,79236899,48.5017095,9.1977435,house,residential
way,79236901,48.502289,9.1981225,house,residential
way,79236902,48.5026742,9.1976891,house,residential
way,79236904,48.5031615,9.1975514,house,residential
way,79236905,48.5028873,9.1970968,house,residential
way,79236906,48.5030726,9.1972967,house,residential
way,79236911,48.5016355,9.1976213,house,residential
way,79236913,48.5018568,9.1979119,house,residential
way,79236920,48.5020132,9.1978131,house,residential
way,79236922,48.5023115,9.1975247,house,residential
way,79236925,48.5027805,9.1971386,house,residential
way,79236926,48.5017364,9.1978194,house,residential
way,79236929,48.5033426,9.1969431,house,residential
way,79236933,48.5024381,9.1979506,house,residential
way,79236936,48.5029406,9.1970758,house,residential
way,79236940,48.5021741,9.1976784,house,residential
way,79236947,48.5018277,9.197851,house,residential
way,79237739,48.5036072,9.1968467,house,residential
way,79237742,48.5034012,9.1960214,apartments,residential
way,79237743,48.5038844,9.1962146,house,residential
way,79237746,48.5025106,9.1965317,house,residential
way,79237748,48.5037248,9.1959482,house,residential
way,79237749,48.5033384,9.1963443,house,residential
way,79237752,48.5022158,9.1966938,apartments,residential
way,79237753,48.5025338,9.1962868,detached,residential
way,79237754,48.5034144,9.1967284,house,residential
way,79237757,48.5024573,9.1971494,detached,residential
way,79237758,48.5036226,9.196929,house,residential
way,79237760,48.5031818,9.1963921,apartments,residential
way,79237761,48.5037735,9.1959103,house,residential
way,79237762,48.5024816,9.1968825,house,residential
way,79237765,48.5033537,9.1964286,house,residential
way,79237766,48.5038037,9.1962555,house,residential
way,79237769,48.5025013,9.196614,house,residential
way,79237770,48.503676,9.1959863,house,residential
way,79237771,48.5033231,9.19626,house,residential
way,79237774,48.5024874,9.1968029,house,residential
way,79237775,48.5033948,9.1966263,house,residential
way,79294115,48.5034077,9.1914165,apartments,residential
way,79294116,48.5037941,9.1918577,detached,residential
way,79294117,48.5032152,9.1914143,apartments,residential
way,79294120,48.5026228,9.191824,detached,residential
way,79294121,48.5039131,9.1914924,apartments,residential
way,79294122,48.5035029,9.1909508,detached,residential
way,79294123,48.5037105,9.1917277,house,residential
way,79294124,48.5029602,9.1917044,apartments,residential
way,79294126,48.5030856,9.1918418,detached,residential
way,79294127,48.5035976,9.1917633,house,residential
way,79294128,48.5037192,9.1913789,apartments,residential
way,79294129,48.5030504,9.1912576,apartments,residential
way,79294130,48.5032891,9.1909574,detached,residential
way,79297154,48.5006522,9.1914931,house,residential
way,79297155,48.5006466,9.1907077,apartments,residential
way,79297157,48.500929,9.1899565,detached,residential
way,79297162,48.5012905,9.1890066,detached,residential
way,79297164,48.5005353,9.1911016,house,residential
way,79297165,48.5004707,9.1919737,house,residential
way,79297166,48.5016297,9.1900771,semidetached_house,residential
way,79297168,48.5005804,9.1909276,apartments,residential
way,79297169,48.5004116,9.1914135,house,residential
way,79297170,48.5005692,9.1916824,house,residential
way,79297171,48.5027413,9.1930015,detached,residential
way,79297172,48.5014524,9.1894514,detached,residential
way,79297174,48.5021714,9.1924962,detached,residential
way,79297176,48.5023914,9.1919943,detached,residential
way,79297177,48.5005067,9.1912078,house,residential
way,79297178,48.5002964,9.1917314,house,residential
way,79297180,48.5004343,9.1920674,house,residential
way,79297181,48.5010117,9.189707,detached,residential
way,79297183,48.5003786,9.1915372,house,residential
way,79297184,48.5015832,9.1901438,semidetached_house,residential
way,79297186,48.5005373,9.1917874,house,residential
way,79297188,48.5011725,9.1892861,house,residential
way,79297191,48.5019679,9.1918927,detached,residential
way,79297192,48.5002664,9.1918433,house,residential
way,79297194,48.501534,9.1892961,detached,residential
way,79297197,48.5019877,9.191782,detached,residential
way,79297199,48.5010895,9.1894542,detached,residential
way,79297202,48.5006816,9.1913959,house,residential
way,79297203,48.5011434,9.1893893,house,residential
way,79297205,48.5009404,9.1903405,apartments,residential
way,79358954,48.5034386,9.1889532,detached,residential
way,79358957,48.5026891,9.1890128,detached,residential
way,79358961,48.5027558,9.1886814,house,residential
way,79358962,48.5027153,9.1884786,house,residential
way,79358964,48.502756,9.1887559,house,residential
way,79358966,48.5032977,9.1871269,detached,residential
way,79358974,48.5038591,9.1880494,detached,residential
way,79358976,48.5031657,9.1882106,detached,residential
way,79358978,48.5031395,9.1886822,detached,residential
way,79358980,48.5027403,9.188404,house,residential
way,79358982,48.503742,9.1889502,apartments,residential
way,79358992,48.5027158,9.1885529,house,residential
way,79358993,48.5025436,9.188848,house,residential
way,79358994,48.5038818,9.1883437,apartments,residential
way,79359000,48.5027393,9.1879991,detached,residential
way,79359001,48.5036729,9.1873278,detached,residential
way,79359003,48.5025588,9.1889845,house,residential
way,79359005,48.5034354,9.1892699,apartments,residential
way,79359008,48.5037423,9.1886193,apartments,residential
way,79363846,48.5008665,9.1877118,house,residential
way,79363847,48.5023036,9.1877642,detached,residential
way,79363851,48.5009452,9.1868042,detached,residential
way,79363852,48.5016881,9.1856626,detached,residential
way,79363853,48.5008691,9.1870947,detached,residential
way,79363854,48.5007026,9.187455,house,residential
way,79363856,48.5017952,9.1850472,house,residential
way,79363858,48.501057,9.1877922,house,residential
way,79363860,48.5024012,9.1879919,detached,residential
way,79363861,48.5018916,9.1845624,detached,residential
way,79363862,48.5014782,9.1863735,detached,residential
way,79363863,48.5009426,9.1881451,apartments,residential
way,79363864,48.5011212,9.1875083,house,residential
way,79363868,48.5011341,9.1882734,apartments,residential
way,79363870,48.5023393,9.1885697,detached,residential
way,79363871,48.5019288,9.184473,detached,residential
way,79363872,48.5008505,9.187784,house,residential
way,79363875,48.5006391,9.187949,apartments,residential
way,79363876,48.5013119,9.1876125,apartments,residential
way,79363878,48.5023351,9.187481,house,residential
way,79363880,48.5006835,9.1875235,house,residential
way,79363882,48.500747,9.1878898,apartments,residential
way,79363883,48.5010412,9.1878621,house,residential
way,79363885,48.5013263,9.1880128,apartments,residential
way,79363887,48.5008975,9.1875729,house,residential
way,79363888,48.5023032,9.1891346,detached,residential
way,79363889,48.5017537,9.184828,detached,residential
way,79363890,48.5011052,9.1875791,house,residential
way,79363893,48.5015724,9.1862855,detached,residential
way,79363895,48.5013025,9.1883831,apartments,residential
way,79363896,48.5010895,9.1876485,house,residential
way,79363901,48.5023489,9.1873581,house,residential
way,79363903,48.5006643,9.1875922,house,residential
way,79363906,48.5026864,9.1868556,detached,residential
way,79363908,48.5014841,9.1870174,house,residential
way,79363909,48.500882,9.1876425,house,residential
way,79363910,48.5014473,9.1872255,apartments,residential
way,79363913,48.5021897,9.1847234,detached,residential
way,79363914,48.5016463,9.1858478,detached,residential
way,79363915,48.500722,9.1873856,house,residential
way,79363916,48.5024761,9.1843986,detached,residential
way,79363918,48.5010733,9.1877202,house,residential
way,79363920,48.5016246,9.1852812,detached,residential
way,79363922,48.5022155,9.1882163,apartments,residential
way,79363924,48.5021325,9.1853958,apartments,residential
way,79363925,48.5006449,9.1876615,house,residential
way,79363926,48.5028592,9.1865679,detached,residential
way,79365762,48.4995292,9.1878071,apartments,residential
way,79365763,48.5000739,9.1871813,apartments,residential
way,79365764,48.5002005,9.186919,house,residential
way,79365765,48.5003523,9.1887423,detached,residential
way,79365766,48.5002134,9.1878082,apartments,residential
way,79365768,48.4997047,9.1881379,apartments,residential
way,79365769,48.4999337,9.1882689,apartments,residential
way,79365770,48.4995933,9.1876079,apartments,residential
way,79365771,48.5000122,9.1880779,apartments,residential
way,79365773,48.4996589,9.1868437,apartments,residential
way,79365774,48.4997824,9.187949,apartments,residential
way,79365776,48.499186,9.1865225,apartments,residential
way,79365777,48.4994628,9.1880089,apartments,residential
way,79365779,48.4993932,9.1866244,apartments,residential
way,79365780,48.5005408,9.1888764,detached,residential
way,79365781,48.5000921,9.1878872,apartments,residential
way,79365782,48.4998603,9.1877562,apartments,residential
way,79365783,48.5005032,9.1882703,apartments,residential
way,79366436,48.5024278,9.1907461,semidetached_house,residential
way,79366438,48.5024801,9.1908137,semidetached_house,residential
way,79366439,48.5031116,9.1908557,house,residential
way,79366440,48.5031122,9.1907587,house,residential
way,79366614,48.5010277,9.1859556,house,residential
way,79366928,48.5012894,9.1846924,detached,residential
way,79366929,48.5012189,9.1844069,detached,residential
way,79366933,48.5022171,9.1839992,detached,residential
way,79366936,48.50242,9.1829127,detached,residential
way,79366939,48.50154,9.1833364,detached,residential
way,79366940,48.5024393,9.1826886,detached,residential
way,79366942,48.5017487,9.1837445,detached,residential
way,79366943,48.5016852,9.1836083,detached,residential
way,79366945,48.5018671,9.18394,detached,residential
way,79366946,48.5012846,9.183029,detached,residential
way,79366948,48.5019585,9.1841998,house,residential
way,79366950,48.5022415,9.1837471,detached,residential
way,79366952,48.5023592,9.183588,detached,residential
way,79366953,48.5019697,9.18412,house,residential
way,80632235,48.5038188,9.1858303,detached,residential
way,80720117,48.5033723,9.1835816,house,residential
way,80720118,48.5030114,9.1862424,apartments,residential
way,80720119,48.5034336,9.1847859,house,residential
way,80720120,48.5037247,9.1856934,detached,residential
way,80720121,48.5028341,9.184328,house,residential
way,80720122,48.5030894,9.1836516,house,residential
way,80720123,48.5035503,9.1860255,detached,residential
way,80720124,48.5033546,9.1857689,apartments,residential
way,80720125,48.5034385,9.184874,house,residential
way,80720127,48.5031362,9.1830979,house,residential
way,80720128,48.5038601,9.1830525,house,residential
way,80720129,48.5033696,9.1836605,house,residential
way,80720130,48.5031205,9.1832792,house,residential
way,80720131,48.5035803,9.1835787,house,residential
way,80720132,48.5034054,9.1833041,house,residential
way,80720133,48.5028851,9.1843665,house,residential
way,80720134,48.5037068,9.1840582,house,residential
way,80720135,48.5032693,9.1849534,house,residential
way,80720137,48.5031123,9.1833789,house,residential
way,80720138,48.503274,9.1850408,house,residential
way,80720139,48.5038566,9.1831457,house,residential
way,80720140,48.503705,9.1839682,house,residential
way,80720141,48.5034018,9.1833941,house,residential
way,80720142,48.5034576,9.1830422,house,residential
way,80720143,48.5035571,9.1855652,apartments,residential
way,80720144,48.5030603,9.1858741,detached,residential
way,80720145,48.5029591,9.1840799,house,residential
way,80720147,48.5035769,9.1832596,house,residential
way,80720148,48.5028826,9.1840799,house,residential
way,80720150,48.5030967,9.1835588,house,residential
way,80720152,48.5031444,9.1830051,house,residential
way,80720153,48.503803,9.1835484,house,residential
way,80720154,48.5035797,9.1831655,house,residential
way,80720155,48.5039191,9.1824839,apartments,residential
way,80720156,48.5034539,9.1831294,house,residential
way,80720157,48.5035821,9.1836687,house,residential
way,80720158,48.5038212,9.1836456,house,residential
way,81395105,48.5028244,9.1826733,house,residential
way,81395108,48.5027748,9.1834956,house,residential
way,81395112,48.502792,9.1831648,house,residential
way,81395114,48.5025949,9.1821053,detached,residential
way,81395118,48.5023777,9.1842939,detached,residential
way,81395121,48.5028158,9.1828564,house,residential
way,81395124,48.5027963,9.1830732,house,residential
way,81395126,48.5028714,9.1821534,house,residential
way,81395128,48.5028201,9.1827648,house,residential
way,81395129,48.5025703,9.18241,house,residential
way,81395133,48.5027682,9.1835951,house,residential
way,81395137,48.5019796,9.1836096,apartments,residential
way,81395139,48.5027877,9.1832564,house,residential
way,81395140,48.5028594,9.1824083,house,residential
way,81527335,48.4986985,9.1825376,house,residential
way,81527714,48.500233,9.1900068,apartments,residential
way,81527717,48.4999055,9.1932124,house,residential
way,81527719,48.5004492,9.1904881,house,residential
way,81527723,48.5002981,9.1905047,house,residential
way,81527728,48.500367,9.1907707,house,residential
way,81527733,48.5002159,9.1907873,house,residential
way,81527734,48.5001287,9.1939796,apartments,residential
way,81527740,48.500065,9.1933097,house,residential
way,81527742,48.5003989,9.1904936,house,residential
way,81527743,48.4996287,9.1909498,apartments,residential
way,81527746,48.5003166,9.1907763,house,residential
way,81527748,48.5002477,9.1905103,house,residential
way,81527755,48.5001655,9.1907929,house,residential
way,81527758,48.5000849,9.1899546,apartments,residential
way,81527762,48.500137,9.1933537,house,residential
way,81527763,48.5003485,9.1904992,house,residential
way,81527766,48.4997726,9.1910123,apartments,residential
way,81527770,48.5002662,9.1907818,house,residential
way,81527771,48.4999883,9.1938955,apartments,residential
way,81527773,48.4998935,9.1936443,apartments,residential
way,81608656,48.4995203,9.1920568,house,residential
way,81608658,48.5011895,9.185939,house,residential
way,81608660,48.5012828,9.1840338,apartments,residential
way,81608664,48.5003671,9.1893105,house,residential
way,81608667,48.5005159,9.1893668,house,residential
way,81608668,48.5012211,9.1856655,house,residential
way,81608674,48.5013573,9.1835122,apartments,residential
way,81608677,48.5011821,9.1853014,apartments,residential
way,81608680,48.4995367,9.1919924,house,residential
way,81608681,48.5012898,9.1838176,apartments,residential
way,81608685,48.5013507,9.1836711,apartments,residential
way,81608690,48.5013638,9.1833434,detached,residential
way,81608692,48.5003175,9.1892917,house,residential
way,81608694,48.5004664,9.1893481,house,residential
way,81608701,48.501199,9.1851091,apartments,residential
way,81608705,48.4995625,9.1918915,house,residential
way,81608707,48.5004167,9.1893293,house,residential
way,81608709,48.5005656,9.1893856,house,residential
way,81608714,48.501279,9.1842076,detached,residential
way,81608717,48.5010127,9.1865168,apartments,residential
way,81609241,48.4990323,9.1932532,house,residential
way,81609247,48.4995345,9.19371,house,residential
way,81609256,48.4990777,9.1932771,house,residential
way,81609265,48.499577,9.193538,house,residential
way,81609278,48.4989621,9.1932163,house,residential
way,81609284,48.4995513,9.1936418,house,residential
way,81609371,48.5005564,9.1824515,apartments,residential
way,81609373,48.500929,9.1849626,apartments,residential
way,81609376,48.5007468,9.1824512,apartments,residential
way,81609378,48.4996505,9.1854707,house,residential
way,81609737,48.5004507,9.1967512,detached,residential
way,81609738,48.5026966,9.1958127,apartments,residential
way,81609739,48.5007065,9.1956591,detached,residential
way,81609741,48.5014246,9.1976841,house,residential
way,81609742,48.5022144,9.1957462,detached,residential
way,81609743,48.5007601,9.1970085,detached,residential
way,81609744,48.5019073,9.197393,detached,residential
way,81609745,48.5029524,9.1959559,apartments,residential
way,81609746,48.5012512,9.1976159,house,residential
way,81609747,48.5006789,9.1966975,detached,residential
way,81609748,48.501486,9.1980985,house,residential
way,81609751,48.5027293,9.1939255,apartments,residential
way,81609752,48.5010095,9.1972905,detached,residential
way,81609753,48.501559,9.196758,detached,residential
way,81609754,48.5012808,9.1962332,detached,residential
way,81609755,48.5013782,9.1977449,house,residential
way,81609756,48.500976,9.1960013,detached,residential
way,81609757,48.5021784,9.1950992,apartments,residential
way,81609759,48.5008874,9.196669,detached,residential
way,81609760,48.5017875,9.1965908,detached,residential
way,81609761,48.5018989,9.1971907,detached,residential
way,81609762,48.5004641,9.1964491,detached,residential
way,81609763,48.5011696,9.1964994,detached,residential
way,81609764,48.5018834,9.1963032,detached,residential
way,81609765,48.5013468,9.1969399,detached,residential
way,81609766,48.5012054,9.1976794,house,residential
way,81609767,48.5004448,9.196149,detached,residential
way,81609768,48.5015771,9.1979823,house,residential
way,81609769,48.5014404,9.1981566,house,residential
way,81609770,48.5013429,9.1974889,house,residential
way,81609771,48.5014072,9.1959721,detached,residential
way,81609772,48.5008755,9.1956976,detached,residential
way,81609773,48.5024968,9.1958663,detached,residential
way,81609774,48.5013318,9.1978057,house,residential
way,81609775,48.5004823,9.1958336,detached,residential
way,81609776,48.5021019,9.1960166,detached,residential
way,81609777,48.5011702,9.1958635,detached,residential
way,81609778,48.5005473,9.1955198,detached,residential
way,81609779,48.5006892,9.1963919,detached,residential
way,81609780,48.5010058,9.1963477,detached,residential
way,81609781,48.5015315,9.1980404,house,residential
way,81609782,48.5007363,9.195998,detached,residential
way,81609783,48.5010295,9.1968728,detached,residential
way,81609784,48.5021704,9.1954253,apartments,residential
way,81609785,48.5012971,9.1975524,house,residential
way,81609786,48.5028402,9.1965741,apartments,residential
way,81609787,48.5011595,9.1977429,house,residential
way,81609789,48.5011354,9.1971016,detached,residential
way,83629449,48.4983281,9.2236216,apartments,residential
way,83629453,48.4981131,9.2228836,apartments,residential
way,83629474,48.4983702,9.2232493,apartments,residential
way,84087699,48.490927,9.2031051,apartments,residential
way,84152211,48.4893023,9.1984277,house,residential
way,84152217,48.4892003,9.1981991,house,residential
way,84152227,48.4892693,9.1983498,house,residential
way,84152230,48.4892341,9.1982759,house,residential
way,84152245,48.4900576,9.202343,apartments,residential
way,84273864,48.4871203,9.1960117,house,residential
way,84273870,48.4867291,9.1943118,house,residential
way,84273872,48.4894145,9.203016,apartments,residential
way,84273875,48.4870733,9.1960691,house,residential
way,84273884,48.4892165,9.2035044,house,residential
way,84273889,48.4869642,9.1961958,house,residential
way,84273897,48.4872379,9.1958783,house,residential
way,84273898,48.4891758,9.2036193,house,residential
way,84273911,48.4893335,9.2032486,detached,residential
way,84273918,48.4890797,9.2038969,house,residential
way,84273920,48.4891208,9.20378,house,residential
way,84273926,48.4869233,9.1962515,house,residential
way,84273927,48.4867834,9.1942603,house,residential
way,84273929,48.4872866,9.1958242,house,residential
way,84289589,48.4906132,9.1926468,detached,residential
way,84289597,48.489949,9.196569,house,residential
way,84289613,48.4908449,9.1927307,detached,residential
way,84289626,48.48997,9.1964963,house,residential
way,84294896,48.492252,9.2010716,apartments,residential
way,84294897,48.492275,9.2012539,apartments,residential
way,84294923,48.4922212,9.2008375,apartments,residential
way,84938215,48.4899056,9.1913478,apartments,residential
way,84938230,48.4879699,9.1922588,house,residential
way,84938233,48.4897464,9.1915538,apartments,residential
way,84938242,48.4879255,9.1923097,house,residential
way,84938244,48.487813,9.1918369,house,residential
way,84938245,48.4902475,9.1916067,apartments,residential
way,84938251,48.4880615,9.192154,house,residential
way,84938256,48.4898408,9.1919779,apartments,residential
way,84938265,48.4878984,9.1917399,house,residential
way,84938271,48.4880162,9.1922058,house,residential
way,85122853,48.4870262,9.2045684,detached,residential
way,85284564,48.4877009,9.1975857,house,residential
way,85284601,48.4877454,9.1975242,house,residential
way,85995304,48.4881898,9.1998678,house,residential
way,85995317,48.4881441,9.1991462,house,residential
way,85995332,48.4881554,9.1999481,house,residential
way,85995344,48.4879895,9.1979336,house,residential
way,85995376,48.4879494,9.1979949,house,residential
way,85995391,48.4881053,9.1992397,house,residential
way,86201067,48.4899679,9.2008919,detached,residential
way,86201071,48.4900331,9.2007043,detached,residential
way,86201072,48.4900536,9.2003538,detached,residential
way,86201270,48.4878568,9.2030682,house,residential
way,86201277,48.4879022,9.2034376,detached,residential
way,86201281,48.4886689,9.2019817,apartments,residential
way,86201291,48.4882436,9.2020957,house,residential
way,86201297,48.487801,9.2030286,house,residential
way,86201314,48.4882214,9.2021739,house,residential
way,86201324,48.4903437,9.2007564,detached,residential
way,86201325,48.4882663,9.2020159,house,residential
way,86297671,48.4878904,9.2223338,apartments,residential
way,86297674,48.4885422,9.2229726,apartments,residential
way,86297675,48.4877911,9.222487,apartments,residential
way,86297677,48.4879525,9.2229891,apartments,residential
way,86297679,48.4882269,9.2232045,apartments,residential
way,86728390,48.5035366,9.1883519,apartments,residential
way,86878531,48.502352,9.1895518,house,residential
way,86878532,48.5023651,9.189648,house,residential
way,86938898,48.5027529,9.1963004,house,residential
way,86938899,48.5029322,9.1989446,house,residential
way,86938900,48.5028966,9.1982466,house,residential
way,86938901,48.5032305,9.1989722,house,residential
way,86938902,48.5025785,9.1988023,house,residential
way,86938903,48.5030874,9.1991796,house,residential
way,86938906,48.5028919,9.1964689,apartments,residential
way,86938907,48.5027851,9.1984349,house,residential
way,86938908,48.5030462,9.1987732,house,residential
way,86938909,48.5031947,9.199024,house,residential
way,86938910,48.5024212,9.1990306,house,residential
way,86938911,48.5031603,9.1986019,house,residential
way,86938912,48.5028222,9.1983721,house,residential
way,86938913,48.5030082,9.1988303,house,residential
way,86938914,48.5027107,9.1985605,house,residential
way,86938915,48.503159,9.1990759,house,residential
way,86938916,48.5026044,9.1987292,house,residential
way,86938917,48.5027996,9.1962348,house,residential
way,86938918,48.5024572,9.1989731,house,residential
way,86938919,48.5029702,9.1988875,house,residential
way,86938920,48.5028594,9.1983093,house,residential
way,86938921,48.5032663,9.1989204,house,residential
way,86938922,48.5025425,9.1988598,house,residential
way,86938923,48.5027479,9.1984977,house,residential
way,86938924,48.5031232,9.1991277,house,residential
way,86938925,48.5026404,9.1986718,house,residential
way,86938926,48.5028196,9.1961556,house,residential
way,86938927,48.5031223,9.198659,house,residential
way,86938928,48.5030516,9.1992314,house,residential
way,87070717,48.4875405,9.1896761,house,residential
way,87070718,48.4875817,9.1894911,house,residential
way,87070721,48.4873302,9.1903617,house,residential
way,87070723,48.4875624,9.1892176,house,residential
way,87070724,48.4875405,9.1897656,house,residential
way,87070727,48.4873427,9.1901864,house,residential
way,87070728,48.4875817,9.1895834,house,residential
way,87070730,48.4875624,9.18931,house,residential
way,87070733,48.4875419,9.1891236,house,residential
way,87070734,48.4873423,9.1900902,house,residential
way,87070736,48.4873298,9.1902742,house,residential
way,87070738,48.4875818,9.1893987,house,residential
way,91911846,48.4868261,9.2130154,apartments,residential
way,91911856,48.486732,9.2129056,apartments,residential
way,93740907,48.4874229,9.2310673,house,residential
way,93740908,48.4873952,9.2309744,house,residential
way,95191073,48.5033733,9.2223283,house,residential
way,95191075,48.5035129,9.2219929,house,residential
way,95191076,48.5035298,9.2228172,house,residential
way,95191080,48.5032411,9.2223069,house,residential
way,95191082,48.503418,9.2223302,house,residential
way,95191083,48.5036412,9.2223397,house,residential
way,95191084,48.5034704,9.2219762,house,residential
way,95191086,48.5036749,9.2214997,apartments,residential
way,95191089,48.5036405,9.2220429,house,residential
way,95191090,48.5032387,9.2224194,house,residential
way,95191091,48.5035732,9.222798,house,residential
way,95191094,48.5036267,9.2227865,house,residential
way,95191095,48.5033997,9.222875,house,residential
way,95191097,48.5034626,9.2223321,house,residential
way,95191098,48.5034279,9.2219596,house,residential
way,95191103,48.5032458,9.222082,house,residential
way,95191104,48.503598,9.2220262,house,residential
way,95191105,48.5035519,9.2223359,house,residential
way,95191108,48.5034431,9.2228557,house,residential
way,95191109,48.5035073,9.222334,house,residential
way,95191110,48.5036701,9.2227672,house,residential
way,95191114,48.5032434,9.2221944,house,residential
way,95191115,48.5034865,9.2228365,house,residential
way,95191116,48.5035554,9.2220096,house,residential
way,95191117,48.5035965,9.2223378,house,residential
way,96168209,48.4984767,9.2183109,detached,residential
way,96168210,48.4996364,9.2186594,detached,residential
way,96168212,48.4980682,9.2191437,semidetached_house,residential
way,96168214,48.4995216,9.2194704,detached,residential
way,96168215,48.4964639,9.2189729,house,residential
way,96168216,48.4968947,9.2198002,detached,residential
way,96168217,48.4981445,9.2194083,semidetached_house,residential
way,96168219,48.4975223,9.2190632,semidetached_house,residential
way,96168220,48.498027,9.2189701,detached,residential
way,96168221,48.4980678,9.2192448,semidetached_house,residential
way,96168223,48.4998023,9.218481,apartments,residential
way,96168224,48.4981395,9.2195122,semidetached_house,residential
way,96168226,48.4982659,9.2186216,apartments,residential
way,96168227,48.4975876,9.2189975,semidetached_house,residential
way,96168231,48.49713,9.2194125,detached,residential
way,96168232,48.4982262,9.2190159,detached,residential
way,96168233,48.4983372,9.2207849,house,residential
way,96168235,48.4983387,9.2192391,house,residential
way,96168238,48.4983872,9.2185586,apartments,residential
way,96168240,48.4982059,9.2197804,semidetached_house,residential
way,96168241,48.4963936,9.2190839,house,residential
way,96168242,48.4982139,9.2196744,semidetached_house,residential
way,96168243,48.4983568,9.2195217,house,residential
way,96168244,48.4974279,9.2192455,apartments,residential
way,96168246,48.4990941,9.2193608,detached,residential
way,96168247,48.4978827,9.2186238,detached,residential
way,96169530,48.4977364,9.2192728,detached,residential
way,96169534,48.4976753,9.2203208,detached,residential
way,96169538,48.4977558,9.2211003,detached,residential
way,96169539,48.4975404,9.219602,detached,residential
way,96169542,48.4976434,9.2206772,detached,residential
way,96169551,48.4981992,9.2201113,detached,residential
way,96169560,48.4980749,9.2207947,detached,residential
way,96169561,48.4975651,9.2201003,house,residential
way,96169564,48.4983331,9.2211069,apartments,residential
way,96170279,48.4995295,9.2238388,detached,residential
way,96170291,48.4988532,9.2236849,detached,residential
way,96170292,48.4993757,9.2237228,detached,residential
way,96170296,48.4989114,9.2231497,apartments,residential
way,96170298,48.4989631,9.223692,house,residential
way,96170300,48.4987239,9.2207328,apartments,residential
way,96170311,48.4986619,9.2209835,apartments,residential
way,96170314,48.4987547,9.2229359,detached,residential
way,96170316,48.4987261,9.2234954,detached,residential
way,96170326,48.4990078,9.2237559,house,residential
way,96170329,48.4992418,9.2234611,detached,residential
way,96331718,48.5034488,9.2261265,house,residential
way,96331720,48.5031199,9.2264265,house,residential
way,96331722,48.5012196,9.2259117,house,residential
way,96331723,48.5033065,9.2266203,house,residential
way,96331728,48.5038147,9.2250605,house,residential
way,96331729,48.5036975,9.2257581,house,residential
way,96331731,48.5038412,9.2254677,house,residential
way,96331733,48.5034838,9.2260787,house,residential
way,96331734,48.5036885,9.2247717,house,residential
way,96331735,48.5030842,9.226478,house,residential
way,96331737,48.5033401,9.2266749,house,residential
way,96331744,48.5038738,9.2254272,house,residential
way,96331745,48.5035187,9.2260309,house,residential
way,96331754,48.5037211,9.2247311,house,residential
way,96331756,48.5030486,9.2265296,house,residential
way,96331771,48.5038473,9.22502,house,residential
way,96331776,48.5035537,9.225983,house,residential
way,96331782,48.5037538,9.2246906,house,residential
way,96331783,48.5030129,9.2265811,house,residential
way,96331788,48.4993091,9.2251792,apartments,residential
way,96331792,48.5038799,9.2249795,house,residential
way,96331794,48.5035886,9.2259351,house,residential
way,96331796,48.5037864,9.2246501,house,residential
way,96331806,48.501045,9.2258339,house,residential
way,96331808,48.5037494,9.2251416,house,residential
way,96331809,48.5036247,9.2258591,house,residential
way,96331811,48.5038191,9.2246095,house,residential
way,96331820,48.5034138,9.2261744,house,residential
way,96331829,48.5010802,9.2257436,house,residential
way,96331831,48.503782,9.2251011,house,residential
way,96331832,48.5036611,9.2258086,house,residential
way,96331836,48.4996252,9.2252349,apartments,residential
way,96331837,48.5038085,9.2255082,house,residential
way,97193776,48.5037598,9.2230922,house,residential
way,97193789,48.5038645,9.221816,house,residential
way,97193791,48.5037876,9.2231813,house,residential
way,97193798,48.5038369,9.2217135,house,residential
way,97193800,48.5038154,9.2232705,house,residential
way,97194010,48.5030993,9.2235879,house,residential
way,97194013,48.5035976,9.224089,house,residential
way,97194019,48.5036476,9.2242735,house,residential
way,97194035,48.5031046,9.2234459,house,residential
way,97194036,48.5036721,9.2244,house,residential
way,97194042,48.5036221,9.2242155,house,residential
way,97194056,48.5031019,9.2235169,house,residential
way,97194059,48.5036098,9.2241522,house,residential
way,97194062,48.5035739,9.2240295,house,residential
way,97194065,48.5036599,9.2243368,house,residential
way,97194485,48.5021176,9.2249748,house,residential
way,97194486,48.5029869,9.2223583,house,residential
way,97194490,48.5019233,9.2218987,house,residential
way,97194491,48.5030322,9.222013,house,residential
way,97194499,48.5019939,9.2240102,house,residential
way,97194501,48.5028064,9.2235922,house,residential
way,97194509,48.5028292,9.2234514,house,residential
way,97194510,48.5021609,9.2250123,house,residential
way,97194515,48.5021027,9.2242886,house,residential
way,97194517,48.5019895,9.221889,house,residential
way,97194520,48.5030218,9.222126,house,residential
way,97194521,48.5020743,9.2249373,house,residential
way,97194529,48.5019581,9.2239221,house,residential
way,97194531,48.5027951,9.2236627,house,residential
way,97194533,48.5029525,9.2226025,house,residential
way,97194536,48.5028178,9.2235218,house,residential
way,97194537,48.5022042,9.2250498,house,residential
way,97194538,48.5030113,9.222239,house,residential
way,97194542,48.5020663,9.2241975,house,residential
way,97344690,48.5011864,9.2217703,house,residential
way,97344693,48.5015214,9.2234113,house,residential
way,97344694,48.5018214,9.2226008,house,residential
way,97344696,48.5010294,9.221575,house,residential
way,97344702,48.5014481,9.2238157,house,residential
way,97344705,48.5017003,9.2229467,house,residential
way,97344706,48.5013266,9.2220448,house,residential
way,97344712,48.5012178,9.2218316,house,residential
way,97344715,48.5017998,9.2225455,house,residential
way,97344717,48.5015114,9.2234772,house,residential
way,97344723,48.5010659,9.2215367,house,residential
way,97344726,48.5012765,9.2221006,house,residential
way,97344728,48.5014324,9.2239069,house,residential
way,97344730,48.5016736,9.2228712,house,residential
way,97429432,48.5007969,9.2240955,house,residential
way,97429465,48.5006757,9.2238635,house,residential
way,97429494,48.5004966,9.2239765,house,residential
way,97429498,48.5008337,9.2226255,house,residential
way,97429500,48.5013836,9.2241546,house,residential
way,97429513,48.5001889,9.2236188,house,residential
way,97429519,48.5004462,9.2239341,house,residential
way,97429527,48.5008925,9.2226137,house,residential
way,97429534,48.500848,9.2241352,house,residential
way,97429540,48.5006256,9.2238214,house,residential
way,97429545,48.5013993,9.2240634,house,residential
way,97429546,48.5001433,9.2235685,house,residential
way,97432842,48.5037983,9.2280503,house,residential
way,97432845,48.5036683,9.2280037,house,residential
way,97432852,48.503755,9.2280348,house,residential
way,97432886,48.503625,9.2279882,house,residential
way,97432889,48.5037117,9.2280192,house,residential
way,97432890,48.5031256,9.2269108,house,residential
way,97432893,48.5035817,9.2279726,house,residential
way,97432898,48.5031662,9.2269457,house,residential
way,97432904,48.5038417,9.2280658,house,residential
way,98278382,48.5035498,9.226759,house,residential
way,98278386,48.5036498,9.2288146,apartments,residential
way,98278387,48.5037332,9.2272354,house,residential
way,98278389,48.5034104,9.2272084,house,residential
way,98278393,48.5037776,9.2272358,house,residential
way,98278394,48.5033915,9.2268954,house,residential
way,98278398,48.5033959,9.2271281,house,residential
way,98278399,48.5035489,9.2275926,house,residential
way,98278400,48.5032764,9.2288197,apartments,residential
way,98278401,48.5036446,9.2272347,house,residential
way,98278402,48.5037711,9.2276117,house,residential
way,98278406,48.5033042,9.2275709,house,residential
way,98278407,48.5033992,9.2270515,house,residential
way,98278410,48.5036881,9.2267567,house,residential
way,98278411,48.5032488,9.2275827,house,residential
way,98278412,48.5036889,9.2272351,house,residential
way,98278413,48.5030442,9.2273907,house,residential
way,98278415,48.5036822,9.227604,house,residential
way,98278418,48.5035959,9.2267582,house,residential
way,98278419,48.503354,9.2275729,house,residential
way,98278420,48.5031418,9.2275783,house,residential
way,98278421,48.5036002,9.2272344,house,residential
way,98278423,48.5037267,9.2276079,house,residential
way,98278428,48.5033882,9.226972,house,residential
way,98278432,48.503642,9.2267575,house,residential
way,98278433,48.5031953,9.2275805,house,residential
way,98278434,48.5035559,9.227234,house,residential
way,98278437,48.5035934,9.2275964,house,residential
way,98278438,48.5029922,9.2273907,house,residential
way,98278441,48.5036378,9.2276002,house,residential
way,98278442,48.5034071,9.227285,house,residential
way,98470231,48.4980829,9.2292647,house,residential
way,98470274,48.498077,9.2291875,house,residential
way,99214447,48.5037469,9.22897,detached,residential
way,99214460,48.5031211,9.230243,house,residential
way,99214471,48.5031093,9.2303251,house,residential
way,99286716,48.5003781,9.2289,house,residential
way,99286719,48.5003035,9.2289837,house,residential
way,99288389,48.5025117,9.2296537,detached,residential
way,99288390,48.5022133,9.2310904,house,residential
way,99288393,48.5024843,9.2306677,house,residential
way,99288402,48.5027886,9.2305803,apartments,residential
way,99288405,48.5027424,9.2312306,house,residential
way,99288410,48.5026576,9.2295255,house,residential
way,99288414,48.502523,9.2311225,house,residential
way,99288417,48.5025469,9.2306677,house,residential
way,99288420,48.502534,9.230919,house,residential
way,99288426,48.5022217,9.230881,house,residential
way,99288445,48.5021416,9.2310923,house,residential
way,99288448,48.5025175,9.2312243,house,residential
way,99288452,48.5025285,9.2310208,house,residential
way,99288457,48.502862,9.230134,apartments,residential
way,99288463,48.5022862,9.23088,house,residential
way,99288465,48.5026079,9.2295686,house,residential
way,99288466,48.5027418,9.2311274,house,residential
way,101691318,48.4876044,9.2143263,house,residential
way,101691325,48.487366,9.2143034,house,residential
way,101691328,48.4875503,9.214436,house,residential
way,101691331,48.4876295,9.2115062,apartments,residential
way,101691333,48.4874413,9.2141397,house,residential
way,101691335,48.4876318,9.2142695,house,residential
way,101691339,48.4877978,9.2145306,apartments,residential
way,101691340,48.4874979,9.2145463,house,residential
way,101691343,48.4873911,9.2142488,house,residential
way,101691344,48.4875768,9.2143795,house,residential
way,101691346,48.4874664,9.2140851,house,residential
way,101691349,48.4873409,9.214358,house,residential
way,101691354,48.4875232,9.2144938,house,residential
way,101691357,48.4874162,9.2141943,house,residential
way,101691358,48.4878997,9.211399,apartments,residential
way,101930225,48.5023158,9.2304738,house,residential
way,101930226,48.5020789,9.2305898,house,residential
way,101930227,48.5014632,9.2315098,detached,residential
way,101930228,48.5014572,9.2317754,detached,residential
way,101930229,48.4997628,9.2321629,apartments,residential
way,101930230,48.5015079,9.2304956,house,residential
way,101930231,48.5009651,9.2318609,detached,residential
way,101930232,48.5022893,9.2297577,house,residential
way,101930233,48.5011861,9.2317246,detached,residential
way,101930235,48.5000297,9.2319322,detached,residential
way,101930236,48.5016753,9.2311851,house,residential
way,101930237,48.5002643,9.2319498,detached,residential
way,101930238,48.5014781,9.2309828,detached,residential
way,101930239,48.5009768,9.2314264,detached,residential
way,101930240,48.5012511,9.2304619,house,residential
way,101930241,48.5015548,9.230147,house,residential
way,101930242,48.5023259,9.2303701,house,residential
way,101930243,48.5025346,9.2303823,house,residential
way,101930245,48.5017646,9.2301157,house,residential
way,101930246,48.5004664,9.2322777,detached,residential
way,101930247,48.500709,9.2321737,detached,residential
way,101930248,48.5007229,9.2316262,detached,residential
way,101930251,48.5016753,9.2313142,house,residential
way,101930252,48.5012023,9.2312229,detached,residential
way,101930254,48.5004787,9.2317706,detached,residential
way,101930255,48.5014031,9.2302723,house,residential
way,101930256,48.5009575,9.2320827,detached,residential
way,101930257,48.5023457,9.2297113,house,residential
way,101930258,48.5011827,9.2319687,detached,residential
way,101930259,48.5023056,9.2305775,house,residential
way,101930260,48.5007207,9.231919,detached,residential
way,101930261,48.500973,9.2316443,detached,residential
way,101930262,48.5000924,9.23241,detached,residential
way,101930263,48.501194,9.2314641,detached,residential
way,101930265,48.502555,9.2301749,house,residential
way,101930266,48.5025449,9.2302786,house,residential
way,101930268,48.5013412,9.2306442,house,residential
way,101930270,48.5017094,9.230164,house,residential
way,101930271,48.5020686,9.2306935,house,residential
way,101930273,48.5004675,9.2320262,detached,residential
way,101930274,48.501471,9.2312493,detached,residential
way,101930276,48.5016596,9.2303704,house,residential
way,102766048,48.4926086,9.2311901,detached,residential
way,102939934,48.4920556,9.2326425,detached,residential
way,107451408,48.4917943,9.1835224,detached,residential
way,107451409,48.492278,9.1861526,detached,residential
way,107451413,48.4914527,9.1829653,detached,residential
way,107451414,48.4909856,9.1839593,detached,residential
way,107451420,48.4918256,9.1834124,detached,residential
way,107451421,48.4917068,9.1829715,detached,residential
way,107451430,48.4904285,9.1823794,detached,residential
way,107451435,48.4907164,9.1829216,detached,residential
way,110263571,48.4923898,9.2134489,apartments,residential
way,110956575,48.4896686,9.2300594,house,residential
way,110956641,48.4896853,9.2299516,house,residential
way,111196538,48.4880602,9.2299506,house,residential
way,111297944,48.4952756,9.1972867,semidetached_house,residential
way,111297960,48.4952727,9.1973644,semidetached_house,residential
way,111723889,48.4867765,9.2315997,house,residential
way,113715852,48.4963096,9.1871212,detached,residential
way,113715853,48.4947284,9.1868136,house,residential
way,113715854,48.4964541,9.186538,detached,residential
way,113715856,48.4965002,9.186273,detached,residential
way,113715857,48.4948274,9.1868369,house,residential
way,113715858,48.4964112,9.1867847,house,residential
way,113715859,48.496063,9.1870103,detached,residential
way,113715860,48.4951187,9.1867019,house,residential
way,113715861,48.4965163,9.1869369,house,residential
way,113715862,48.4953625,9.1867968,detached,residential
way,113715863,48.4967851,9.1868751,house,residential
way,113715864,48.4968894,9.1864256,apartments,residential
way,113715865,48.4966398,9.1869856,house,residential
way,113715866,48.4961911,9.1870747,detached,residential
way,113715868,48.4966882,9.1873035,detached,residential
way,113715869,48.4958589,9.1870241,detached,residential
way,113715870,48.4946779,9.1868005,house,residential
way,113715872,48.4958044,9.1868946,detached,residential
way,113715874,48.4947806,9.1868087,house,residential
way,113715875,48.4956271,9.1870589,detached,residential
way,113715876,48.4954551,9.1869077,detached,residential
way,113715877,48.495038,9.1867003,house,residential
way,113715878,48.4966267,9.1863228,detached,residential
way,113715879,48.4948823,9.1867837,house,residential
way,113715880,48.4968202,9.1869892,apartments,residential
way,113715881,48.4967547,9.1863733,detached,residential
way,113715882,48.4964413,9.1871589,detached,residential
way,113715883,48.4952017,9.1866966,house,residential
way,113715884,48.4965979,9.1872074,detached,residential
way,113715992,48.4959675,9.1867211,house,residential
way,113715994,48.4960562,9.1867558,house,residential
way,113715995,48.4962816,9.1861868,detached,residential
way,113715996,48.4957019,9.1865885,house,residential
way,113715997,48.495397,9.1864549,house,residential
way,113715998,48.4962518,9.1863579,detached,residential
way,113715999,48.4955517,9.1865292,house,residential
way,113716003,48.496222,9.1865298,detached,residential
way,113716005,48.4958432,9.1866441,house,residential
way,113717006,48.4968353,9.1817615,house,residential
way,113717007,48.4976103,9.1840455,apartments,residential
way,113717008,48.4977499,9.1844033,detached,residential
way,113717009,48.4970383,9.1821136,house,residential
way,113717012,48.4983869,9.1815374,apartments,residential
way,113717014,48.4971952,9.1816664,apartments,residential
way,113717015,48.4967507,9.1820328,house,residential
way,113717017,48.4970619,9.1820465,house,residential
way,113717018,48.4967887,9.1818946,house,residential
way,113717020,48.4967736,9.181967,house,residential
way,113717021,48.4976748,9.1855996,detached,residential
way,113717024,48.4974458,9.1858558,detached,residential
way,113717028,48.4968118,9.1818288,house,residential
way,113717031,48.4970154,9.1821795,house,residential
way,113983746,48.49624,9.1852614,house,residential
way,113983747,48.4968752,9.1860459,house,residential
way,113983749,48.4957583,9.1850713,house,residential
way,113983751,48.4959778,9.1851578,house,residential
way,113983754,48.4960646,9.1851923,house,residential
way,113983755,48.4963341,9.1858858,detached,residential
way,113983756,48.4967199,9.1859707,detached,residential
way,113983762,48.4971808,9.1861086,apartments,residential
way,113983763,48.4968588,9.1861414,house,residential
way,113983765,48.4958017,9.1850885,house,residential
way,113983767,48.4961952,9.1852438,house,residential
way,113983769,48.4956298,9.1849931,house,residential
way,113983771,48.4965831,9.1859834,detached,residential
way,113983781,48.4972791,9.1856763,apartments,residential
way,113983782,48.4964757,9.185878,detached,residential
way,113983784,48.4960212,9.1851751,house,residential
way,113983786,48.4957149,9.1850543,house,residential
way,113983791,48.4961082,9.1852096,house,residential
way,113983792,48.4955839,9.1849742,house,residential
way,113983794,48.4958628,9.1852272,house,residential
way,113983807,48.4961516,9.1852266,house,residential
way,113983810,48.4970738,9.1860568,apartments,residential
way,113983994,48.4971596,9.1846305,apartments,residential
way,113983997,48.4971878,9.1852085,apartments,residential
way,113983999,48.4969958,9.1845657,apartments,residential
way,113984007,48.497317,9.1847093,apartments,residential
way,113984009,48.496813,9.1844929,detached,residential
way,113984015,48.4971818,9.1853863,apartments,residential
way,114136445,48.4959598,9.1847701,house,residential
way,114136446,48.4957105,9.1846171,house,residential
way,114136447,48.4969099,9.1837719,detached,residential
way,114136449,48.4960927,9.1848225,house,residential
way,114136450,48.4963981,9.1850856,house,residential
way,114136452,48.4972271,9.184262,apartments,residential
way,114136454,48.4961363,9.1848398,house,residential
way,114136455,48.4964424,9.1851049,house,residential
way,114136456,48.4972688,9.1842625,detached,residential
way,114136457,48.4957431,9.1840728,apartments,residential
way,114136459,48.4970743,9.1841514,house,residential
way,114136460,48.4967865,9.184092,detached,residential
way,114136461,48.4972282,9.1839178,apartments,residential
way,114136462,48.4956989,9.1846826,house,residential
way,114136463,48.4961798,9.1848569,house,residential
way,114136464,48.4968851,9.1839551,detached,residential
way,114136465,48.4958727,9.1847361,house,residential
way,114136469,48.4960044,9.1847877,house,residential
way,114136470,48.497095,9.1840325,house,residential
way,114136471,48.4957219,9.1845519,house,residential
way,114136472,48.4962085,9.1845046,detached,residential
way,114136474,48.4959544,9.184156,detached,residential
way,114136475,48.4962249,9.1848745,house,residential
way,114136476,48.4959164,9.1847531,house,residential
way,114136477,48.496939,9.1837113,detached,residential
way,114136478,48.4960494,9.1848055,house,residential
way,114136479,48.4965919,9.1844069,detached,residential
way,114136480,48.4957338,9.1844844,house,residential
way,114136593,48.4964594,9.1839514,apartments,residential
way,114136594,48.4962841,9.1839002,detached,residential
way,114136596,48.4959297,9.1834842,detached,residential
way,114136597,48.4960801,9.1837993,detached,residential
way,114136598,48.496718,9.1836855,detached,residential
way,114136599,48.4957929,9.1837597,detached,residential
way,114136606,48.4966582,9.1840272,apartments,residential
way,114136608,48.4966859,9.1838686,detached,residential
way,114220095,48.4975081,9.1827239,detached,residential
way,114220096,48.4974777,9.1829001,detached,residential
way,114220098,48.4978024,9.1818408,apartments,residential
way,114220099,48.4979632,9.1823809,detached,residential
way,114220101,48.4977163,9.1824872,detached,residential
way,114220104,48.4978194,9.1821963,apartments,residential
way,114220107,48.4970642,9.1829027,detached,residential
way,114220108,48.4981542,9.182127,apartments,residential
way,114220109,48.4971933,9.1826002,detached,residential
way,114220111,48.4980358,9.1820994,apartments,residential
way,114220113,48.4973855,9.1826756,detached,residential
way,114220114,48.497746,9.1819977,house,residential
way,114220116,48.4978412,9.1823371,detached,residential
way,114220119,48.497393,9.183168,apartments,residential
way,114220120,48.4973478,9.1821988,detached,residential
way,114220121,48.497401,9.1833425,detached,residential
way,114220122,48.4970917,9.1832454,apartments,residential
way,114220123,48.4971239,9.1825497,detached,residential
way,114220124,48.4976309,9.1831269,apartments,residential
way,114220125,48.4974798,9.1824348,detached,residential
way,114220126,48.4979667,9.1826034,apartments,residential
way,114220127,48.4976494,9.1827145,detached,residential
way,114220268,48.4961322,9.182399,detached,residential
way,114220270,48.4961064,9.1828685,detached,residential
way,114220277,48.4960767,9.1821615,house,residential
way,114220278,48.4968035,9.1824469,detached,residential
way,114220283,48.4961547,9.1821923,house,residential
way,114220285,48.4965002,9.1823279,detached,residential
way,114220286,48.4968803,9.182753,detached,residential
way,114220292,48.4966366,9.1823814,detached,residential
way,114220294,48.4963696,9.1822766,detached,residential
way,114220296,48.4969251,9.1824948,detached,residential
way,114220299,48.4960058,9.1825411,detached,residential
way,114220426,48.4964807,9.1820434,detached,residential
way,114220436,48.4961272,9.1817813,detached,residential
way,114220562,48.4959007,9.1821295,apartments,residential
way,114220568,48.4958299,9.182539,apartments,residential
way,114220569,48.4957439,9.1827162,detached,residential
way,114255016,48.4952061,9.1860372,house,residential
way,114255018,48.4954548,9.1847446,house,residential
way,114255020,48.4952637,9.1858288,house,residential
way,114255021,48.4953909,9.1850055,house,residential
way,114255025,48.4953476,9.1853515,house,residential
way,114255026,48.4951965,9.1861033,house,residential
way,114255031,48.4953361,9.1854167,house,residential
way,114255033,48.4954401,9.1848141,house,residential
way,114255036,48.4957299,9.1831096,apartments,residential
way,114255037,48.4951868,9.1861696,house,residential
way,114255038,48.4951897,9.1862394,house,residential
way,114255043,48.4956287,9.1833166,apartments,residential
way,114255044,48.4952883,9.1856967,house,residential
way,114255045,48.4953247,9.185482,house,residential
way,114255047,48.4954165,9.1848774,house,residential
way,114255050,48.4947287,9.1848768,semidetached_house,residential
way,114255051,48.4951786,9.1863086,house,residential
way,114255053,48.4952171,9.18597,house,residential
way,114255056,48.4952753,9.1857634,house,residential
way,114255058,48.4953132,9.1855476,house,residential
way,114255059,48.4954045,9.1849406,house,residential
way,114255060,48.4947139,9.1849619,semidetached_house,residential
way,114255061,48.4953604,9.1852841,house,residential
way,114256490,48.4949639,9.1855318,house,residential
way,114256494,48.4947561,9.1863617,house,residential
way,114256495,48.4948763,9.1861998,house,residential
way,114256496,48.4948974,9.1860074,house,residential
way,114256497,48.4935889,9.1889051,apartments,residential
way,114256502,48.4950914,9.1852956,house,residential
way,114256505,48.4949249,9.1858273,house,residential
way,114256507,48.4949534,9.1855975,house,residential
way,114256509,48.4947439,9.186429,house,residential
way,114256512,48.4950706,9.1854272,house,residential
way,114256513,48.4948891,9.1861329,house,residential
way,114256515,48.4951033,9.1852288,house,residential
way,114256518,48.4948648,9.1862651,house,residential
way,114256519,48.4949148,9.1858933,house,residential
way,114256520,48.4949413,9.1856646,house,residential
way,114256523,48.495081,9.1853614,house,residential
way,114263342,48.4959479,9.1818313,detached,residential
way,114371141,48.4981594,9.1816919,apartments,residential
way,114371143,48.495137,9.1846395,house,residential
way,114371152,48.4951211,9.1847052,house,residential
way,114692296,48.4912358,9.1841019,detached,residential
way,114692298,48.4913149,9.1823382,detached,residential
way,114692302,48.4914205,9.1844037,house,residential
way,114692303,48.4909743,9.1825136,detached,residential
way,114692304,48.4917024,9.1844609,detached,residential
way,114692305,48.4918668,9.1850561,detached,residential
way,114692306,48.4917472,9.1845296,detached,residential
way,114692308,48.4913946,9.1831374,detached,residential
way,114692310,48.4912958,9.1842466,detached,residential
way,114692311,48.4920544,9.1861516,apartments,residential
way,114692312,48.4911936,9.1829794,detached,residential
way,114692314,48.4916172,9.1836393,detached,residential
way,114692315,48.4917952,9.1854827,house,residential
way,114692317,48.4917691,9.1853629,house,residential
way,114692321,48.4917467,9.1841701,detached,residential
way,114692322,48.4914829,9.1847936,detached,residential
way,114692323,48.4909927,9.183371,detached,residential
way,114692324,48.4914191,9.1838581,detached,residential
way,114692325,48.4913254,9.1825958,detached,residential
way,114692326,48.4918503,9.1855769,house,residential
way,114692328,48.4915739,9.1833839,house,residential
way,114692329,48.491281,9.1835853,detached,residential
way,115239372,48.4971094,9.1819109,house,residential
way,115239374,48.4971333,9.1818427,house,residential
way,116344663,48.4948679,9.2090619,apartments,residential
way,116344664,48.4947192,9.209085,apartments,residential
way,116344665,48.4952307,9.2092516,apartments,residential
way,116344666,48.4948129,9.2094781,apartments,residential
way,120284619,48.4888626,9.1899175,house,residential
way,120284622,48.4884812,9.1884037,house,residential
way,122048937,48.488366,9.2106868,apartments,residential
way,122048938,48.4871271,9.2102751,apartments,residential
way,122048944,48.4889982,9.2099185,apartments,residential
way,122048953,48.4889003,9.2111128,apartments,residential
way,152733153,48.4873224,9.1892719,house,residential
way,152733158,48.4873225,9.1890846,house,residential
way,152733160,48.4873329,9.1893618,house,residential
way,152733169,48.4873224,9.1891782,house,residential
way,152733171,48.4873328,9.1894536,house,residential
way,167064187,48.4945331,9.2097603,apartments,residential
way,167064188,48.4947393,9.2100959,apartments,residential
way,167064189,48.4944772,9.2096655,apartments,residential
way,167064190,48.4945679,9.2098183,apartments,residential
way,172182819,48.5001178,9.1911759,house,residential
way,172182820,48.5001689,9.1911826,house,residential
way,172182821,48.4995914,9.191027,apartments,residential
way,172182823,48.5000137,9.1912399,apartments,residential
way,172182825,48.50022,9.1911893,house,residential
way,172182828,48.5003221,9.1912028,house,residential
way,172182830,48.4997828,9.1911238,apartments,residential
way,172182836,48.500271,9.1911961,house,residential
way,172189391,48.4991801,9.1915704,house,residential
way,172189392,48.499239,9.192102,house,residential
way,172189393,48.500006,9.1901757,apartments,residential
way,172189394,48.4991714,9.192681,house,residential
way,172189395,48.4990993,9.1915262,house,residential
way,172189396,48.4993131,9.1921423,house,residential
way,172189397,48.4998575,9.1901433,apartments,residential
way,172189398,48.498999,9.192229,house,residential
way,172189400,48.499854,9.1904993,apartments,residential
way,172189402,48.4997089,9.190111,apartments,residential
way,172189404,48.498993,9.1924737,house,residential
way,172189405,48.4995544,9.1904637,apartments,residential
way,172189406,48.499032,9.1920916,house,residential
way,172189407,48.4997042,9.1904815,apartments,residential
way,172189409,48.4989103,9.1924355,house,residential
way,172189410,48.4993627,9.1918741,semidetached_house,residential
way,172189411,48.4988276,9.1923972,house,residential
way,172189412,48.4994354,9.1919139,semidetached_house,residential
way,172189413,48.499111,9.1919288,house,residential
way,172189414,48.4991354,9.1918278,house,residential
way,172189415,48.4991479,9.1928023,house,residential
way,172868898,48.4961734,9.212287,apartments,residential
way,172868899,48.4964123,9.2126409,apartments,residential
way,172868901,48.4959679,9.2122251,apartments,residential
way,172868902,48.4963069,9.2124859,apartments,residential
way,172868905,48.4961043,9.2121911,apartments,residential
way,172992262,48.5002842,9.2019718,detached,residential
way,172992290,48.4997004,9.2040554,apartments,residential
way,173014191,48.4929611,9.2001413,apartments,residential
way,173014192,48.4955825,9.2011345,apartments,residential
way,173014194,48.4940642,9.2009381,apartments,residential
way,173014199,48.4943888,9.201458,detached,residential
way,173014201,48.493715,9.2015394,house,residential
way,173014203,48.4936057,9.2014727,house,residential
way,173014205,48.4960011,9.2010265,apartments,residential
way,173014206,48.4954711,9.2018474,house,residential
way,173014207,48.4949086,9.1994182,house,residential
way,173014208,48.4960517,9.2015659,house,residential
way,173014209,48.4928456,9.199169,apartments,residential
way,173014213,48.4961271,9.2010365,apartments,residential
way,173014219,48.4947738,9.1988386,house,residential
way,173014222,48.4948807,9.2014101,apartments,residential
way,173014224,48.4950315,9.1994276,house,residential
way,173014226,48.4925663,9.1991332,apartments,residential
way,173014227,48.4934909,9.2010486,house,residential
way,173014229,48.4945605,9.202302,house,residential
way,173014230,48.4958151,9.2016834,house,residential
way,173014233,48.4962955,9.2014593,house,residential
way,173014237,48.4935307,9.2014259,house,residential
way,173014243,48.4936439,9.2014953,house,residential
way,173014244,48.4940066,9.2005124,apartments,residential
way,173014246,48.4953883,9.2009776,apartments,residential
way,173014247,48.4949496,9.1994213,house,residential
way,173014252,48.4949624,9.1992445,house,residential
way,173014253,48.4945157,9.1989211,detached,residential
way,173014255,48.4934168,9.2000689,house,residential
way,173014260,48.4932604,9.2006946,apartments,residential
way,173014263,48.4962518,9.2012266,house,residential
way,173014264,48.4946968,9.2013639,apartments,residential
way,173014265,48.4936013,9.2002179,house,residential
way,173014266,48.4952701,9.1975581,house,residential
way,173014267,48.4958262,9.2006779,apartments,residential
way,173014268,48.4949779,9.2014178,apartments,residential
way,173014269,48.4942929,9.1988755,apartments,residential
way,173014273,48.4958913,9.2015627,house,residential
way,173014274,48.4926314,9.1998318,house,residential
way,173014275,48.4957598,9.2017105,house,residential
way,173014277,48.4946013,9.2019732,house,residential
way,173014283,48.494813,9.1988182,house,residential
way,173014285,48.4944239,9.2014934,apartments,residential
way,173014286,48.4937561,9.2015647,house,residential
way,173014287,48.4936305,9.2005642,apartments,residential
way,173014291,48.4949119,9.1999189,apartments,residential
way,173014293,48.4952311,9.2014085,detached,residential
way,173014295,48.493395,9.2007481,apartments,residential
way,173014296,48.493217,9.2009469,house,residential
way,173014298,48.4941783,9.1992853,apartments,residential
way,173014299,48.4931151,9.2017068,apartments,residential
way,173014301,48.495956,9.2007446,apartments,residential
way,173014303,48.493052,9.1993365,apartments,residential
way,173014304,48.4956186,9.2017812,house,residential
way,173014305,48.4948533,9.2023243,house,residential
way,173014307,48.4926465,9.1999378,house,residential
way,173014308,48.4940381,9.1988685,apartments,residential
way,173014311,48.4954168,9.2018726,house,residential
way,173014312,48.4935468,9.1998845,house,residential
way,173014344,48.4936479,9.1987141,apartments,residential
way,173014358,48.4946421,9.2026329,apartments,residential
way,173014360,48.4949056,9.2000961,apartments,residential
way,173014365,48.4939589,9.2010739,apartments,residential
way,173014379,48.4936639,9.1986813,apartments,residential
way,173014385,48.4947262,9.2017274,house,residential
way,173014386,48.4936114,9.2018625,house,residential
way,173014387,48.4948495,9.2024583,house,residential
way,173014390,48.4932435,9.2003664,apartments,residential
way,173014394,48.4945976,9.2020999,house,residential
way,173014396,48.4936153,9.1999395,house,residential
way,173014406,48.4934932,9.2014033,house,residential
way,173014409,48.4962681,9.2013108,house,residential
way,173014411,48.4956702,9.2017563,house,residential
way,173014412,48.4935498,9.2010834,house,residential
way,173014413,48.4949639,9.1991805,house,residential
way,173014419,48.4938856,9.1992478,apartments,residential
way,173014421,48.4936059,9.2007855,apartments,residential
way,173014422,48.49631,9.2015493,house,residential
way,173014424,48.4946106,9.201292,apartments,residential
way,173014429,48.4937021,9.1990292,apartments,residential
way,173014431,48.4951146,9.2011186,apartments,residential
way,173014432,48.4960707,9.2008702,apartments,residential
way,173014434,48.4948105,9.2017312,house,residential
way,173014436,48.4936476,9.2018923,house,residential
way,173014439,48.4959595,9.2016129,house,residential
way,173014443,48.4961493,9.2005768,detached,residential
way,173014452,48.4934845,9.2001243,house,residential
way,173014455,48.4933837,9.1997093,apartments,residential
way,173014457,48.4935921,9.1988771,apartments,residential
way,173014458,48.4929488,9.1992536,apartments,residential
way,173014459,48.4948623,9.2019909,house,residential
way,173014460,48.4931558,9.2006304,apartments,residential
way,173014463,48.4938263,9.2012531,house,residential
way,173014464,48.493322,9.2004065,apartments,residential
way,173014465,48.4948972,9.2003313,apartments,residential
way,173014473,48.4938133,9.1989691,apartments,residential
way,173014480,48.4955237,9.201823,house,residential
way,173014481,48.4961063,9.2015381,house,residential
way,173014482,48.4945573,9.2024281,house,residential
way,173014484,48.4934518,9.2004718,apartments,residential
way,173014491,48.4932657,9.2009764,house,residential
way,173014492,48.4937666,9.1993072,apartments,residential
way,173014500,48.4949905,9.1994244,house,residential
way,173014501,48.4948592,9.2021235,house,residential
way,173014502,48.4930836,9.2002628,apartments,residential
way,173014504,48.4939549,9.1990455,apartments,residential
way,173014507,48.4938873,9.201289,house,residential
way,173014508,48.4943859,9.1989819,detached,residential
way,173014511,48.4948887,9.2005705,apartments,residential
way,173014519,48.4935178,9.1990459,apartments,residential
way,173014520,48.4936129,9.1994855,apartments,residential
way,173014522,48.4931433,9.2004735,apartments,residential
way,173014524,48.4937359,9.1994171,apartments,residential
way,173014525,48.4946466,9.1988518,detached,residential
way,173014531,48.4949669,9.1986909,apartments,residential
way,173014533,48.4942756,9.1990522,apartments,residential
way,173014536,48.4958771,9.2010165,apartments,residential
way,173014538,48.4952733,9.2009699,apartments,residential
way,173014541,48.4942974,9.2013384,house,residential
way,173014545,48.4931578,9.1995978,apartments,residential
way,173014547,48.4957015,9.200843,apartments,residential
way,173014554,48.495334,9.1965898,semidetached_house,residential
way,173014555,48.4958387,9.1968673,apartments,residential
way,173014557,48.4947389,9.1970798,house,residential
way,173014558,48.4948173,9.1981237,house,residential
way,173014559,48.4957276,9.1966186,semidetached_house,residential
way,173014563,48.4960416,9.1968797,apartments,residential
way,173014566,48.494751,9.1970007,house,residential
way,173014568,48.4958414,9.196629,semidetached_house,residential
way,173014573,48.4947825,9.1967743,house,residential
way,173014575,48.4958984,9.1966324,semidetached_house,residential
way,173014581,48.4947914,9.1966942,house,residential
way,173014582,48.4960062,9.196643,semidetached_house,residential
way,173014583,48.4948051,9.1963681,house,residential
way,173014584,48.4960588,9.1966461,semidetached_house,residential
way,173014585,48.4954316,9.1968331,apartments,residential
way,173014586,48.4948104,9.1962819,house,residential
way,173014587,48.4953238,9.1975625,house,residential
way,173014588,48.4954892,9.1975949,house,residential
way,173014589,48.4955384,9.1975983,house,residential
way,173014590,48.4946481,9.1976048,house,residential
way,173014591,48.495384,9.1965928,semidetached_house,residential
way,173014592,48.4956906,9.1975043,apartments,residential
way,173014593,48.4957606,9.1973832,semidetached_house,residential
way,173014594,48.4958132,9.1973846,semidetached_house,residential
way,173014595,48.4959386,9.1972899,detached,residential
way,173014596,48.4946671,9.1975283,house,residential
way,173014597,48.4954988,9.1966024,semidetached_house,residential
way,173014598,48.4956354,9.1968568,apartments,residential
way,173014599,48.4949827,9.1982278,house,residential
way,173014600,48.494986,9.1981162,house,residential
way,173014601,48.4949568,9.1979252,house,residential
way,173014602,48.4949974,9.1978178,house,residential
way,173014603,48.4946883,9.1973446,house,residential
way,173014604,48.4955547,9.1966057,semidetached_house,residential
way,173014605,48.4950235,9.1976304,house,residential
way,173014606,48.4950262,9.1975206,house,residential
way,173014607,48.4950333,9.1973306,house,residential
way,173014610,48.4950362,9.1972216,house,residential
way,173014613,48.4950072,9.1970275,house,residential
way,173014614,48.4950483,9.1969254,house,residential
way,173014619,48.4950555,9.1967305,house,residential
way,173014626,48.4950598,9.1966231,house,residential
way,173014628,48.4950749,9.1964343,house,residential
way,173014629,48.4950781,9.1963258,house,residential
way,173014630,48.4947035,9.1972659,house,residential
way,173014631,48.4947508,9.19807,house,residential
way,173014632,48.4956709,9.1966152,semidetached_house,residential
way,173017909,48.4956582,9.2022864,house,residential
way,173017910,48.4959244,9.2021539,house,residential
way,173017912,48.4964061,9.2020153,house,residential
way,173017913,48.4951008,9.2027064,house,residential
way,173017914,48.4957598,9.2022351,house,residential
way,173017915,48.4958748,9.2021791,house,residential
way,173017916,48.4963666,9.2018061,house,residential
way,173017918,48.4955432,9.2024372,house,residential
way,173017919,48.4950978,9.2028324,house,residential
way,173017920,48.4957105,9.20226,house,residential
way,173017921,48.4954893,9.2021962,house,residential
way,173017924,48.495507,9.2022771,house,residential
way,173017925,48.4960188,9.2021081,house,residential
way,173017926,48.4963504,9.2017225,house,residential
way,173017927,48.4960663,9.20207,house,residential
way,173017928,48.4955587,9.2025096,house,residential
way,173017929,48.4962158,9.2020103,house,residential
way,173017931,48.4963902,9.2019333,house,residential
way,173017932,48.4961644,9.2020353,house,residential
way,173017934,48.4951105,9.202532,house,residential
way,173017935,48.4951127,9.2024138,house,residential
way,173017936,48.4963936,9.202417,house,residential
way,173017937,48.4963478,9.2024468,house,residential
way,173017938,48.4965321,9.2022212,house,residential
way,173017940,48.4965171,9.2021398,house,residential
way,173017943,48.4965038,9.2020675,house,residential
way,173017945,48.4963015,9.2024769,house,residential
way,173017946,48.4962048,9.2025364,house,residential
way,173017948,48.4961537,9.2025694,house,residential
way,173017950,48.4960528,9.2026291,house,residential
way,173017951,48.4960019,9.2026626,house,residential
way,173017952,48.4959017,9.2027272,house,residential
way,173017953,48.4958535,9.2027571,house,residential
way,173017954,48.4958073,9.2027859,house,residential
way,173022470,48.4948348,9.202808,house,residential
way,173022471,48.4948386,9.202681,house,residential
way,173030885,48.4936261,9.200894,apartments,residential
way,173030886,48.4937169,9.2008918,apartments,residential
way,173030887,48.4942782,9.2007452,apartments,residential
way,173030893,48.4942804,9.2013861,house,residential
way,173030895,48.493857,9.2006382,apartments,residential
way,173030896,48.4939283,9.2006733,apartments,residential
way,173032552,48.4939556,9.2022194,house,residential
way,173032554,48.4940029,9.202258,house,residential
way,173032556,48.4929231,9.20108,apartments,residential
way,173033230,48.4944542,9.1993988,house,residential
way,173033233,48.4944931,9.1994319,house,residential
way,173033234,48.4943523,9.1992886,house,residential
way,173033235,48.4943823,9.199332,house,residential
way,173033236,48.4944161,9.1993672,house,residential
way,173038281,48.4932288,9.1950413,house,residential
way,173038282,48.4931706,9.1949939,house,residential
way,173038817,48.493422,9.1931818,house,residential
way,173038819,48.4934207,9.1930691,house,residential
way,173038820,48.4934195,9.1929564,house,residential
way,173038821,48.4934183,9.1928439,house,residential
way,173038822,48.493417,9.1927317,house,residential
way,173038823,48.4934158,9.1926189,house,residential
way,176101280,48.4969792,9.2046728,apartments,residential
way,176256597,48.4936122,9.2104629,apartments,residential
way,176256599,48.4935669,9.2098129,apartments,residential
way,176263317,48.4917661,9.2094536,apartments,residential
way,176632404,48.5006559,9.1896285,house,residential
way,176632406,48.4995939,9.1894234,apartments,residential
way,176632407,48.4992981,9.1901747,apartments,residential
way,176632408,48.5001919,9.1894706,house,residential
way,176632409,48.5005703,9.1898274,house,residential
way,176632410,48.5004601,9.1901741,house,residential
way,176632411,48.5000451,9.1893956,house,residential
way,176632414,48.5006734,9.1894754,house,residential
way,176632415,48.5001526,9.189104,house,residential
way,176632416,48.5005042,9.1900354,house,residential
way,176632417,48.500438,9.1902435,house,residential
way,176632419,48.4992146,9.1903629,apartments,residential
way,176632420,48.5001429,9.1894456,house,residential
way,176632421,48.5005483,9.1898967,house,residential
way,176632422,48.4995105,9.1896108,apartments,residential
way,176632423,48.5006647,9.1895519,house,residential
way,176632425,48.500138,9.18918,house,residential
way,176632426,48.5002408,9.1894956,house,residential
way,176632427,48.5006822,9.1893988,house,residential
way,176632428,48.5004821,9.1901048,house,residential
way,176632429,48.5002897,9.1895206,house,residential
way,176632430,48.5001673,9.189028,house,residential
way,176632431,48.500416,9.1903128,house,residential
way,176632433,48.500094,9.1894206,house,residential
way,176632434,48.4994272,9.1897982,apartments,residential
way,176632435,48.499131,9.1905512,apartments,residential
way,176632436,48.5005262,9.1899661,house,residential
way,176632437,48.4984626,9.1947759,house,residential
way,176632438,48.4992031,9.1937454,semidetached_house,residential
way,176632439,48.4985613,9.1951972,house,residential
way,176632440,48.4994524,9.1934311,house,residential
way,176632441,48.4989443,9.1942347,house,residential
way,176632442,48.4987091,9.1947566,house,residential
way,176632443,48.4994338,9.1927767,house,residential
way,176632444,48.4990084,9.1933769,semidetached_house,residential
way,176632445,48.4986038,9.1952255,house,residential
way,176632446,48.49846,9.1960024,house,residential
way,176632447,48.4990173,9.1942746,house,residential
way,176632448,48.4984749,9.1959291,house,residential
way,176632449,48.4984898,9.195856,house,residential
way,176632450,48.4987555,9.1947617,house,residential
way,176632451,48.4994585,9.1926336,house,residential
way,176632452,48.4983728,9.1958016,house,residential
way,176632453,48.4996383,9.1930556,house,residential
way,176632454,48.4983871,9.1957313,house,residential
way,176632455,48.4984019,9.1956585,house,residential
way,176632456,48.4988018,9.1947668,house,residential
way,176632457,48.4987581,9.1951979,house,residential
way,176632458,48.4983927,9.1955758,house,residential
way,176632459,48.4996831,9.1927266,house,residential
way,176632460,48.4990903,9.1942859,house,residential
way,176632461,48.4984078,9.1955022,house,residential
way,176632462,48.4984231,9.195427,house,residential
way,176632463,48.4997621,9.1927538,house,residential
way,176632464,48.4988116,9.194569,house,residential
way,176632465,48.4993932,9.1939663,house,residential
way,176632466,48.4999793,9.1928231,house,residential
way,176632467,48.4987484,9.1952662,house,residential
way,176632469,48.4994728,9.1933176,house,residential
way,176632474,48.4997094,9.1926276,house,residential
way,176632477,48.499065,9.1943986,house,residential
way,176632480,48.4997895,9.1926405,house,residential
way,176632481,48.4988343,9.194506,house,residential
way,176632482,48.4997112,9.1930878,house,residential
way,176632483,48.4983917,9.1950842,house,residential
way,176632484,48.5000102,9.1926942,house,residential
way,176632485,48.4987387,9.1953344,house,residential
way,176632486,48.4992378,9.1942414,house,residential
way,176632487,48.4998169,9.1925273,house,residential
way,176632488,48.4988571,9.194443,house,residential
way,176632489,48.49955,9.1939786,house,residential
way,176632490,48.500095,9.1924685,semidetached_house,residential
way,176632491,48.4987291,9.1954027,house,residential
way,176632492,48.499772,9.1924197,house,residential
way,176632493,48.4992769,9.1943185,house,residential
way,176632494,48.4998702,9.1923247,house,residential
way,176632495,48.4989533,9.1949694,house,residential
way,176632496,48.4995103,9.1923433,house,residential
way,176632497,48.5001377,9.1923709,semidetached_house,residential
way,176632498,48.4987194,9.1954709,house,residential
way,176632499,48.4997993,9.1923194,house,residential
way,176632500,48.4993453,9.1943526,house,residential
way,176632503,48.4998893,9.1922537,house,residential
way,176632504,48.4990001,9.1949746,house,residential
way,176632505,48.4995377,9.1922313,house,residential
way,176632506,48.4987097,9.1955392,house,residential
way,176632507,48.498421,9.1943283,house,residential
way,176632508,48.4997333,9.1921873,house,residential
way,176632509,48.4999083,9.1921826,house,residential
way,176632510,48.4990468,9.1949797,house,residential
way,176632511,48.4987,9.1956074,house,residential
way,176632512,48.4984512,9.1942064,house,residential
way,176632513,48.4997618,9.1920785,house,residential
way,176632514,48.4999274,9.1921116,house,residential
way,176632515,48.4990935,9.1949848,house,residential
way,176632516,48.4995766,9.1938704,house,residential
way,176632517,48.4985091,9.1947816,house,residential
way,176632518,48.4992381,9.1935967,semidetached_house,residential
way,176632519,48.4986903,9.1956757,house,residential
way,176632520,48.4984815,9.1940844,house,residential
way,176632521,48.499174,9.1949937,house,residential
way,176632522,48.4991233,9.1947252,house,residential
way,176632523,48.4989924,9.1952429,house,residential
way,176632524,48.4991478,9.1946642,house,residential
way,176632525,48.4989833,9.195312,house,residential
way,176632526,48.4991723,9.1946033,house,residential
way,176632527,48.4989741,9.1953811,house,residential
way,176632528,48.4984341,9.1951124,house,residential
way,176632529,48.4994198,9.1938563,house,residential
way,176632530,48.4987111,9.1941051,house,residential
way,176632531,48.498965,9.1954502,house,residential
way,176632532,48.4985556,9.1947874,house,residential
way,176632533,48.4991684,9.1934169,house,residential
way,176632534,48.4988294,9.1936304,house,residential
way,176632535,48.4984765,9.1951407,house,residential
way,176632536,48.4994717,9.1936648,house,residential
way,176632537,48.4987754,9.1941419,house,residential
way,176632538,48.4986021,9.1947931,house,residential
way,176632539,48.4991849,9.1933484,house,residential
way,176632540,48.4989033,9.1936699,house,residential
way,176632541,48.4985189,9.195169,house,residential
way,176632542,48.4994984,9.1935395,house,residential
way,176632543,48.4986628,9.1947515,house,residential
way,176632544,48.4992087,9.1932495,house,residential
way,176632545,48.4989835,9.1934851,semidetached_house,residential
way,176632549,48.4994651,9.1914819,house,residential
way,176632551,48.5000403,9.1919219,house,residential
way,176632552,48.4996526,9.1915959,house,residential
way,176632553,48.4998786,9.1917373,house,residential
way,176632554,48.4994454,9.1915571,house,residential
way,176632556,48.4998588,9.1918118,house,residential
way,176632557,48.4996328,9.1916703,house,residential
way,176632558,48.5000601,9.1918475,house,residential
way,176635141,48.5002399,9.1925883,house,residential
way,176635142,48.5002725,9.1924786,house,residential
way,176635143,48.5006567,9.1936683,house,residential
way,176635144,48.5006866,9.1937109,house,residential
way,176635145,48.500713,9.1937557,house,residential
way,176635146,48.5007375,9.1938049,house,residential
way,176635147,48.5007575,9.193858,house,residential
way,176635148,48.5007711,9.193913,house,residential
way,176635149,48.5007811,9.1939707,house,residential
way,176635150,48.5001097,9.1929766,house,residential
way,176635151,48.500786,9.1940275,house,residential
way,176635152,48.5007864,9.1940856,house,residential
way,176635153,48.5007848,9.1941473,house,residential
way,176635154,48.5007779,9.1942053,house,residential
way,176635155,48.5006982,9.1946322,terrace,residential
way,176635156,48.5001395,9.1928713,house,residential
way,176635157,48.5002074,9.1926981,house,residential
way,176636872,48.5001576,9.1944387,house,residential
way,176636873,48.5001867,9.1944822,house,residential
way,176636874,48.5002184,9.1945211,house,residential
way,176636875,48.5002532,9.1945534,house,residential
way,176636881,48.5002901,9.1945802,house,residential
way,176636883,48.5003285,9.1946013,house,residential
way,176636884,48.5003684,9.194615,house,residential
way,176636885,48.5004092,9.1946197,house,residential
way,176636886,48.5004502,9.1946198,house,residential
way,176636887,48.5004909,9.1946137,house,residential
way,176636888,48.5005308,9.1946002,house,residential
way,176640045,48.5008967,9.1929554,house,residential
way,176640046,48.500901,9.1930386,house,residential
way,176640047,48.5009052,9.1931219,house,residential
way,176640048,48.5009095,9.1932051,house,residential
way,176640049,48.5009137,9.1932883,house,residential
way,176640050,48.5009938,9.1924955,house,residential
way,176640051,48.5010068,9.1924152,house,residential
way,176640052,48.5011503,9.1930049,house,residential
way,176640053,48.5010197,9.1923349,house,residential
way,176640054,48.5011859,9.1930719,house,residential
way,176640055,48.5010704,9.1921224,house,residential
way,176640056,48.5016176,9.1914634,house,residential
way,176640057,48.5012578,9.1926288,house,residential
way,176640058,48.5010894,9.1920453,house,residential
way,176640059,48.5016541,9.1915192,house,residential
way,176640060,48.5012909,9.1926898,house,residential
way,176640061,48.5011084,9.1919682,house,residential
way,176640062,48.5016905,9.1915751,house,residential
way,176640063,48.501324,9.1927508,house,residential
way,176640064,48.5017269,9.1916309,house,residential
way,176640065,48.5011598,9.1917982,house,residential
way,176640066,48.5013808,9.1921855,house,residential
way,176640067,48.5011772,9.1917197,house,residential
way,176640068,48.5014139,9.1922466,house,residential
way,176640069,48.5011947,9.1916411,house,residential
way,176640070,48.501447,9.1923076,house,residential
way,176640071,48.5012562,9.1914032,house,residential
way,176640072,48.5015052,9.1918347,house,residential
way,176640073,48.5012888,9.1913373,house,residential
way,176640074,48.5015383,9.1918958,house,residential
way,176640075,48.5013215,9.1912713,house,residential
way,176640076,48.5015714,9.1919568,house,residential
way,176640077,48.5013541,9.1912054,house,residential
way,176640078,48.5008924,9.1928722,house,residential
way,176648797,48.5017397,9.1903296,semidetached_house,residential
way,176648798,48.501784,9.190259,semidetached_house,residential
way,192606604,48.5002043,9.2049044,apartments,residential
way,192606611,48.5003349,9.2049877,apartments,residential
way,195430405,48.5009672,9.2260342,house,residential
way,195430408,48.5007771,9.2263325,residential,residential
way,195984246,48.4886376,9.2190669,apartments,residential
way,195984248,48.4879709,9.2211461,apartments,residential
way,195994199,48.4926939,9.2152509,apartments,residential
way,196366857,48.4878732,9.2016642,residential,residential
way,196915474,48.4916037,9.1826471,detached,residential
way,196915475,48.4898475,9.189601,apartments,residential
way,196915476,48.4888639,9.1894434,house,residential
way,196915478,48.4899735,9.1896435,apartments,residential
way,196915482,48.4870806,9.1904527,house,residential
way,197814213,48.5026325,9.2015194,detached,residential
way,197814217,48.5026739,9.2003703,detached,residential
way,197852693,48.4953191,9.1821154,house,residential
way,199839970,48.5036143,9.1978729,house,residential
way,199839974,48.5036325,9.197946,house,residential
way,199839978,48.5036903,9.1980903,house,residential
way,199839982,48.5037088,9.1981665,house,residential
way,199839985,48.5037194,9.1982481,house,residential
way,199839986,48.5035208,9.1974895,house,residential
way,199839987,48.5037379,9.1983244,house,residential
way,199839998,48.5035395,9.1975647,house,residential
way,199840003,48.5038376,9.1971839,house,residential
way,199840004,48.5038835,9.1973002,house,residential
way,199840007,48.5035583,9.1976399,house,residential
way,199840013,48.5035961,9.1977999,house,residential
way,199846001,48.5022814,9.198638,apartments,residential
way,199846005,48.5018694,9.1989158,apartments,residential
way,199846007,48.5034265,9.2002058,terrace,residential
way,199846008,48.5021661,9.1989026,apartments,residential
way,199846012,48.5019757,9.1990711,apartments,residential
way,200025628,48.5033372,9.1985673,house,residential
way,200025629,48.5033821,9.1985264,house,residential
way,200025630,48.5034313,9.1984939,house,residential
way,200025631,48.5034761,9.198453,house,residential
way,200025632,48.5032139,9.1982961,house,residential
way,200025633,48.5032588,9.1982552,house,residential
way,200025634,48.5033037,9.1982143,house,residential
way,200025635,48.5033547,9.1981874,house,residential
way,200025636,48.5033995,9.1981464,house,residential
way,200025637,48.5031136,9.1980061,house,residential
way,200025638,48.5031585,9.1979651,house,residential
way,200025639,48.5032033,9.1979242,house,residential
way,200025640,48.5032544,9.1978973,house,residential
way,200025641,48.5032992,9.1978564,house,residential
way,200037096,48.50344,9.2007058,apartments,residential
way,200037097,48.5031959,9.1994636,house,residential
way,200037098,48.5027557,9.1998116,house,residential
way,200037099,48.5029321,9.1996097,house,residential
way,200037100,48.5029492,9.1999787,house,residential
way,200037101,48.5032372,9.1998556,house,residential
way,200037102,48.5027759,9.199387,house,residential
way,200037103,48.5033748,9.1992044,house,residential
way,200037104,48.5026302,9.1991814,house,residential
way,200037105,48.5028438,9.1997105,house,residential
way,200037107,48.5026466,9.1995464,house,residential
way,200037108,48.5028609,9.2000795,house,residential
way,200037109,48.5032675,9.1993599,house,residential
way,200037110,48.502495,9.1993251,house,residential
way,200037111,48.5033069,9.199749,house,residential
way,200037114,48.5031601,9.1995154,house,residential
way,200037116,48.5027185,9.1990806,house,residential
way,200037117,48.5034524,9.1996142,house,residential
way,200037118,48.5027347,9.1994453,house,residential
way,200037119,48.5025831,9.199224,house,residential
way,200037121,48.503339,9.1992562,house,residential
way,200037122,48.5025995,9.199589,house,residential
way,200037123,48.5032317,9.1994117,house,residential
way,200037124,48.503272,9.1998023,house,residential
way,200037125,48.5027086,9.1998542,house,residential
way,200037126,48.502885,9.1996523,house,residential
way,200037127,48.5029021,9.2000213,house,residential
way,200037128,48.502823,9.1993445,house,residential
way,200037129,48.5026713,9.1991232,house,residential
way,200037130,48.5034868,9.1995603,house,residential
way,200037131,48.5027967,9.1997531,house,residential
way,200037132,48.5026876,9.1994878,house,residential
way,200037133,48.5028138,9.2001221,house,residential
way,200037134,48.5025421,9.1992825,house,residential
way,200037135,48.5033417,9.1996958,house,residential
way,200037137,48.5033032,9.199308,house,residential
way,200037139,48.5038965,9.2002379,house,residential
way,200037140,48.5035391,9.1991428,house,residential
way,200037141,48.503584,9.1991019,house,residential
way,200037142,48.5036332,9.1990694,house,residential
way,200037143,48.503678,9.1990285,house,residential
way,200037144,48.5034264,9.1988634,house,residential
way,200037145,48.5036368,9.1994375,house,residential
way,200037146,48.5034713,9.1988224,house,residential
way,200037147,48.5036105,9.1988786,house,residential
way,200037148,48.5025231,9.1983855,house,residential
way,200037149,48.5036505,9.1988419,house,residential
way,200037150,48.5024829,9.1983201,house,residential
way,200037151,48.5036071,9.198732,house,residential
way,200037152,48.502671,9.198121,house,residential
way,200037153,48.503652,9.198691,house,residential
way,200037154,48.5026308,9.1980556,house,residential
way,200037155,48.5036968,9.1986501,house,residential
way,200037159,48.5029324,9.2006417,apartments,residential
way,200037160,48.5036817,9.1993966,house,residential
way,200037162,48.5030508,9.200532,apartments,residential
way,200037164,48.5031693,9.2004222,apartments,residential
way,200037165,48.5037295,9.1997282,house,residential
way,200037168,48.5037309,9.1993641,house,residential
way,200037171,48.5037757,9.1993232,house,residential
way,200037172,48.5037743,9.1996873,house,residential
way,200704843,48.5030007,9.2018548,detached,residential
way,200704844,48.5025927,9.2013528,house,residential
way,200704846,48.5025321,9.2014142,house,residential
way,200704847,48.5029935,9.2011043,apartments,residential
way,200704848,48.5031772,9.2015705,house,residential
way,200704849,48.5033106,9.2013514,house,residential
way,200704850,48.5035759,9.2015237,house,residential
way,200704851,48.5035374,9.2013328,house,residential
way,200704852,48.5035897,9.2015964,house,residential
way,200704853,48.5035188,9.2012841,house,residential
way,200704854,48.5036035,9.2016691,house,residential
way,200704855,48.5035001,9.2012353,house,residential
way,200704856,48.5036173,9.2017419,house,residential
way,200704857,48.5034815,9.2011866,house,residential
way,200704858,48.5031602,9.2021567,house,residential
way,200704859,48.5037023,9.2011877,house,residential
way,200704860,48.5037613,9.2013492,house,residential
way,200704861,48.503683,9.2011392,house,residential
way,200704862,48.5037792,9.2014196,house,residential
way,200704863,48.5036636,9.2010907,house,residential
way,200704864,48.5037971,9.2014899,house,residential
way,200704865,48.5036443,9.2010422,house,residential
way,200704866,48.503815,9.2015603,house,residential
way,200704868,48.5038734,9.2010366,house,residential
way,200704870,48.5038541,9.2009883,house,residential
way,200704871,48.5029257,9.2016601,detached,residential
way,200704873,48.5031118,9.2014324,house,residential
way,200704874,48.5038349,9.2009401,house,residential
way,200704876,48.5031445,9.2015015,house,residential
way,200704877,48.5038156,9.2008918,house,residential
way,200704882,48.5032428,9.2021312,house,residential
way,200704892,48.5033679,9.2014939,house,residential
way,200704898,48.5033153,9.2020763,house,residential
way,200704899,48.5033488,9.2014465,house,residential
way,200704900,48.5033878,9.2020213,house,residential
way,200704901,48.5033297,9.2013989,house,residential
way,204646741,48.4882035,9.2100621,apartments,residential
way,208757112,48.4965201,9.2127993,apartments,residential
way,223691304,48.4990963,9.2132709,house,residential
way,223691306,48.4976868,9.2125518,apartments,residential
way,247427872,48.4974513,9.213287,apartments,residential
way,247427873,48.4987751,9.2128445,house,residential
way,247427875,48.4984495,9.2139175,apartments,residential
way,247427876,48.498712,9.2141879,apartments,residential
way,254897503,48.4897863,9.2088877,apartments,residential
way,283609230,48.4887542,9.231518,house,residential
way,291650538,48.501106,9.1863003,detached,residential
way,295734226,48.49211,9.2183079,apartments,residential
way,295804761,48.4973125,9.212765,apartments,residential
way,295804763,48.4975513,9.2124051,apartments,residential
way,295804766,48.4974377,9.2125763,apartments,residential
way,295880447,48.4960744,9.2186796,apartments,residential
way,295885962,48.4929863,9.2170966,apartments,residential
way,295885964,48.4959082,9.2125537,apartments,residential
way,295907950,48.4893822,9.2268488,house,residential
way,295907951,48.4912556,9.2187714,apartments,residential
way,295907952,48.4889432,9.2181127,apartments,residential
way,295907953,48.4926287,9.2216218,apartments,residential
way,295907954,48.489339,9.2269183,house,residential
way,295907955,48.4927018,9.2217677,apartments,residential
way,297621553,48.4939435,9.2095514,apartments,residential
way,297621554,48.4914253,9.2086828,apartments,residential
way,297621555,48.4921906,9.2083679,apartments,residential
way,297621556,48.4911902,9.2089789,house,residential
way,297621557,48.4926801,9.2082815,apartments,residential
way,297621558,48.4928967,9.2082115,apartments,residential
way,297621559,48.4922572,9.2083595,apartments,residential
way,297621560,48.4930957,9.2081328,apartments,residential
way,297621561,48.4931858,9.2081057,apartments,residential
way,297621562,48.4933678,9.2080507,apartments,residential
way,297621563,48.4934456,9.2080263,apartments,residential
way,297621564,48.493445,9.2108638,apartments,residential
way,297621565,48.4935891,9.2109086,apartments,residential
way,297621566,48.4921707,9.2083739,apartments,residential
way,297621567,48.4940851,9.2093935,apartments,residential
way,297621568,48.4941675,9.2095554,apartments,residential
way,297621570,48.4912465,9.2089088,house,residential
way,297649920,48.4891335,9.2143047,apartments,residential
way,298191566,48.5027667,9.2013156,house,residential
way,298191568,48.5028058,9.2013991,house,residential
way,298194834,48.4985317,9.2048724,apartments,residential
way,298202478,48.4966888,9.204851,apartments,residential
way,298202480,48.4968429,9.2047834,apartments,residential
way,298273777,48.4935596,9.2129657,apartments,residential
way,298273782,48.4934825,9.2130759,apartments,residential
way,298273785,48.4946237,9.2111797,apartments,residential
way,298372136,48.4960306,9.2123121,apartments,residential
way,298372138,48.4971752,9.21392,apartments,residential
way,298372139,48.497372,9.2141925,apartments,residential
way,298372142,48.4974851,9.2143491,apartments,residential
way,298372144,48.4975952,9.2145014,apartments,residential
way,298372151,48.4976504,9.2145779,apartments,residential
way,317859071,48.4964736,9.2121824,apartments,residential
way,317859072,48.4968031,9.2124416,apartments,residential
way,317859074,48.4968836,9.2127654,apartments,residential
way,317859075,48.4969459,9.212854,apartments,residential
way,317859076,48.4970155,9.2127425,apartments,residential
way,317908030,48.4937989,9.2086842,apartments,residential
way,317908031,48.4937238,9.2085355,apartments,residential
way,317908032,48.4938244,9.2084209,apartments,residential
way,317908033,48.4937031,9.2084938,apartments,residential
way,317908034,48.4938628,9.2096313,apartments,residential
way,317908035,48.4938315,9.2087504,apartments,residential
way,318005184,48.4913941,9.2086229,apartments,residential
way,318005185,48.491015,9.209462,apartments,residential
way,318005187,48.4931708,9.2105331,apartments,residential
way,318005189,48.4923339,9.2112737,apartments,residential
way,318005193,48.491095,9.2094758,apartments,residential
way,318013030,48.4905222,9.2112249,apartments,residential
way,318013032,48.4906183,9.2110707,apartments,residential
way,318060603,48.4887298,9.2133191,house,residential
way,318092742,48.4904856,9.2135589,apartments,residential
way,318124262,48.4899696,9.2158702,house,residential
way,318124263,48.4899173,9.2158395,house,residential
way,318124264,48.4900283,9.2159042,house,residential
way,318127899,48.4905194,9.2148155,apartments,residential
way,318192753,48.4931407,9.2128615,apartments,residential
way,318192754,48.4930781,9.2129486,house,residential
way,318192755,48.4933383,9.2124233,apartments,residential
way,318192756,48.4932425,9.2125401,apartments,residential
way,318198962,48.4930305,9.2123817,apartments,residential
way,318198966,48.4930738,9.2124761,apartments,residential
way,318198970,48.4931637,9.2115275,apartments,residential
way,318198972,48.4929805,9.2122667,apartments,residential
way,318198974,48.4910363,9.2149147,apartments,residential
way,318227624,48.4926648,9.2134291,house,residential
way,318227628,48.4925132,9.2132476,apartments,residential
way,318227630,48.4924077,9.2132444,apartments,residential
way,318227631,48.4923307,9.213337,apartments,residential
way,318274362,48.4940566,9.2103891,apartments,residential
way,318274363,48.4936608,9.2113654,apartments,residential
way,318459566,48.488899,9.1896515,house,residential
way,318459567,48.4887561,9.1894893,house,residential
way,318459568,48.4890799,9.1894489,house,residential
way,318459569,48.4890682,9.189382,house,residential
way,318459570,48.4890565,9.1893151,house,residential
way,318459571,48.4871831,9.190451,house,residential
way,318459573,48.4870962,9.1902684,house,residential
way,318459574,48.4870955,9.1901769,house,residential
way,318459575,48.48691,9.1900561,house,residential
way,318459576,48.4869102,9.1899687,house,residential
way,318459577,48.4869104,9.1898761,house,residential
way,318459578,48.4868977,9.1897891,house,residential
way,318459579,48.4871325,9.1899914,house,residential
way,318459580,48.4871332,9.1898987,house,residential
way,318459581,48.487134,9.1898078,house,residential
way,318459582,48.4871202,9.1897207,house,residential
way,318459583,48.486785,9.1896229,house,residential
way,318459584,48.4867852,9.1895354,house,residential
way,318459585,48.4867854,9.1894397,house,residential
way,318459586,48.4867714,9.1893457,house,residential
way,318459587,48.48701,9.1895568,house,residential
way,318459588,48.4870096,9.1894693,house,residential
way,318459589,48.4870091,9.1893756,house,residential
way,318459590,48.4869942,9.189284,house,residential
way,326861731,48.5022052,9.1913046,apartments,residential
way,326864081,48.4968108,9.1987186,apartments,residential
way,337474161,48.4992589,9.1914395,apartments,residential
way,337474167,48.5000956,9.1917239,apartments,residential
way,337474177,48.5001494,9.1915288,apartments,residential
way,337474182,48.499329,9.1911849,apartments,residential
way,365440121,48.5035931,9.1863095,detached,residential
way,365601748,48.4918812,9.1856667,house,residential
way,365601753,48.4914449,9.1844928,house,residential
way,365601755,48.4915764,9.1832723,detached,residential
way,366949918,48.4957669,9.2013457,apartments,residential
way,370038561,48.4923623,9.1979219,apartments,residential
way,384652852,48.4870594,9.2148111,apartments,residential
way,384652854,48.4870787,9.214345,apartments,residential
way,384652855,48.4867381,9.2140991,apartments,residential
way,384652856,48.4868406,9.2137015,apartments,residential
way,384652857,48.4872842,9.2138149,apartments,residential
way,384652858,48.4871889,9.2140878,apartments,residential
way,385067679,48.5003924,9.2020611,terrace,residential
way,385067680,48.5004502,9.2020688,terrace,residential
way,385067681,48.5005081,9.2020766,terrace,residential
way,385067682,48.5005659,9.2020843,terrace,residential
way,385067683,48.5006237,9.2020921,terrace,residential
way,385067684,48.5006815,9.2020998,terrace,residential
way,385067685,48.5007394,9.2021076,terrace,residential
way,385067686,48.5007972,9.2021153,terrace,residential
way,385067687,48.500855,9.2021231,terrace,residential
way,385067688,48.5009128,9.2021308,terrace,residential
way,385067689,48.5009847,9.2022695,house,residential
way,386057619,48.4980349,9.2139318,apartments,residential
way,386057620,48.4981205,9.2137751,apartments,residential
way,386057626,48.4982714,9.2142556,apartments,residential
way,386057627,48.4983604,9.2140865,apartments,residential
way,386057629,48.4985132,9.2145578,apartments,residential
way,386057630,48.4986126,9.2143728,apartments,residential
way,393178797,48.4928694,9.1978251,apartments,residential
way,393178798,48.4928468,9.1981484,apartments,residential
way,393178799,48.4880004,9.2299745,house,residential
way,393178800,48.4933224,9.1975094,house,residential
way,393178801,48.4932682,9.1975073,house,residential
way,393178802,48.4932147,9.1975052,house,residential
way,393178803,48.4931592,9.1975031,house,residential
way,393178804,48.4933519,9.1978446,apartments,residential
way,393178805,48.4875822,9.2289436,house,residential
way,393178806,48.487601,9.2290255,house,residential
way,393178807,48.4930497,9.1974985,house,residential
way,393178808,48.4929951,9.1974966,house,residential
way,393178809,48.4929408,9.1974947,house,residential
way,393178810,48.4928855,9.1974928,house,residential
way,393178811,48.4932839,9.1981648,apartments,residential
way,393178812,48.4927757,9.1974883,house,residential
way,393178813,48.4927218,9.1974862,house,residential
way,393178814,48.4926675,9.1974841,house,residential
way,393178815,48.4926122,9.1974819,house,residential
way,393178816,48.4931106,9.1978351,apartments,residential
way,393178817,48.492476,9.1974832,house,residential
way,393178818,48.4924228,9.197498,house,residential
way,393178819,48.4923696,9.1975128,house,residential
way,393178820,48.492315,9.197528,house,residential
way,393178821,48.4930658,9.1981573,apartments,residential
way,407106705,48.4968932,9.2044608,apartments,residential
way,407106706,48.4967739,9.2040302,apartments,residential
way,407106707,48.4963347,9.2043769,apartments,residential
way,407106708,48.4964,9.2044721,apartments,residential
way,407106709,48.4964653,9.2045673,apartments,residential
way,407106710,48.4965213,9.2042717,apartments,residential
way,407106711,48.4965799,9.2044153,apartments,residential
way,409066626,48.5018582,9.182222,apartments,residential
way,409066629,48.4970007,9.1864869,apartments,residential
way,430512260,48.4878952,9.1836093,house,residential
way,430512261,48.4879039,9.1837312,house,residential
way,430512262,48.4879029,9.1832767,house,residential
way,430512263,48.4879332,9.183385,house,residential
way,430512265,48.4884738,9.1838614,house,residential
way,430512266,48.4884738,9.1838614,house,residential
way,470027498,48.4921775,9.2239921,apartments,residential
way,481345031,48.4932164,9.1925618,apartments,residential
way,496387007,48.4924338,9.198504,apartments,residential
way,496387008,48.4923983,9.1982123,apartments,residential
way,503015631,48.5010708,9.2271076,residential,residential
way,503015632,48.5007445,9.2271757,residential,residential
way,503015633,48.5008675,9.226884,residential,residential
way,503015634,48.5006079,9.226681,residential,residential
way,531097776,48.4868344,9.2287563,house,residential
way,531097777,48.4869144,9.2284882,house,residential
way,531097778,48.4869251,9.2281875,house,residential
way,531097779,48.4871225,9.2287121,house,residential
way,531097780,48.4871197,9.2284332,house,residential
way,531097781,48.4871172,9.2281542,house,residential
way,531097782,48.4869153,9.228574,house,residential
way,531097783,48.4869258,9.2282735,house,residential
way,531097784,48.4871235,9.2287988,house,residential
way,531097785,48.4871207,9.2285197,house,residential
way,531097786,48.4871181,9.2282401,house,residential
way,531097787,48.4875084,9.2286238,house,residential
way,531097788,48.4875269,9.2287038,house,residential
way,531097789,48.4874285,9.2282781,house,residential
way,531097790,48.487447,9.2283585,house,residential
way,531097791,48.4875457,9.2287847,house,residential
way,531097792,48.4874659,9.2284403,house,residential
way,531097793,48.4868518,9.2292598,house,residential
way,531097794,48.4870338,9.2291645,house,residential
way,531097795,48.4872156,9.2290692,house,residential
way,531097796,48.4873978,9.2289744,house,residential
way,531097797,48.4867976,9.2292885,house,residential
way,531097798,48.4869793,9.2291932,house,residential
way,531097799,48.4871615,9.2290976,house,residential
way,531097800,48.4873436,9.2290029,house,residential
way,534226249,48.4869477,9.2287549,house,residential
way,534226250,48.4868914,9.228755,house,residential
way,559335849,48.4989968,9.1860697,apartments,residential
way,562995791,48.4888445,9.2112575,apartments,residential
way,653695265,48.4961406,9.2045079,apartments,residential
way,687419820,48.4872929,9.2217545,house,residential
way,688723211,48.4884882,9.2203134,house,residential
way,688723212,48.4884557,9.2202699,house,residential
way,688723213,48.4883622,9.2201322,house,residential
way,688723214,48.4883948,9.2201757,house,residential
way,693440643,48.4888312,9.2274094,apartments,residential
way,693440644,48.4889972,9.227154,apartments,residential
way,693440685,48.4885663,9.2282455,apartments,residential
way,693440686,48.488269,9.2284245,apartments,residential
way,693440691,48.4872019,9.231758,house,residential
way,693440692,48.4872696,9.2316865,house,residential
way,693440693,48.4875844,9.2316138,house,residential
way,693440694,48.4876371,9.2315325,house,residential
way,693440702,48.4876232,9.2305796,house,residential
way,693440703,48.487556,9.2306318,house,residential
way,693440707,48.4881894,9.2326853,house,residential
way,693440708,48.4882149,9.2325908,house,residential
way,711848530,48.5018779,9.1903201,detached,residential
way,712698725,48.4911182,9.2031562,apartments,residential
way,724620917,48.500807,9.1852087,apartments,residential
way,724665409,48.5009828,9.1995571,apartments,residential
way,724665410,48.5014391,9.2001003,apartments,residential
way,724665411,48.5016563,9.1992848,apartments,residential
way,724665412,48.5017227,9.1993937,apartments,residential
way,820145636,48.50346,9.1919011,house,residential
way,820145638,48.5033329,9.1919293,house,residential
way,820145640,48.5032073,9.1919552,house,residential
way,928625308,48.5012454,9.1995939,apartments,residential
way,929878816,48.4868566,9.1874902,apartments,residential
way,941079588,48.498586,9.2183845,apartments,residential
way,944968512,48.4912918,9.2124516,apartments,residential
way,961526919,48.5010128,9.2003654,apartments,residential
way,961526920,48.5008227,9.1999053,apartments,residential
way,961526921,48.5013342,9.1995105,apartments,residential
way,1056186910,48.4993288,9.2046409,apartments,residential
way,1082745169,48.4868616,9.2334778,house,residential
way,1082745170,48.4868496,9.2335681,house,residential
way,1082745172,48.4870346,9.2338879,house,residential
way,1082745173,48.4870273,9.2339794,house,residential
way,1082745174,48.4868046,9.2338799,house,residential
way,1082745175,48.4867975,9.2339718,house,residential
way,1132260932,48.5012368,9.20088,apartments,residential
way,1132260933,48.5014122,9.2007146,apartments,residential
way,1132260934,48.5014204,9.2010631,apartments,residential
way,1132260935,48.5015973,9.2010834,apartments,residential
way,1132260936,48.5015905,9.2014753,apartments,residential
way,1132260937,48.5017552,9.201501,apartments,residential
way,1157384276,48.4952509,9.2180044,apartments,residential
way,1157393837,48.4953774,9.2176511,house,residential
way,1158288380,48.4956549,9.1835399,detached,residential
way,1158288443,48.4977018,9.1830016,apartments,residential
way,1206530468,48.4936207,9.2114146,apartments,residential
way,1280605858,48.4901183,9.2229688,apartments,residential
way,1284593419,48.5022811,9.2009965,apartments,residential
way,1284593420,48.5025646,9.2009424,apartments,residential
way,1284593421,48.5020413,9.2007547,apartments,residential
way,1284593422,48.5019716,9.200623,apartments,residential
way,1284593423,48.5022521,9.2005664,apartments,residential
way,1284593424,48.5021926,9.2004202,apartments,residential
way,1284593425,48.5018359,9.2002997,apartments,residential
way,1297732052,48.5019671,9.1885847,house,residential
way,1304219584,48.5022169,9.1989864,apartments,residential
way,24057401,48.5022169,9.1989864,public,commercial
way,24057401,48.5022169,9.1989864,public,commercial
way,24057401,48.5022169,9.1989864,public,commercial
way,24057401,48.5022169,9.1989864,public,commercial
way,24057401,48.5022169,9.1989864,public,commercial
way,24057401,48.5022169,9.1989864,public,commercial
way,24063764,48.5022169,9.1989864,parking,commercial
way,24063764,48.5022169,9.1989864,parking,commercial
way,24063764,48.5022169,9.1989864,parking,commercial
way,24063764,48.5022169,9.1989864,parking,commercial
way,24063764,48.5022169,9.1989864,parking,commercial
way,24063764,48.5022169,9.1989864,parking,commercial
way,24063764,48.5022169,9.1989864,parking,commercial
way,24063764,48.5022169,9.1989864,parking,commercial
way,24063764,48.5022169,9.1989864,parking,commercial
way,24063764,48.5022169,9.1989864,parking,commercial
way,24063764,48.5022169,9.1989864,parking,commercial
way,24063775,48.5022169,9.1989864,retail,commercial
way,24063775,48.5022169,9.1989864,retail,commercial
way,24063775,48.5022169,9.1989864,retail,commercial
way,24063775,48.5022169,9.1989864,retail,commercial
way,24063775,48.5022169,9.1989864,retail,commercial
way,24063775,48.5022169,9.1989864,retail,commercial
way,24066475,48.5022169,9.1989864,commercial,commercial
way,24066475,48.5022169,9.1989864,commercial,commercial
way,24066475,48.5022169,9.1989864,commercial,commercial
way,24066475,48.5022169,9.1989864,commercial,commercial
way,24066475,48.5022169,9.1989864,commercial,commercial
way,24066475,48.5022169,9.1989864,commercial,commercial
way,24066475,48.5022169,9.1989864,commercial,commercial
way,24066475,48.5022169,9.1989864,commercial,commercial
way,24066475,48.5022169,9.1989864,commercial,commercial
way,25850929,48.5022169,9.1989864,retail,commercial
way,25850929,48.5022169,9.1989864,retail,commercial
way,26071590,48.5022169,9.1989864,yes,commercial
way,26071590,48.5022169,9.1989864,yes,commercial
way,26071590,48.5022169,9.1989864,yes,commercial
way,26071590,48.5022169,9.1989864,yes,commercial
way,26071590,48.5022169,9.1989864,yes,commercial
way,26071590,48.5022169,9.1989864,yes,commercial
way,26071590,48.5022169,9.1989864,yes,commercial
way,26384104,48.5022169,9.1989864,yes,commercial
way,26384104,48.5022169,9.1989864,yes,commercial
way,26384104,48.5022169,9.1989864,yes,commercial
way,26384104,48.5022169,9.1989864,yes,commercial
way,26384104,48.5022169,9.1989864,yes,commercial
way,26384104,48.5022169,9.1989864,yes,commercial
way,26384104,48.5022169,9.1989864,yes,commercial
way,26544319,48.5022169,9.1989864,unknown,commercial
way,26544319,48.5022169,9.1989864,unknown,commercial
way,26544319,48.5022169,9.1989864,unknown,commercial
way,26544319,48.5022169,9.1989864,unknown,commercial
way,30556366,48.5022169,9.1989864,parking,commercial
way,30556366,48.5022169,9.1989864,parking,commercial
way,30556366,48.5022169,9.1989864,parking,commercial
way,30556366,48.5022169,9.1989864,parking,commercial
way,35873958,48.5022169,9.1989864,retail,commercial
way,35873958,48.5022169,9.1989864,retail,commercial
way,35873958,48.5022169,9.1989864,retail,commercial
way,35873958,48.5022169,9.1989864,retail,commercial
way,35873958,48.5022169,9.1989864,retail,commercial
way,35873958,48.5022169,9.1989864,retail,commercial
way,35873958,48.5022169,9.1989864,retail,commercial
way,35873958,48.5022169,9.1989864,retail,commercial
way,35873958,48.5022169,9.1989864,retail,commercial
way,35928642,48.5022169,9.1989864,supermarket,commercial
way,35928642,48.5022169,9.1989864,supermarket,commercial
way,35928642,48.5022169,9.1989864,supermarket,commercial
way,35928642,48.5022169,9.1989864,supermarket,commercial
way,35928642,48.5022169,9.1989864,supermarket,commercial
way,42355227,48.5022169,9.1989864,retail,commercial
way,42355227,48.5022169,9.1989864,retail,commercial
way,42355227,48.5022169,9.1989864,retail,commercial
way,42355227,48.5022169,9.1989864,retail,commercial
way,42355227,48.5022169,9.1989864,retail,commercial
way,42355227,48.5022169,9.1989864,retail,commercial
way,42355227,48.5022169,9.1989864,retail,commercial
way,42687297,48.5022169,9.1989864,supermarket,commercial
way,42687297,48.5022169,9.1989864,supermarket,commercial
way,42687297,48.5022169,9.1989864,supermarket,commercial
way,42687297,48.5022169,9.1989864,supermarket,commercial
way,42687297,48.5022169,9.1989864,supermarket,commercial
way,42687297,48.5022169,9.1989864,supermarket,commercial
way,42687297,48.5022169,9.1989864,supermarket,commercial
way,42687297,48.5022169,9.1989864,supermarket,commercial
way,42687297,48.5022169,9.1989864,supermarket,commercial
way,42687297,48.5022169,9.1989864,supermarket,commercial
way,42687297,48.5022169,9.1989864,supermarket,commercial
way,42687297,48.5022169,9.1989864,supermarket,commercial
way,42687297,48.5022169,9.1989864,supermarket,commercial
way,42687297,48.5022169,9.1989864,supermarket,commercial
way,42687297,48.5022169,9.1989864,supermarket,commercial
way,42687297,48.5022169,9.1989864,supermarket,commercial
way,42687297,48.5022169,9.1989864,supermarket,commercial
way,42769510,48.5022169,9.1989864,yes,commercial
way,42769510,48.5022169,9.1989864,yes,commercial
way,42769510,48.5022169,9.1989864,yes,commercial
way,42769510,48.5022169,9.1989864,yes,commercial
way,42769510,48.5022169,9.1989864,yes,commercial
way,47702441,48.5022169,9.1989864,retail,commercial
way,47702441,48.5022169,9.1989864,retail,commercial
way,47702441,48.5022169,9.1989864,retail,commercial
way,47702441,48.5022169,9.1989864,retail,commercial
way,47702441,48.5022169,9.1989864,retail,commercial
way,47702441,48.5022169,9.1989864,retail,commercial
way,47702441,48.5022169,9.1989864,retail,commercial
way,47893580,48.5022169,9.1989864,yes,commercial
way,47893580,48.5022169,9.1989864,yes,commercial
way,47893580,48.5022169,9.1989864,yes,commercial
way,47920650,48.5022169,9.1989864,unknown,commercial
way,47920650,48.5022169,9.1989864,unknown,commercial
way,47920650,48.5022169,9.1989864,unknown,commercial
way,47920650,48.5022169,9.1989864,unknown,commercial
way,47920650,48.5022169,9.1989864,unknown,commercial
way,47920650,48.5022169,9.1989864,unknown,commercial
way,47920650,48.5022169,9.1989864,unknown,commercial
way,47920650,48.5022169,9.1989864,unknown,commercial
way,47980696,48.5022169,9.1989864,unknown,commercial
way,47980696,48.5022169,9.1989864,unknown,commercial
way,47980696,48.5022169,9.1989864,unknown,commercial
way,48817644,48.5022169,9.1989864,yes,commercial
way,48817644,48.5022169,9.1989864,yes,commercial
way,48817644,48.5022169,9.1989864,yes,commercial
way,48817644,48.5022169,9.1989864,yes,commercial
way,48817644,48.5022169,9.1989864,yes,commercial
way,48817644,48.5022169,9.1989864,yes,commercial
way,48817644,48.5022169,9.1989864,yes,commercial
way,48817644,48.5022169,9.1989864,yes,commercial
way,48817847,48.5022169,9.1989864,yes,commercial
way,48817847,48.5022169,9.1989864,yes,commercial
way,48817847,48.5022169,9.1989864,yes,commercial
way,48817847,48.5022169,9.1989864,yes,commercial
way,48925643,48.5022169,9.1989864,yes,commercial
way,48925643,48.5022169,9.1989864,yes,commercial
way,48925643,48.5022169,9.1989864,yes,commercial
way,48925643,48.5022169,9.1989864,yes,commercial
way,48925643,48.5022169,9.1989864,yes,commercial
way,49177601,48.5022169,9.1989864,public,commercial
way,49177601,48.5022169,9.1989864,public,commercial
way,49177601,48.5022169,9.1989864,public,commercial
way,49177601,48.5022169,9.1989864,public,commercial
way,49177615,48.5022169,9.1989864,public,commercial
way,49177615,48.5022169,9.1989864,public,commercial
way,49177615,48.5022169,9.1989864,public,commercial
way,49177615,48.5022169,9.1989864,public,commercial
way,49177615,48.5022169,9.1989864,public,commercial
way,49177615,48.5022169,9.1989864,public,commercial
way,49180643,48.5022169,9.1989864,parking,commercial
way,49180643,48.5022169,9.1989864,parking,commercial
way,49180643,48.5022169,9.1989864,parking,commercial
way,49180643,48.5022169,9.1989864,parking,commercial
way,49180701,48.5022169,9.1989864,unknown,commercial
way,49180701,48.5022169,9.1989864,unknown,commercial
way,49180701,48.5022169,9.1989864,unknown,commercial
way,49180701,48.5022169,9.1989864,unknown,commercial
way,49180701,48.5022169,9.1989864,unknown,commercial
way,49285785,48.5022169,9.1989864,yes,commercial
way,49285785,48.5022169,9.1989864,yes,commercial
way,49285785,48.5022169,9.1989864,yes,commercial
way,49285785,48.5022169,9.1989864,yes,commercial
way,49285785,48.5022169,9.1989864,yes,commercial
way,49436796,48.5022169,9.1989864,yes,commercial
way,49436796,48.5022169,9.1989864,yes,commercial
way,49436796,48.5022169,9.1989864,yes,commercial
way,49436796,48.5022169,9.1989864,yes,commercial
way,49591794,48.5022169,9.1989864,commercial,commercial
way,49591794,48.5022169,9.1989864,commercial,commercial
way,49591794,48.5022169,9.1989864,commercial,commercial
way,49591794,48.5022169,9.1989864,commercial,commercial
way,49591794,48.5022169,9.1989864,commercial,commercial
way,49591794,48.5022169,9.1989864,commercial,commercial
way,49591794,48.5022169,9.1989864,commercial,commercial
way,49591794,48.5022169,9.1989864,commercial,commercial
way,49591794,48.5022169,9.1989864,commercial,commercial
way,49591794,48.5022169,9.1989864,commercial,commercial
way,49591802,48.5022169,9.1989864,yes,commercial
way,49591802,48.5022169,9.1989864,yes,commercial
way,49591802,48.5022169,9.1989864,yes,commercial
way,49591802,48.5022169,9.1989864,yes,commercial
way,49591802,48.5022169,9.1989864,yes,commercial
way,49591802,48.5022169,9.1989864,yes,commercial
way,49591802,48.5022169,9.1989864,yes,commercial
way,49591802,48.5022169,9.1989864,yes,commercial
way,50206133,48.5022169,9.1989864,yes,commercial
way,50206133,48.5022169,9.1989864,yes,commercial
way,50206140,48.5022169,9.1989864,yes,commercial
way,50206140,48.5022169,9.1989864,yes,commercial
way,50209947,48.5022169,9.1989864,public,commercial
way,50209947,48.5022169,9.1989864,public,commercial
way,50209947,48.5022169,9.1989864,public,commercial
way,51096720,48.5022169,9.1989864,yes,commercial
way,51096720,48.5022169,9.1989864,yes,commercial
way,51096720,48.5022169,9.1989864,yes,commercial
way,51096720,48.5022169,9.1989864,yes,commercial
way,51096720,48.5022169,9.1989864,yes,commercial
way,51096720,48.5022169,9.1989864,yes,commercial
way,51267380,48.5022169,9.1989864,yes,commercial
way,51267380,48.5022169,9.1989864,yes,commercial
way,51267380,48.5022169,9.1989864,yes,commercial
way,51267380,48.5022169,9.1989864,yes,commercial
way,51267380,48.5022169,9.1989864,yes,commercial
way,51267380,48.5022169,9.1989864,yes,commercial
way,51267380,48.5022169,9.1989864,yes,commercial
way,51267380,48.5022169,9.1989864,yes,commercial
way,51806678,48.5022169,9.1989864,civic,commercial
way,51806678,48.5022169,9.1989864,civic,commercial
way,51806678,48.5022169,9.1989864,civic,commercial
way,51806678,48.5022169,9.1989864,civic,commercial
way,51806678,48.5022169,9.1989864,civic,commercial
way,51812133,48.5022169,9.1989864,church,commercial
way,51812133,48.5022169,9.1989864,church,commercial
way,51812133,48.5022169,9.1989864,church,commercial
way,51812133,48.5022169,9.1989864,church,commercial
way,51812133,48.5022169,9.1989864,church,commercial
way,52871259,48.5022169,9.1989864,apartments,commercial
way,52871259,48.5022169,9.1989864,apartments,commercial
way,52871259,48.5022169,9.1989864,apartments,commercial
way,52871259,48.5022169,9.1989864,apartments,commercial
way,52871259,48.5022169,9.1989864,apartments,commercial
way,52871259,48.5022169,9.1989864,apartments,commercial
way,52871259,48.5022169,9.1989864,apartments,commercial
way,52872793,48.5022169,9.1989864,commercial,commercial
way,52872793,48.5022169,9.1989864,commercial,commercial
way,52872793,48.5022169,9.1989864,commercial,commercial
way,52872793,48.5022169,9.1989864,commercial,commercial
way,53441706,48.5022169,9.1989864,unknown,commercial
way,53441706,48.5022169,9.1989864,unknown,commercial
way,53441706,48.5022169,9.1989864,unknown,commercial
way,53441706,48.5022169,9.1989864,unknown,commercial
way,53441706,48.5022169,9.1989864,unknown,commercial
way,54050506,48.5022169,9.1989864,parking,commercial
way,54050506,48.5022169,9.1989864,parking,commercial
way,54050506,48.5022169,9.1989864,parking,commercial
way,54225264,48.5022169,9.1989864,yes,commercial
way,54225264,48.5022169,9.1989864,yes,commercial
way,54225264,48.5022169,9.1989864,yes,commercial
way,54225264,48.5022169,9.1989864,yes,commercial
way,54225264,48.5022169,9.1989864,yes,commercial
way,62488816,48.5022169,9.1989864,retail,commercial
way,62488816,48.5022169,9.1989864,retail,commercial
way,62488816,48.5022169,9.1989864,retail,commercial
way,62488816,48.5022169,9.1989864,retail,commercial
way,62488816,48.5022169,9.1989864,retail,commercial
way,62488816,48.5022169,9.1989864,retail,commercial
way,77090892,48.5022169,9.1989864,yes,commercial
way,77090892,48.5022169,9.1989864,yes,commercial
way,77090892,48.5022169,9.1989864,yes,commercial
way,77090892,48.5022169,9.1989864,yes,commercial
way,77090892,48.5022169,9.1989864,yes,commercial
way,77090892,48.5022169,9.1989864,yes,commercial
way,77090892,48.5022169,9.1989864,yes,commercial
way,77090892,48.5022169,9.1989864,yes,commercial
way,77090892,48.5022169,9.1989864,yes,commercial
way,77090892,48.5022169,9.1989864,yes,commercial
way,77090892,48.5022169,9.1989864,yes,commercial
way,77090892,48.5022169,9.1989864,yes,commercial
way,77090892,48.5022169,9.1989864,yes,commercial
way,77090892,48.5022169,9.1989864,yes,commercial
way,77090892,48.5022169,9.1989864,yes,commercial
way,77090892,48.5022169,9.1989864,yes,commercial
way,77090892,48.5022169,9.1989864,yes,commercial
way,77090892,48.5022169,9.1989864,yes,commercial
way,77090892,48.5022169,9.1989864,yes,commercial
way,77090892,48.5022169,9.1989864,yes,commercial
way,77090892,48.5022169,9.1989864,yes,commercial
way,77090892,48.5022169,9.1989864,yes,commercial
way,77090892,48.5022169,9.1989864,yes,commercial
way,77090892,48.5022169,9.1989864,yes,commercial
way,82708348,48.5022169,9.1989864,industrial,commercial
way,82708348,48.5022169,9.1989864,industrial,commercial
way,82708348,48.5022169,9.1989864,industrial,commercial
way,82708348,48.5022169,9.1989864,industrial,commercial
way,82708348,48.5022169,9.1989864,industrial,commercial
way,82708348,48.5022169,9.1989864,industrial,commercial
way,82708348,48.5022169,9.1989864,industrial,commercial
way,82708366,48.5022169,9.1989864,yes,commercial
way,82708366,48.5022169,9.1989864,yes,commercial
way,84273930,48.5022169,9.1989864,yes,commercial
way,84273930,48.5022169,9.1989864,yes,commercial
way,84273930,48.5022169,9.1989864,yes,commercial
way,84273930,48.5022169,9.1989864,yes,commercial
way,84273930,48.5022169,9.1989864,yes,commercial
way,84273930,48.5022169,9.1989864,yes,commercial
way,84273930,48.5022169,9.1989864,yes,commercial
way,84273930,48.5022169,9.1989864,yes,commercial
way,84273930,48.5022169,9.1989864,yes,commercial
way,84273930,48.5022169,9.1989864,yes,commercial
way,84273930,48.5022169,9.1989864,yes,commercial
way,84273930,48.5022169,9.1989864,yes,commercial
way,122049007,48.5022169,9.1989864,yes,commercial
way,122049007,48.5022169,9.1989864,yes,commercial
way,122049007,48.5022169,9.1989864,yes,commercial
way,195964634,48.5022169,9.1989864,unknown,commercial
way,195964634,48.5022169,9.1989864,unknown,commercial
way,195964634,48.5022169,9.1989864,unknown,commercial
way,195964634,48.5022169,9.1989864,unknown,commercial
way,401007207,48.5022169,9.1989864,unknown,commercial
way,401007207,48.5022169,9.1989864,unknown,commercial
way,401007207,48.5022169,9.1989864,unknown,commercial
way,401007207,48.5022169,9.1989864,unknown,commercial
way,404831440,48.5022169,9.1989864,yes,commercial
way,404831440,48.5022169,9.1989864,yes,commercial
way,404831440,48.5022169,9.1989864,yes,commercial
way,404831440,48.5022169,9.1989864,yes,commercial
way,404831440,48.5022169,9.1989864,yes,commercial
way,404831440,48.5022169,9.1989864,yes,commercial
way,404831440,48.5022169,9.1989864,yes,commercial
way,404831440,48.5022169,9.1989864,yes,commercial
way,404831440,48.5022169,9.1989864,yes,commercial
way,404831440,48.5022169,9.1989864,yes,commercial
way,404831440,48.5022169,9.1989864,yes,commercial
way,404831440,48.5022169,9.1989864,yes,commercial
way,404831440,48.5022169,9.1989864,yes,commercial
way,404831440,48.5022169,9.1989864,yes,commercial
way,404831440,48.5022169,9.1989864,yes,commercial
way,431335427,48.5022169,9.1989864,yes,commercial
way,431335427,48.5022169,9.1989864,yes,commercial
way,442208835,48.5022169,9.1989864,unknown,commercial
way,442208835,48.5022169,9.1989864,unknown,commercial
way,442208835,48.5022169,9.1989864,unknown,commercial
way,442208835,48.5022169,9.1989864,unknown,commercial
way,442208835,48.5022169,9.1989864,unknown,commercial
way,451736812,48.5022169,9.1989864,toilets,commercial
way,451736812,48.5022169,9.1989864,toilets,commercial
way,451736812,48.5022169,9.1989864,toilets,commercial
way,451736812,48.5022169,9.1989864,toilets,commercial
way,451736812,48.5022169,9.1989864,toilets,commercial
way,451736812,48.5022169,9.1989864,toilets,commercial
way,482094979,48.5022169,9.1989864,unknown,commercial
way,482094979,48.5022169,9.1989864,unknown,commercial
way,482094979,48.5022169,9.1989864,unknown,commercial
way,482094979,48.5022169,9.1989864,unknown,commercial
way,482094980,48.5022169,9.1989864,unknown,commercial
way,482094980,48.5022169,9.1989864,unknown,commercial
way,482094980,48.5022169,9.1989864,unknown,commercial
way,482094980,48.5022169,9.1989864,unknown,commercial
way,561988327,48.5022169,9.1989864,office,commercial
way,561988327,48.5022169,9.1989864,office,commercial
way,561988327,48.5022169,9.1989864,office,commercial
way,566783089,48.5022169,9.1989864,unknown,commercial
way,566783089,48.5022169,9.1989864,unknown,commercial
way,566783089,48.5022169,9.1989864,unknown,commercial
way,566783089,48.5022169,9.1989864,unknown,commercial
way,566783089,48.5022169,9.1989864,unknown,commercial
way,566783089,48.5022169,9.1989864,unknown,commercial
way,566783089,48.5022169,9.1989864,unknown,commercial
way,566783089,48.5022169,9.1989864,unknown,commercial
way,566783089,48.5022169,9.1989864,unknown,commercial
way,566783089,48.5022169,9.1989864,unknown,commercial
way,566783089,48.5022169,9.1989864,unknown,commercial
way,566783089,48.5022169,9.1989864,unknown,commercial
way,566783089,48.5022169,9.1989864,unknown,commercial
way,585478614,48.5022169,9.1989864,parking,commercial
way,585478614,48.5022169,9.1989864,parking,commercial
way,585478614,48.5022169,9.1989864,parking,commercial
way,585478614,48.5022169,9.1989864,parking,commercial
way,585478614,48.5022169,9.1989864,parking,commercial
way,585478614,48.5022169,9.1989864,parking,commercial
way,585478614,48.5022169,9.1989864,parking,commercial
way,585478614,48.5022169,9.1989864,parking,commercial
way,585478614,48.5022169,9.1989864,parking,commercial
way,703348810,48.5022169,9.1989864,unknown,commercial
way,703348810,48.5022169,9.1989864,unknown,commercial
way,703348810,48.5022169,9.1989864,unknown,commercial
way,703348810,48.5022169,9.1989864,unknown,commercial
way,1265542414,48.5022169,9.1989864,unknown,commercial
way,1265542414,48.5022169,9.1989864,unknown,commercial
way,1265542414,48.5022169,9.1989864,unknown,commercial
way,1265542414,48.5022169,9.1989864,unknown,commercial
way,1265542414,48.5022169,9.1989864,unknown,commercial
way,1265542414,48.5022169,9.1989864,unknown,commercial
way,1265542414,48.5022169,9.1989864,unknown,commercial
way,1265542414,48.5022169,9.1989864,unknown,commercial
way,1265542414,48.5022169,9.1989864,unknown,commercial
way,1265542414,48.5022169,9.1989864,unknown,commercial
way,1396233535,48.5022169,9.1989864,unknown,commercial
way,1396233535,48.5022169,9.1989864,unknown,commercial
way,1396233535,48.5022169,9.1989864,unknown,commercial
way,1396233535,48.5022169,9.1989864,unknown,commercial
way,1396233535,48.5022169,9.1989864,unknown,commercial
way,1396233536,48.5022169,9.1989864,unknown,commercial
way,1396233536,48.5022169,9.1989864,unknown,commercial
way,1396233536,48.5022169,9.1989864,unknown,commercial
way,1396233536,48.5022169,9.1989864,unknown,commercial
way,1396233536,48.5022169,9.1989864,unknown,commercial
way,1396233539,48.5022169,9.1989864,unknown,commercial
way,1396233539,48.5022169,9.1989864,unknown,commercial
way,1396233539,48.5022169,9.1989864,unknown,commercial
way,1396233539,48.5022169,9.1989864,unknown,commercial
