{"type":"FeatureCollection","features":[
{"type":"Feature","geometry":{"type":"Point","coordinates":[9.1955175,48.4802263]},"properties":{"bus":"yes","name":"Kreuzeiche","public_transport":"stop_position"}},
{"type":"Feature","geometry":{"type":"Point","coordinates":[9.2183961,48.4888422]},"properties":{"highway":"traffic_signals"}},
{"type":"Feature","geometry":{"type":"Point","coordinates":[9.2062153,48.5037239]},"properties":{"button_operated":"no","crossing":"traffic_signals","highway":"traffic_signals","tactile_paving":"no","traffic_signals:sound":"no","traffic_signals:vibration":"no"}},
{"type":"Feature","geometry":{"type":"Point","coordinates":[9.2049247,48.5005846]},"properties":{"TMC:cid_58:tabcd_1:Class":"Point","TMC:cid_58:tabcd_1:Direction":"positive","TMC:cid_58:tabcd_1:LCLversion":"8.00","TMC:cid_58:tabcd_1:LocationCode":"23723","TMC:cid_58:tabcd_1:NextLocationCode":"42177","button_operated":"yes","crossing":"traffic_signals","highway":"crossing","kerb":"lowered","name":"Rommelsbacher Straße/Schiefer Straße","tactile_paving":"no","traffic_signals:sound":"yes","traffic_signals:vibration":"no"}},
{"type":"Feature","geometry":{"type":"Point","coordinates":[9.1949459,48.5072288]},"properties":{"bus":"yes","name":"Justinus-Kerner-Straße","network":"naldo","public_transport":"stop_position","survey:date":"2020-09-16"}},
{"type":"Feature","geometry":{"type":"Point","coordinates":[9.1970588,48.5038341]},"properties":{"crossing":"no"}},
{"type":"Feature","geometry":{"type":"Point","coordinates":[9.1948804,48.4802383]},"properties":{"crossing":"traffic_signals","highway":"crossing","tactile_paving":"no"}},
{"type":"Feature","geometry":{"type":"Point","coordinates":[9.1943996,48.495056]},"properties":{"highway":"traffic_signals","traffic_signals:direction":"backward"}},
{"type":"Feature","geometry":{"type":"Point","coordinates":[9.2045517,48.4982522]},"properties":{"button_operated":"yes","crossing":"traffic_signals","highway":"traffic_signals","tactile_paving":"no","traffic_signals:sound":"yes","traffic_signals:vibration":"no"}},
{"type":"Feature","geometry":{"type":"Point","coordinates":[9.1980255,48.5019738]},"properties":{"bus":"yes","name":"Am Schieferbuckel","public_transport":"stop_position","survey:date":"2020-09-16"}},
{"type":"Feature","geometry":{"type":"Point","coordinates":[9.1991537,48.4933855]},"properties":{"button_operated":"yes","crossing":"traffic_signals","crossing:island":"no","highway":"crossing","kerb":"lowered","tactile_paving":"no","traffic_signals:sound":"no","traffic_signals:vibration":"yes"}},
{"type":"Feature","geometry":{"type":"Point","coordinates":[9.200964,48.4927582]},"properties":{"button_operated":"yes","crossing":"traffic_signals","crossing:island":"no","highway":"crossing","tactile_paving":"no","traffic_signals:sound":"no","traffic_signals:vibration":"no"}},
{"type":"Feature","geometry":{"type":"Point","coordinates":[9.2060077,48.5025573]},"properties":{"bus":"yes","name":"Reutlingen Schieferstraße","public_transport":"stop_position"}},
{"type":"Feature","geometry":{"type":"Point","coordinates":[9.1937982,48.508025]},"properties":{"name":"Betzingen","traffic_sign":"city_limit"}},
{"type":"Feature","geometry":{"type":"Point","coordinates":[9.2053085,48.4804084]},"properties":{"barrier":"bollard","bicycle":"yes","foot":"yes"}},
{"type":"Feature","geometry":{"type":"Point","coordinates":[9.2049175,48.4802093]},"properties":{"barrier":"bollard","bicycle":"yes","bollard":"foldable","foot":"yes"}},
{"type":"Feature","geometry":{"type":"Point","coordinates":[9.2045253,48.4983867]},"properties":{"bus":"yes","name":"Reutlingen Friedhof U. d. Linden","public_transport":"stop_position"}},
{"type":"Feature","geometry":{"type":"Point","coordinates":[9.2177873,48.4893024]},"properties":{"bus":"yes","name":"Burgplatz/Achalmbad","public_transport":"stop_position"}},
{"type":"Feature","geometry":{"type":"Point","coordinates":[9.2048404,48.5004821]},"properties":{"highway":"traffic_signals","traffic_signals:direction":"forward"}},
{"type":"Feature","geometry":{"type":"Point","coordinates":[9.2132005,48.504952]},"properties":{"check_date:tactile_paving":"2024-02-03","crossing":"uncontrolled","crossing:island":"no","highway":"crossing","kerb":"lowered","tactile_paving":"no"}},
{"type":"Feature","geometry":{"type":"Point","coordinates":[9.2013971,48.4928287]},"properties":{"bus":"yes","name":"Reutlingen Westbahnhof","network":"naldo","public_transport":"stop_position"}},
{"type":"Feature","geometry":{"type":"Point","coordinates":[9.1949195,48.4948708]},"properties":{"bus":"yes","name":"Reutlingen Bösmannsäcker","network":"naldo","public_transport":"stop_position","ref:IFOPT":"de:08415:29110:0:2","ref:IFOPT:description":"FR Reutlingen Stadtmitte"}},
{"type":"Feature","geometry":{"type":"Point","coordinates":[9.1943133,48.4952434]},"properties":{"button_operated":"yes","crossing":"traffic_signals","crossing:island":"no","highway":"crossing","tactile_paving":"no","traffic_signals:sound":"no","traffic_signals:vibration":"no"}},
{"type":"Feature","geometry":{"type":"Point","coordinates":[9.2053936,48.4951681]},"properties":{"button_operated":"yes","crossing":"traffic_signals","crossing:island":"yes","highway":"crossing","kerb":"lowered","tactile_paving":"no","traffic_signals:sound":"yes","traffic_signals:vibration":"no"}},
{"type":"Feature","geometry":{"type":"Point","coordinates":[9.2274,48.4908355]},"properties":{"noexit":"yes"}},
{"type":"Feature","geometry":{"type":"Point","coordinates":[9.1971393,48.5036317]},"properties":{"button_operated":"yes","crossing":"traffic_signals","highway":"traffic_signals","survey:date":"2020-09-16","tactile_paving":"no","traffic_signals:sound":"no","traffic_signals:vibration":"no"}},
{"type":"Feature","geometry":{"type":"Point","coordinates":[9.1964198,48.4983304]},"properties":{"crossing:island":"yes","crossing:markings":"yes","crossing:signals":"no","highway":"crossing","kerb":"lowered","tactile_paving":"no"}},
{"type":"Feature","geometry":{"type":"Point","coordinates":[9.2082925,48.486974]},"properties":{"traffic_calming":"bump"}},
{"type":"Feature","geometry":{"type":"Point","coordinates":[9.1946085,48.5074717]},"properties":{"bus":"yes","name":"Justinus-Kerner-Straße","network":"naldo","public_transport":"stop_position","shelter":"no","survey:date":"2020-09-16"}},
{"type":"Feature","geometry":{"type":"Point","coordinates":[9.1881124,48.5003161]},"properties":{"button_operated":"yes","crossing":"traffic_signals","crossing:island":"no","highway":"crossing","kerb":"lowered","survey:date":"2020-09-16","tactile_paving":"no","traffic_signals:sound":"no","traffic_signals:vibration":"no"}},
{"type":"Feature","geometry":{"type":"Point","coordinates":[9.1982991,48.4936886]},"properties":{"bus":"yes","name":"Reutlingen Lohmühlestraße","network":"naldo","public_transport":"stop_position","ref:IFOPT":"de:08415:29143:0:2","ref:IFOPT:description":"FR Reutlingen Stadtmitte"}},
{"type":"Feature","geometry":{"type":"Point","coordinates":[9.1965243,48.5050558]},"properties":{"bus":"yes","name":"Kirchsteig","network":"naldo","public_transport":"stop_position","survey:date":"2020-09-16"}},
{"type":"Feature","geometry":{"type":"Point","coordinates":[9.1660272,48.4972596]},"properties":{"highway":"traffic_signals","traffic_signals:direction":"forward"}},
{"type":"Feature","geometry":{"type":"Point","coordinates":[9.1657417,48.4970893]},"properties":{"highway":"traffic_signals","traffic_signals:direction":"backward"}},
{"type":"Feature","geometry":{"type":"Point","coordinates":[9.1941021,48.5082335]},"properties":{"name":"Reutlingen","traffic_sign":"city_limit"}},
{"type":"Feature","geometry":{"type":"Point","coordinates":[9.198225,48.5018092]},"properties":{"highway":"traffic_signals","survey:date":"2020-09-16"}},
{"type":"Feature","geometry":{"type":"Point","coordinates":[9.1793436,48.495337]},"properties":{"bus":"yes","name":"Betzingen Zeppelinstraße","network":"naldo","public_transport":"stop_position","ref:IFOPT":"de:08415:29353:0:1","ref:IFOPT:description":"FR RT Mark West/Jettenburg"}},
{"type":"Feature","geometry":{"type":"Point","coordinates":[9.195775,48.4962125]},"properties":{"highway":"traffic_signals","traffic_signals:direction":"backward"}},
{"type":"Feature","geometry":{"type":"Point","coordinates":[9.20937,48.4789689]},"properties":{"bus":"yes","name":"Stämmesäcker","public_transport":"stop_position"}},
{"type":"Feature","geometry":{"type":"Point","coordinates":[9.1869323,48.4944751]},"properties":{"bus":"yes","name":"Reutlingen Stadtwerke","network":"naldo","public_transport":"stop_position","ref:IFOPT":"de:08415:29260:0:1","ref:IFOPT:description":"FR Betzingen"}},
{"type":"Feature","geometry":{"type":"Point","coordinates":[9.1885004,48.5001833]},"properties":{"bus":"yes","name":"Eckenerstraße","public_transport":"stop_position","survey:date":"2020-09-16"}},
{"type":"Feature","geometry":{"type":"Point","coordinates":[9.1954059,48.4961466]},"properties":{"highway":"traffic_signals"}},
{"type":"Feature","geometry":{"type":"Point","coordinates":[9.1945928,48.4982658]},"properties":{"bus":"yes","check_date":"2020-09-16","name":"Gmindersdorf","network":"naldo","public_transport":"stop_position","survey:date":"2020-09-16"}},
{"type":"Feature","geometry":{"type":"Point","coordinates":[9.194218,48.4983309]},"properties":{"button_operated":"yes","crossing":"traffic_signals","crossing:island":"no","highway":"crossing","kerb":"lowered","survey:date":"2020-09-16","tactile_paving":"no","traffic_signals:sound":"no","traffic_signals:vibration":"yes"}},
{"type":"Feature","geometry":{"type":"Point","coordinates":[9.1915292,48.4989983]},"properties":{"button_operated":"yes","check_date":"2020-09-16","crossing":"traffic_signals","crossing:island":"no","highway":"crossing","kerb":"lowered","survey:date":"2020-09-16","tactile_paving":"no","traffic_signals:sound":"no","traffic_signals:vibration":"no"}},
{"type":"Feature","geometry":{"type":"Point","coordinates":[9.1875894,48.500483]},"properties":{"bus":"yes","name":"Eckenerstraße","public_transport":"stop_position","survey:date":"2020-09-16"}},
{"type":"Feature","geometry":{"type":"Point","coordinates":[9.2046284,48.4768372]},"properties":{"crossing":"uncontrolled","crossing:island":"no","crossing_ref":"zebra","highway":"crossing","kerb":"lowered","tactile_paving":"no"}},
{"type":"Feature","geometry":{"type":"Point","coordinates":[9.2047368,48.4769481]},"properties":{"bus":"yes","name":"Katzensteg","public_transport":"stop_position"}},
{"type":"Feature","geometry":{"type":"Point","coordinates":[9.2049575,48.4771542]},"properties":{"bus":"yes","name":"Katzensteg","public_transport":"stop_position"}},
{"type":"Feature","geometry":{"type":"Point","coordinates":[9.2070542,48.4782511]},"properties":{"crossing":"uncontrolled","crossing:island":"no","crossing_ref":"zebra","highway":"crossing","kerb":"lowered","tactile_paving":"no"}},
{"type":"Feature","geometry":{"type":"Point","coordinates":[9.2085529,48.4786833]},"properties":{"crossing":"uncontrolled","crossing:island":"no","highway":"crossing"}},
{"type":"Feature","geometry":{"type":"Point","coordinates":[9.1983673,48.5017079]},"properties":{"bus":"yes","name":"Am Schieferbuckel","public_transport":"stop_position","survey:date":"2020-09-16"}},
{"type":"Feature","geometry":{"type":"Point","coordinates":[9.2060487,48.5019292]},"properties":{"highway":"traffic_signals","traffic_signals:direction":"backward"}},
{"type":"Feature","geometry":{"type":"Point","coordinates":[9.2060085,48.5019403]},"properties":{"button_operated":"yes","crossing":"traffic_signals","crossing:island":"no","highway":"crossing","tactile_paving":"no","traffic_signals:sound":"yes","traffic_signals:vibration":"yes"}},
{"type":"Feature","geometry":{"type":"Point","coordinates":[9.2059479,48.502221]},"properties":{"button_operated":"yes","crossing":"traffic_signals","highway":"crossing","tactile_paving":"no","traffic_signals:sound":"yes","traffic_signals:vibration":"no"}},
{"type":"Feature","geometry":{"type":"Point","coordinates":[9.2012416,48.4927886]},"properties":{"button_operated":"yes","crossing":"traffic_signals","crossing:island":"no","crossing_ref":"toucan","highway":"crossing","kerb":"lowered","tactile_paving":"no","traffic_signals:sound":"no","traffic_signals:vibration":"no"}},
{"type":"Feature","geometry":{"type":"Point","coordinates":[9.1942923,48.4802948]},"properties":{"bus":"yes","name":"Kreuzeiche","public_transport":"stop_position"}},
{"type":"Feature","geometry":{"type":"Point","coordinates":[9.1962227,48.4803361]},"properties":{"button_operated":"yes","crossing":"traffic_signals","crossing:island":"yes","highway":"crossing","kerb":"lowered","tactile_paving":"no"}},
{"type":"Feature","geometry":{"type":"Point","coordinates":[9.208131,48.4868954]},"properties":{"traffic_calming":"bump"}},
{"type":"Feature","geometry":{"type":"Point","coordinates":[9.2053497,48.4951655]},"properties":{"highway":"traffic_signals","traffic_signals:direction":"backward"}},
{"type":"Feature","geometry":{"type":"Point","coordinates":[9.2061549,48.503308]},"properties":{"button_operated":"yes","check_date:tactile_paving":"2023-09-20","crossing":"traffic_signals","highway":"traffic_signals","tactile_paving":"no","traffic_signals:sound":"yes","traffic_signals:vibration":"no"}},
{"type":"Feature","geometry":{"type":"Point","coordinates":[9.1955562,48.506754]},"properties":{"highway":"traffic_signals","survey:date":"2020-09-16"}},
{"type":"Feature","geometry":{"type":"Point","coordinates":[9.196763,48.5043156]},"properties":{"crossing":"no"}},
{"type":"Feature","geometry":{"type":"Point","coordinates":[9.2160167,48.5072419]},"properties":{"highway":"traffic_signals"}},
{"type":"Feature","geometry":{"type":"Point","coordinates":[9.1979544,48.4938144]},"properties":{"bus":"yes","name":"Reutlingen Lohmühlestraße","network":"naldo","public_transport":"stop_position","ref:IFOPT":"de:08415:29143:0:1","ref:IFOPT:description":"FR Betzingen"}},
{"type":"Feature","geometry":{"type":"Point","coordinates":[9.1949876,48.4948467]},"properties":{"bus":"yes","name":"Reutlingen Bösmannsäcker","network":"naldo","public_transport":"stop_position","ref:IFOPT":"de:08415:29110:0:1","ref:IFOPT:description":"FR Betzingen"}},
{"type":"Feature","geometry":{"type":"Point","coordinates":[9.2028252,48.4775017]},"properties":{"check_date:tactile_paving":"2021-05-20","crossing":"unmarked","crossing:island":"yes","crossing:markings":"no","highway":"crossing","kerb":"raised","tactile_paving":"no"}},
{"type":"Feature","geometry":{"type":"Point","coordinates":[9.1761129,48.4959116]},"properties":{"note":"hängt am ersten Oberleitungsmasten südöstlich des Bahnsteigendes","operator":"DB Netz","railway":"milestone","railway:milestone:catenary_mast":"yes","railway:milestone:emergency_brake_override":"no","railway:position":"37.4","railway:position:exact":"37.423","source":"bing; estimate; extrapolate; survey"}},
{"type":"Feature","geometry":{"type":"Point","coordinates":[9.1923305,48.5072154]},"properties":{"bus":"yes","public_transport":"stop_position","survey:date":"2020-09-16"}},
{"type":"Feature","geometry":{"type":"Point","coordinates":[9.2175125,48.4895906]},"properties":{"bus":"yes","name":"Burgplatz/Achalmbad","public_transport":"stop_position"}},
{"type":"Feature","geometry":{"type":"Point","coordinates":[9.1940072,48.4983654]},"properties":{"bus":"yes","name":"Gmindersdorf","network":"naldo","public_transport":"stop_position","survey:date":"2020-09-16"}},
{"type":"Feature","geometry":{"type":"Point","coordinates":[9.1965411,48.5049544]},"properties":{"bus":"yes","name":"Kirchsteig","network":"naldo","public_transport":"stop_position","survey:date":"2020-09-16"}},
{"type":"Feature","geometry":{"type":"Point","coordinates":[9.2082515,48.4869568]},"properties":{"crossing":"uncontrolled","crossing:island":"no","highway":"crossing","tactile_paving":"no"}},
{"type":"Feature","geometry":{"type":"Point","coordinates":[9.1659993,48.4972444]},"properties":{"button_operated":"yes","crossing":"traffic_signals","crossing:island":"no","highway":"crossing","tactile_paving":"no","traffic_signals:sound":"no","traffic_signals:vibration":"no"}},
{"type":"Feature","geometry":{"type":"Point","coordinates":[9.1708221,48.4997867]},"properties":{"barrier":"gate","bicycle":"no","foot":"yes","horse":"no","motor_vehicle":"no"}},
{"type":"Feature","geometry":{"type":"Point","coordinates":[9.1943112,48.4950858]},"properties":{"button_operated":"no","crossing":"traffic_signals","crossing:island":"yes","highway":"crossing","tactile_paving":"no","traffic_signals:sound":"yes","traffic_signals:vibration":"yes"}},
{"type":"Feature","geometry":{"type":"Point","coordinates":[9.208568,48.4829577]},"properties":{"crossing:island":"no","crossing:markings":"no","crossing:signals":"no","highway":"crossing","tactile_paving":"no"}},
{"type":"Feature","geometry":{"type":"Point","coordinates":[9.1870426,48.494446]},"properties":{"bus":"yes","name":"Reutlingen Stadtwerke","network":"naldo","public_transport":"stop_position","ref:IFOPT":"de:08415:29260:0:2","ref:IFOPT:description":"FR Reutlingen Stadtmitte"}},
{"type":"Feature","geometry":{"type":"Point","coordinates":[9.2081477,48.486904]},"properties":{"direction":"forward","highway":"give_way"}},
{"type":"Feature","geometry":{"type":"Point","coordinates":[9.2082099,48.4869353]},"properties":{"direction":"backward","highway":"give_way"}},
{"type":"Feature","geometry":{"type":"Point","coordinates":[9.1708998,48.5002232]},"properties":{"barrier":"gate","bicycle":"no","foot":"yes","horse":"no","motor_vehicle":"no"}},
{"type":"Feature","geometry":{"type":"Point","coordinates":[9.2122214,48.5037968]},"properties":{"crossing":"uncontrolled","crossing:island":"yes","crossing:markings":"yes","highway":"crossing","kerb":"lowered","tactile_paving":"no"}},
{"type":"Feature","geometry":{"type":"Point","coordinates":[9.211905,48.5038336]},"properties":{"crossing":"uncontrolled","crossing:island":"yes","crossing:markings":"yes","highway":"crossing","kerb":"lowered","tactile_paving":"no"}},
{"type":"Feature","geometry":{"type":"Point","coordinates":[9.2050898,48.5006818]},"properties":{"button_operated":"yes","crossing":"traffic_signals","highway":"crossing","tactile_paving":"no","traffic_signals:sound":"yes","traffic_signals:vibration":"yes"}},
{"type":"Feature","geometry":{"type":"Point","coordinates":[9.1954608,48.4961799]},"properties":{"button_operated":"yes","crossing":"traffic_signals","highway":"crossing","tactile_paving":"no","traffic_signals:sound":"yes","traffic_signals:vibration":"yes"}},
{"type":"Feature","geometry":{"type":"Point","coordinates":[9.2182792,48.4889132]},"properties":{"button_operated":"yes","crossing":"traffic_signals","crossing:island":"no","crossing:markings":"dashes","highway":"crossing","kerb":"lowered","tactile_paving":"no"}},
{"type":"Feature","geometry":{"type":"LineString","coordinates":[[9.1761129,48.4959116],[9.1764011,48.4957745],[9.1776845,48.4951655],[9.1783442,48.494854],[9.1777652,48.49421],[9.1770357,48.4938087],[9.1764838,48.49369],[9.1748552,48.4933619],[9.1738901,48.4933566],[9.1723726,48.4936209],[9.1715283,48.4938859],[9.1709444,48.4941106],[9.1704751,48.4943327],[9.1700244,48.4945596],[9.1686685,48.4952405],[9.1684876,48.4953262],[9.168035,48.4955406],[9.1659379,48.4965363],[9.1653017,48.4967634],[9.1654747,48.4969047],[9.1655266,48.4969433],[9.165631,48.4970166],[9.1657417,48.4970893],[9.1658271,48.4971423],[9.1659243,48.497202],[9.1659993,48.4972444],[9.1660272,48.4972596],[9.1661704,48.4973342],[9.166286,48.4975926],[9.165969,48.4980535],[9.1654618,48.4980494],[9.1649321,48.4984684],[9.1642795,48.4988567],[9.1641042,48.4988259],[9.1635028,48.499137],[9.1635093,48.4992926],[9.1626036,48.4998926],[9.1620898,48.5004255],[9.160775,48.5011708],[9.1600932,48.501737],[9.1608212,48.5022736],[9.1615003,48.5027654],[9.1616877,48.5026914],[9.1619444,48.5025557],[9.1625591,48.5021987],[9.1644359,48.5010301],[9.1667852,48.4997157],[9.1677502,48.4993016],[9.1683878,48.4989334],[9.1687221,48.4989373],[9.1707067,48.4982589],[9.1710945,48.4986433],[9.1711692,48.4987825],[9.1712066,48.4988527],[9.1712706,48.4989889],[9.1713821,48.4991946],[9.1715453,48.4996587],[9.1710734,48.4997273],[9.1708147,48.4997646],[9.1708221,48.4997867],[9.1708656,48.49995],[9.1708998,48.5002232],[9.1709051,48.50026],[9.1709967,48.5002562],[9.1710202,48.5004885],[9.1708021,48.5013891],[9.1702529,48.5021311],[9.1704203,48.5023499],[9.1694853,48.502722],[9.1696825,48.5036361],[9.1703099,48.5041204],[9.170348,48.5041478],[9.1704259,48.5041737],[9.1706165,48.5042326],[9.1708571,48.5043103],[9.1709957,48.5043535],[9.1711219,48.5043947],[9.1713544,48.5044606],[9.1715713,48.5045135],[9.1718024,48.5045562],[9.1720388,48.5045925],[9.1722559,48.5046032],[9.1722664,48.5047157],[9.1722821,48.5048148],[9.1723111,48.5049204],[9.1723372,48.505015],[9.1723943,48.5051672],[9.1735373,48.5053484],[9.1747325,48.5055129],[9.1753986,48.5055968],[9.1758972,48.5056567],[9.1766483,48.5057793],[9.1778779,48.5059345],[9.1784323,48.5060111],[9.1786781,48.5060447],[9.1787817,48.50607],[9.1788098,48.5061399],[9.1788398,48.506243],[9.1789179,48.5069037],[9.1790239,48.5070016],[9.1792002,48.5070538],[9.1793497,48.5070957],[9.1794059,48.5071681],[9.179099,48.5079688],[9.1792232,48.5079934],[9.1803765,48.508229300000007],[9.1816457,48.5084667],[9.1840221,48.5089136],[9.1843332,48.5080464],[9.1846569,48.5071677],[9.1846999,48.5069835],[9.1852657,48.5065134],[9.1892184,48.5077789],[9.1924738,48.5089708],[9.1942533,48.5088352],[9.1942362,48.5087903],[9.1941935,48.5086887],[9.1941597,48.508595],[9.1941317,48.5085107],[9.1941146,48.508446],[9.1941052,48.5083904],[9.1941012,48.5083086],[9.1941021,48.5082335],[9.1941085,48.5081789],[9.1941183,48.508129],[9.1941258,48.5081004],[9.1941352,48.5080734],[9.1940483,48.5080659],[9.1939704,48.5080581],[9.1939072,48.5080506],[9.1938498,48.5080392],[9.1937982,48.508025],[9.1937542,48.5080115],[9.193695,48.5079881],[9.193632,48.5079601],[9.1935576,48.5079253],[9.1933968,48.5078404],[9.1932558,48.5077616],[9.1931927,48.5077279],[9.1927542,48.507472],[9.1923305,48.5072154],[9.1920845,48.5070661],[9.1918214,48.5068967],[9.1915312,48.5056978],[9.1902544,48.5042749],[9.1905492,48.5042655],[9.1905711,48.5037204],[9.1907746,48.5036628],[9.1907485,48.5032297],[9.1902662,48.5026249],[9.1887993,48.5018576],[9.1875911,48.5015439],[9.1875131,48.5014834],[9.1872841,48.5008741],[9.1871864,48.5006112],[9.1873885,48.5005481],[9.1875894,48.500483],[9.1879914,48.5003547],[9.1881124,48.5003161],[9.1882977,48.5002525],[9.1885004,48.5001833],[9.1888871,48.5000449],[9.1890055,48.5000043],[9.1891298,48.4999602],[9.1893637,48.499879],[9.1894566,48.4998408],[9.1898093,48.4996957],[9.1901884,48.4995397],[9.1904777,48.4994207],[9.1905338,48.4993976],[9.1907779,48.499297],[9.1907497,48.4992698],[9.1905153,48.4990104],[9.1903805,48.4990662],[9.1888745,48.499633],[9.1884279,48.4992075],[9.1882342,48.4992329],[9.1881367,48.4992528],[9.1880116,48.4992783],[9.187744,48.4989031],[9.1872971,48.4982614],[9.1854696,48.4988936],[9.1852372,48.4980946],[9.1851887,48.4979279],[9.1857047,48.4978453],[9.1863473,48.4976243],[9.1873569,48.4971545],[9.1880858,48.4968099],[9.1880738,48.4966698],[9.1880624,48.4966024],[9.1879948,48.4962008],[9.1875952,48.4962336],[9.1871266,48.4944246],[9.1870923,48.4944332],[9.1870737,48.4944378],[9.1870426,48.494446],[9.1869323,48.4944751],[9.1868586,48.4944941],[9.1867233,48.4945258],[9.1865944,48.4945551],[9.1864904,48.4945777],[9.1863918,48.4945985],[9.1862877,48.4946184],[9.1861821,48.494638],[9.1857512,48.4947139],[9.1854502,48.4947653],[9.1851508,48.4948195],[9.1849037,48.4948637],[9.1848146,48.4948793],[9.1847314,48.4948931],[9.18466,48.4949034],[9.1845389,48.4949118],[9.1844133,48.4949184],[9.1843735,48.4949211],[9.1841909,48.4949362],[9.1840026,48.4949478],[9.1838126,48.494958],[9.1836294,48.4949656],[9.1832439,48.4949858],[9.1828602,48.4950075],[9.1827147,48.4950164],[9.1825204,48.495028],[9.1823607,48.4950368],[9.1822188,48.4950446],[9.1819015,48.4950624],[9.1816484,48.4950744],[9.1814508,48.4950854],[9.1813623,48.4950906],[9.1810517,48.4951083],[9.1809717,48.4951138],[9.1808787,48.4951205],[9.1807897,48.495128],[9.1807082,48.4951358],[9.1805988,48.4951458],[9.1804832,48.4951579],[9.1803667,48.4951701],[9.1802593,48.4951822],[9.1801591,48.4951948],[9.1800403,48.4952117],[9.1799115,48.4952311],[9.1798139,48.4952459],[9.1795632,48.4952924],[9.1793436,48.495337],[9.1791265,48.4953822],[9.1790081,48.4954108],[9.1788828,48.4954421],[9.1786928,48.4954923],[9.1785923,48.4955202],[9.1784953,48.495548],[9.1784024,48.4955765],[9.1783138,48.4956044],[9.1781587,48.4956549],[9.1779873,48.4957124],[9.1778395,48.4957645],[9.1776894,48.4958212],[9.1775409,48.4958787],[9.1773931,48.4959395],[9.177245,48.4960044],[9.177088,48.4960788],[9.1769375,48.4961512],[9.1767707,48.4962372],[9.1767323,48.496257],[9.1765992,48.4963271],[9.1765639,48.4963459],[9.1763323,48.4961225],[9.1761129,48.4959116]]},"properties":{"landuse":"residential"}},
{"type":"Feature","geometry":{"type":"LineString","coordinates":[[9.2171106,48.5128609],[9.2139784,48.5117317],[9.2130522,48.5113722],[9.2106805,48.51044],[9.2103106,48.5103901],[9.2102242,48.5103118],[9.2101714,48.5102745],[9.2101089,48.5102345],[9.2099442,48.5101471],[9.209761,48.510056],[9.2095776,48.5099661],[9.2093185,48.5098453],[9.2092237,48.5097844],[9.2091122,48.509698],[9.2090201,48.5095992],[9.2088711,48.5093945],[9.2075021,48.5075414],[9.2070859,48.5071195],[9.2067199,48.5066901],[9.2063371,48.5060208],[9.2062686,48.5056318],[9.2062149,48.5054886],[9.2062592,48.5050977],[9.2062469,48.5041612],[9.2062369,48.5040129],[9.2062306,48.503927],[9.2062153,48.5037239],[9.206183,48.5035177],[9.206168,48.5034189],[9.2061549,48.503308],[9.2060759,48.5029166],[9.2060525,48.5028044],[9.2060448,48.5027553],[9.2060077,48.5025573],[9.2059868,48.5024381],[9.2059479,48.502221],[9.2059286,48.5021349],[9.2058975,48.5020138],[9.2059499,48.5019624],[9.2060085,48.5019403],[9.2060487,48.5019292],[9.2061099,48.5019113],[9.2061817,48.5018937],[9.2063175,48.5018686],[9.2063848,48.5018647],[9.2064647,48.5018708],[9.2065564,48.5018932],[9.2066274,48.5019208],[9.2067152,48.5019671],[9.2068313,48.5020413],[9.2069408,48.5021123],[9.2070561,48.502194],[9.2075139,48.5025089],[9.2075292,48.5025185],[9.2076614,48.5026109],[9.2078421,48.5027164],[9.2079463,48.5027754],[9.2080101,48.5028086],[9.208078,48.5028408],[9.2081515,48.502869],[9.2081958,48.5028846],[9.2083194,48.5029223],[9.2084685,48.5029637],[9.2085869,48.5030013],[9.2089253,48.5031114],[9.2091302,48.5031767],[9.209374,48.5032542],[9.2095223,48.5032975],[9.2096655,48.5033393],[9.2098672,48.5033925],[9.2100649,48.5034401],[9.2102413,48.5034797],[9.2104619,48.5035228],[9.2106877,48.5035668],[9.2109083,48.5036114],[9.211905,48.5038336],[9.212013,48.5038721],[9.2122214,48.5037968],[9.2123073,48.5037726],[9.2124727,48.5037423],[9.2128471,48.5044054],[9.2129207,48.5045165],[9.2131432,48.5048854],[9.2132005,48.504952],[9.2133298,48.5050729],[9.2134433,48.5051525],[9.2136138,48.5052746],[9.2137538,48.505371],[9.2139988,48.5054812],[9.2142135,48.5055601],[9.214427,48.5056351],[9.2147347,48.5057301],[9.2148131,48.5057619],[9.2149434,48.505813],[9.2150554,48.5058733],[9.2151518,48.5059366],[9.2152299,48.5059974],[9.2152945,48.5060573],[9.2153543,48.5061226],[9.2153993,48.5061864],[9.2154625,48.5062837],[9.2155239,48.5063854],[9.2156499,48.5065919],[9.2157726,48.5067996],[9.2158868,48.5070134],[9.215944,48.5071208],[9.2160167,48.5072419],[9.2161548,48.50748],[9.2162791,48.5077402],[9.2165025,48.5081591],[9.2165899,48.5083297],[9.2166388,48.5084164],[9.216661,48.5084558],[9.2167895,48.5086585],[9.2168805,48.5088021],[9.2171828,48.5092439],[9.2171742,48.5093565],[9.2172644,48.5094855],[9.2173466,48.5095898],[9.2175808,48.5098961],[9.2177104,48.5100312],[9.2180132,48.5103314],[9.218429,48.5106985],[9.2186359,48.510885],[9.218647,48.5109294],[9.2186021,48.5109953],[9.2185142,48.5110325],[9.217764,48.5120763],[9.2176454,48.5122056],[9.2171106,48.5128609]]},"properties":{"landuse":"residential","name":"Voller Brunnen"}},
{"type":"Feature","geometry":{"type":"LineString","coordinates":[[9.2033644,48.5121168],[9.2034174,48.5120512],[9.2036533,48.5117358],[9.2037876,48.511447],[9.2037933,48.5112333],[9.2038021,48.5109121],[9.2038057,48.5107245],[9.2036647,48.5097957],[9.2036627,48.5092945],[9.2036977,48.5092418],[9.203761,48.5091999],[9.2038294,48.5091629],[9.2039131,48.5091535],[9.2039397,48.5085708],[9.2039898,48.50821],[9.2040615,48.5078611],[9.2041403,48.5075192],[9.2042657,48.5071703],[9.2044485,48.5068356],[9.2046889,48.5066006],[9.2046191,48.5065691],[9.2045945,48.5065074],[9.2046261,48.5064377],[9.2047455,48.5063165],[9.2045886,48.5062627],[9.2036669,48.5057606],[9.2035706,48.5056865],[9.2040757,48.5048111],[9.2037458,48.5047266],[9.2035537,48.5048014],[9.2029631,48.5046551],[9.2016303,48.504084],[9.2018805,48.503789],[9.2025482,48.5029712],[9.2012677,48.5023453],[9.2019475,48.5016236],[9.2019244,48.5015493],[9.2008262,48.5010856],[9.199777,48.5006278],[9.1996296,48.5005817],[9.1995256,48.5005786],[9.1993754,48.5006155],[9.1993091,48.5006608],[9.1992983,48.5007199],[9.1993292,48.5007981],[9.1993439,48.500935],[9.1993211,48.5010798],[9.1992836,48.5011687],[9.1992004,48.5012842],[9.1991079,48.5013748],[9.1989698,48.5014726],[9.1988451,48.501533],[9.1987681,48.5015066],[9.1986425,48.5015604],[9.1985777,48.5015899],[9.1985186,48.5016189],[9.1984716,48.5016445],[9.1984276,48.5016701],[9.1983673,48.5017079],[9.1982934,48.5017588],[9.198225,48.5018092],[9.1981748,48.5018476],[9.1981245,48.5018895],[9.1980255,48.5019738],[9.1980039,48.5019898],[9.1979367,48.5020527],[9.1978565,48.5021308],[9.1977819,48.5022035],[9.1977076,48.5022773],[9.1976358,48.5023551],[9.1975663,48.5024344],[9.1974291,48.5025959],[9.1973704,48.5026759],[9.1973397,48.5027232],[9.197301,48.5027902],[9.1972635,48.5028713],[9.1972365,48.5029379],[9.1972116,48.5030124],[9.1971959,48.5030857],[9.1971883,48.5031491],[9.1971792,48.5032445],[9.1971718,48.5033469],[9.1971639,48.5034434],[9.1971591,48.5035406],[9.1971393,48.5036317],[9.1971097,48.5037217],[9.1970588,48.5038341],[9.1969784,48.5039787],[9.1969107,48.5040856],[9.1968308,48.5042045],[9.1967824,48.5042818],[9.196763,48.5043156],[9.196741,48.504354],[9.1967003,48.5044398],[9.1966721,48.5045024],[9.196659,48.5045367],[9.1966454,48.5045725],[9.1966139,48.5046633],[9.1965837,48.5047673],[9.1965679,48.5048291],[9.1965567,48.5048851],[9.1965411,48.5049544],[9.1965243,48.5050558],[9.1965039,48.5051459],[9.1964689,48.5052616],[9.1964285,48.5053645],[9.1963839,48.5054455],[9.1963323,48.5055327],[9.1961679,48.5058008],[9.1960007,48.5060716],[9.1958296,48.5063461],[9.1957453,48.506484],[9.1957023,48.5065529],[9.1956631,48.506615],[9.1956136,48.5066871],[9.1955797,48.506727],[9.1955562,48.506754],[9.19553,48.5067818],[9.1954689,48.50684],[9.1954126,48.5068904],[9.1953514,48.5069415],[9.1952355,48.5070229],[9.1951803,48.5070629],[9.1951178,48.5071075],[9.1964358,48.5082811],[9.1987262,48.5101285],[9.2002419,48.5111882],[9.2023966,48.5118718],[9.2030798,48.51209],[9.2033644,48.5121168]]},"properties":{"landuse":"residential","name":"Römerschanze"}},
{"type":"Feature","geometry":{"type":"LineString","coordinates":[[9.1907485,48.5032297],[9.1902662,48.5026249],[9.1887993,48.5018576],[9.1875918,48.5015427],[9.1875131,48.5014834],[9.1872841,48.5008741],[9.1871864,48.5006112],[9.1873885,48.5005481],[9.1875894,48.500483],[9.1879914,48.5003547],[9.1881124,48.5003161],[9.1882977,48.5002525],[9.1885004,48.5001833],[9.1888871,48.5000449],[9.1890055,48.5000043],[9.1891298,48.4999602],[9.1893637,48.499879],[9.1894566,48.4998408],[9.1898093,48.4996957],[9.1901884,48.4995397],[9.1904777,48.4994207],[9.1905338,48.4993976],[9.1907779,48.499297],[9.1908486,48.4992685],[9.1910674,48.4991801],[9.1913602,48.4990572],[9.1914442,48.4990258],[9.1915292,48.4989983],[9.1920863,48.4988238],[9.1926264,48.4986627],[9.1926919,48.4986432],[9.1928116,48.4986112],[9.1932291,48.4985202],[9.1936651,48.4984321],[9.1940072,48.4983654],[9.194218,48.4983309],[9.1943757,48.498304],[9.1945928,48.4982658],[9.1947881,48.498232],[9.1948255,48.4982251],[9.1948605,48.4982201],[9.1949102,48.4982132],[9.194999,48.4982018],[9.1950891,48.4981952],[9.1951928,48.4981918],[9.1953012,48.4981904],[9.1954326,48.4981887],[9.1956853,48.4981872],[9.1959027,48.498188],[9.1960603,48.4981947],[9.1962041,48.4982038],[9.1963624,48.4982212],[9.1964446,48.4982341],[9.1964307,48.4982778],[9.1964198,48.4983304],[9.1964207,48.4983747],[9.1964251,48.4984423],[9.1964333,48.4984863],[9.196445,48.498539],[9.1964592,48.4985957],[9.1964749,48.4986459],[9.1965078,48.4987194],[9.1965539,48.4988099],[9.1966058,48.498896],[9.1966402,48.4989487],[9.1966646,48.4989868],[9.1966955,48.4990248],[9.196734,48.4990741],[9.1967826,48.4991335],[9.1968295,48.4991901],[9.1968768,48.4992413],[9.1969635,48.49933],[9.1970615,48.4994227],[9.1971478,48.4995015],[9.1972123,48.4995532],[9.1972687,48.4995967],[9.1973279,48.4996409],[9.1973941,48.4996864],[9.1974988,48.4997563],[9.1977397,48.4999051],[9.1978412,48.4999557],[9.1979423,48.5000059],[9.1980359,48.5000679],[9.1980656,48.5001812],[9.1981721,48.5002782],[9.1983622,48.5003485],[9.1985579,48.5003914],[9.198712,48.5004246],[9.1988435,48.5004568],[9.1989387,48.5004978],[9.19902,48.5005416],[9.1990943,48.5006073],[9.1991472,48.5006825],[9.19917,48.5007599],[9.1991802,48.5008816],[9.1992488,48.5009776],[9.1992245,48.5010729],[9.1992111,48.5011291],[9.1992168,48.5011759],[9.1991659,48.501248],[9.1991007,48.5013197],[9.1990371,48.5013734],[9.1989497,48.5014273],[9.198859,48.5014675],[9.1987681,48.5015066],[9.1986425,48.5015604],[9.1985777,48.5015899],[9.1985186,48.5016189],[9.1984716,48.5016445],[9.1984276,48.5016701],[9.1983673,48.5017079],[9.1982934,48.5017588],[9.198225,48.5018092],[9.1981748,48.5018476],[9.1981245,48.5018895],[9.1980255,48.5019738],[9.1980039,48.5019898],[9.1979367,48.5020527],[9.1978565,48.5021308],[9.1977819,48.5022035],[9.1977076,48.5022773],[9.1976358,48.5023551],[9.1975663,48.5024344],[9.1974291,48.5025959],[9.1973704,48.5026759],[9.1973397,48.5027232],[9.197301,48.5027902],[9.1972635,48.5028713],[9.1972365,48.5029379],[9.1972116,48.5030124],[9.1971959,48.5030857],[9.1971883,48.5031491],[9.1971792,48.5032445],[9.1971718,48.5033469],[9.1971639,48.5034434],[9.1971591,48.5035406],[9.1971393,48.5036317],[9.1971097,48.5037217],[9.1970588,48.5038341],[9.1969784,48.5039787],[9.1969107,48.5040856],[9.1968308,48.5042045],[9.1967824,48.5042818],[9.196763,48.5043156],[9.196741,48.504354],[9.1967003,48.5044398],[9.1966721,48.5045024],[9.196659,48.5045367],[9.1966454,48.5045725],[9.1966139,48.5046633],[9.1965837,48.5047673],[9.1965679,48.5048291],[9.1965567,48.5048851],[9.1965411,48.5049544],[9.1965243,48.5050558],[9.1965039,48.5051459],[9.1964689,48.5052616],[9.1964285,48.5053645],[9.1963839,48.5054455],[9.1963323,48.5055327],[9.1961679,48.5058008],[9.1960007,48.5060716],[9.1958296,48.5063461],[9.1957453,48.506484],[9.1957023,48.5065529],[9.1956631,48.506615],[9.1956136,48.5066871],[9.1955797,48.506727],[9.1955562,48.506754],[9.19553,48.5067818],[9.1954689,48.50684],[9.1954126,48.5068904],[9.1953514,48.5069415],[9.1952355,48.5070229],[9.1951803,48.5070629],[9.1951178,48.5071075],[9.1950339,48.5071665],[9.1949459,48.5072288],[9.1948258,48.5073143],[9.1946992,48.5074047],[9.1946085,48.5074717],[9.194551,48.5075156],[9.194497,48.5075641],[9.1944592,48.5075984],[9.1944232,48.5076353],[9.1943808,48.5076792],[9.1943392,48.5077271],[9.1943111,48.5077608],[9.1942809,48.5077986],[9.194246,48.5078474],[9.1942158,48.5078979],[9.194192,48.5079402],[9.1941693,48.5079872],[9.1941519,48.5080284],[9.1941352,48.5080734],[9.1940483,48.5080659],[9.1939704,48.5080581],[9.1939072,48.5080506],[9.1938498,48.5080392],[9.1937982,48.508025],[9.1937542,48.5080115],[9.193695,48.5079881],[9.193632,48.5079601],[9.1935576,48.5079253],[9.1933968,48.5078404],[9.1932558,48.5077616],[9.1931927,48.5077279],[9.1927542,48.507472],[9.1923305,48.5072154],[9.1920845,48.5070661],[9.1918214,48.5068967],[9.1915328,48.5056974],[9.1902544,48.5042749],[9.1905492,48.5042655],[9.1905711,48.5037204],[9.1907746,48.5036628],[9.1907485,48.5032297]]},"properties":{"landuse":"residential"}},
{"type":"Feature","geometry":{"type":"LineString","coordinates":[[9.1956529,48.4962964],[9.1954608,48.4961799],[9.1954059,48.4961466],[9.1953295,48.4960978],[9.1952596,48.4960545],[9.1951864,48.4960066],[9.1950966,48.4959477],[9.1950239,48.4958965],[9.194933,48.4958281],[9.1948665,48.4957763],[9.194734,48.4956671],[9.1946364,48.4955829],[9.1945398,48.4954902],[9.194456,48.4954054],[9.1943952,48.4953414],[9.194329,48.4952639],[9.1943133,48.4952434],[9.1942613,48.4951786],[9.1942132,48.4951189],[9.1943112,48.4950858],[9.1943996,48.495056],[9.1946177,48.4949786],[9.1949195,48.4948708],[9.1949876,48.4948467],[9.1951586,48.4947854],[9.1954052,48.4946971],[9.1954665,48.4946755],[9.1958606,48.4945437],[9.1962741,48.4944143],[9.1969078,48.4941943],[9.1972107,48.4940798],[9.1972716,48.4940577],[9.197845,48.4938546],[9.1979544,48.4938144],[9.1980015,48.4937975],[9.1981642,48.4937392],[9.1982991,48.4936886],[9.1991537,48.4933855],[9.1992444,48.4933568],[9.1994305,48.4932976],[9.1998733,48.4931437],[9.2003112,48.4929887],[9.2007917,48.4928144],[9.2008248,48.4927999],[9.2009173,48.4927689],[9.200964,48.4927582],[9.200994,48.4927516],[9.2010254,48.4927476],[9.201059,48.492748],[9.2010941,48.4927513],[9.2012416,48.4927886],[9.2013369,48.4928131],[9.2013663,48.4928206],[9.2013971,48.4928287],[9.2016507,48.4928958],[9.202814,48.4931951],[9.2033232,48.493325],[9.2036483,48.4934097],[9.204111,48.4935283],[9.2040804,48.4935852],[9.2039914,48.4937507],[9.2036795,48.4943128],[9.2038901,48.494468],[9.2038798,48.4949536],[9.2039975,48.4949509],[9.2041841,48.4949572],[9.2043796,48.4949756],[9.2044994,48.4949896],[9.2046477,48.4950134],[9.2047373,48.495032],[9.2048706,48.495062],[9.204995,48.4950929],[9.2051063,48.4951199],[9.2051823,48.4951371],[9.2052591,48.4951524],[9.2053239,48.4951625],[9.2053497,48.4951655],[9.2053936,48.4951681],[9.2054611,48.4951669],[9.2056337,48.4955229],[9.2056974,48.4957091],[9.2057021,48.4959393],[9.2056625,48.4961837],[9.2055921,48.4963379],[9.2054728,48.4964792],[9.2052542,48.4967111],[9.2050952,48.4969386],[9.205019,48.4971269],[9.2045608,48.4971445],[9.2045397,48.4971112],[9.2045029,48.4970857],[9.2044591,48.4970649],[9.2043945,48.4970456],[9.2043147,48.497024],[9.2040501,48.4969712],[9.2037303,48.4969111],[9.2037071,48.4969059],[9.2035165,48.496871],[9.202828,48.496727],[9.2023754,48.4966414],[9.2021583,48.4966061],[9.2015234,48.4964825],[9.2011692,48.4964156],[9.2011142,48.4964062],[9.2010583,48.4963993],[9.2010202,48.4963949],[9.2009777,48.4963925],[9.2009203,48.4963914],[9.2008376,48.496392],[9.2003245,48.4964018],[9.2000883,48.4963987],[9.2000474,48.4963971],[9.2000071,48.4963935],[9.1999399,48.4963852],[9.1998285,48.4963702],[9.1995919,48.4963365],[9.1994135,48.4963121],[9.199221,48.4970436],[9.199118,48.4970286],[9.1987765,48.4970344],[9.1987813,48.4968645],[9.1982972,48.4968605],[9.1981091,48.4968606],[9.1979831,48.4968626],[9.1975737,48.4968253],[9.197495,48.4968098],[9.1972553,48.4967105],[9.1972518,48.4966253],[9.1972625,48.4965512],[9.1973148,48.4964108],[9.1973846,48.4962579],[9.1974501,48.4961133],[9.1973757,48.4961124],[9.1972583,48.4961099],[9.197129,48.4961115],[9.1970237,48.4961134],[9.1969873,48.4961143],[9.1969139,48.4961162],[9.1967099,48.4961231],[9.1965243,48.496131],[9.1964607,48.4961333],[9.1963432,48.4961378],[9.1962694,48.496141],[9.1960985,48.4961493],[9.1960067,48.4961551],[9.1959189,48.4961647],[9.1958709,48.4961722],[9.1958222,48.4961871],[9.195775,48.4962125],[9.195727,48.4962445],[9.1956529,48.4962964]]},"properties":{"landuse":"residential","name":"Tübinger Vorstadt"}},
{"type":"Feature","geometry":{"type":"LineString","coordinates":[[9.228766,48.4938063],[9.2286101,48.4938216],[9.2284738,48.4937946],[9.2283419,48.4937272],[9.2282184,48.4933555],[9.2280838,48.4933666],[9.2280806,48.4936954],[9.2280292,48.4938002],[9.2277004,48.4940823],[9.2276581,48.4944671],[9.2272839,48.4949381],[9.2272545,48.495031],[9.2272658,48.4951739],[9.2273582,48.4953857],[9.2273516,48.4954568],[9.2273346,48.4955249],[9.2270936,48.4959463],[9.2273988,48.4963616],[9.2271192,48.4968487],[9.2268212,48.49742],[9.2268664,48.497546],[9.2277786,48.4979157],[9.2294816,48.4979094],[9.2297303,48.4975835],[9.2305246,48.4978264],[9.231466,48.4981624],[9.2320937,48.4986902],[9.2319488,48.4988395],[9.2322225,48.4991896],[9.2320662,48.4996452],[9.2326328,48.4996596],[9.2326357,48.5000874],[9.2327421,48.5003625],[9.2324707,48.5008993],[9.2321707,48.5014409],[9.2314655,48.5022196],[9.2314511,48.5027775],[9.231502,48.5031086],[9.2317268,48.5035574],[9.231599,48.5044684],[9.2311562,48.5052929],[9.2298532,48.5061114],[9.2286871,48.5058147],[9.2278213,48.5055387],[9.2246397,48.5047553],[9.2237631,48.5046045],[9.2213464,48.5039592],[9.2209979,48.5038363],[9.2207741,48.5037124],[9.2205587,48.5035543],[9.2203917,48.5033849],[9.2202649,48.5031841],[9.2201954,48.50297],[9.2201705,48.5027823],[9.2201641,48.5026411],[9.2199018,48.5019969],[9.2197123,48.5016163],[9.2195182,48.5012135],[9.2194706,48.5011054],[9.219323,48.5008453],[9.219222,48.5006089],[9.2191345,48.50038],[9.2187847,48.5001998],[9.2184014,48.5000023],[9.2176873,48.4996584],[9.2180331,48.4986382],[9.2185775,48.4974058],[9.2199837,48.4964011],[9.2206176,48.4959987],[9.2215471,48.4954138],[9.2238084,48.4939562],[9.2267747,48.4920073],[9.2271692,48.4916597],[9.227821,48.4908752],[9.2287312,48.4897653],[9.2289625,48.4894695],[9.2290911,48.4892873],[9.2297404,48.4877129],[9.2303123,48.4863092],[9.2303712,48.4863079],[9.2304136,48.4862994],[9.2304664,48.4862792],[9.2305017,48.4862473],[9.2329625,48.4857073],[9.2332195,48.4856709],[9.2335741,48.4856656],[9.2338565,48.4856596],[9.2340719,48.486363],[9.2341273,48.4865651],[9.2342429,48.4865844],[9.2345977,48.4866646],[9.2348039,48.486717],[9.2349888,48.4867609],[9.235695,48.4867677],[9.2362383,48.4867577],[9.236996,48.4866944],[9.2374164,48.4867081],[9.238137,48.4867309],[9.2386918,48.486855],[9.2391456,48.4869636],[9.2393911,48.487129],[9.2397468,48.4873801],[9.2399275,48.4875793],[9.2400288,48.4876368],[9.2401512,48.4877271],[9.2401565,48.4879763],[9.2401093,48.4881215],[9.2400126,48.48821],[9.239786,48.488336],[9.2396089,48.488356],[9.2391843,48.4883314],[9.2386921,48.4882584],[9.2384781,48.4882762],[9.2380653,48.4883217],[9.2378172,48.4882933],[9.2374848,48.4882775],[9.2373192,48.4882848],[9.2371433,48.4883262],[9.236846,48.4884412],[9.236357,48.4886256],[9.2362059,48.4887055],[9.2360729,48.4888339],[9.2359448,48.4889874],[9.2358467,48.4891195],[9.2358171,48.4892204],[9.2358318,48.4894098],[9.2358753,48.4895904],[9.2358861,48.4896378],[9.2359029,48.4896843],[9.2359176,48.4897121],[9.2359414,48.489752],[9.2359712,48.4897991],[9.2360037,48.4898396],[9.2360621,48.4899041],[9.236123,48.4899639],[9.2362454,48.4900842],[9.2363381,48.4901668],[9.2363647,48.4901952],[9.2363907,48.49023],[9.236421,48.4902836],[9.2364518,48.4903565],[9.2364812,48.4904391],[9.236498,48.4905242],[9.2365066,48.4905745],[9.2365083,48.4906204],[9.2364989,48.4907098],[9.2364877,48.4907986],[9.2364705,48.4908858],[9.2362741,48.4911595],[9.2359893,48.4912321],[9.2355937,48.4913529],[9.2354317,48.4915704],[9.235513,48.4920873],[9.2355174,48.492258],[9.2355036,48.4922947],[9.2354698,48.4923514],[9.2353407,48.4924466],[9.235226,48.4927248],[9.2352319,48.4929453],[9.2346583,48.4930218],[9.2334302,48.4931504],[9.2321717,48.4933748],[9.2307982,48.4935474],[9.230225,48.4934719],[9.228766,48.4938063]]},"properties":{"landuse":"residential"}},
{"type":"Feature","geometry":{"type":"LineString","coordinates":[[9.2271562,48.4907338],[9.2270176,48.4906658],[9.2268849,48.4905912],[9.2267366,48.4904961],[9.2265916,48.4903925],[9.2263025,48.4901852],[9.2260099,48.4899764],[9.2258082,48.4898336],[9.2253573,48.4895306],[9.2246334,48.4890153],[9.2242898,48.4887682],[9.2239355,48.4885149],[9.2239113,48.4885176],[9.2225115,48.4875039],[9.2216401,48.4868969],[9.2219132,48.4867906],[9.2222318,48.486526],[9.2224688,48.4863049],[9.2227792,48.4860306],[9.2231096,48.4855933],[9.2231889,48.4854801],[9.2239525,48.4845233],[9.2240414,48.484391],[9.2244633,48.4842454],[9.224635900000001,48.4841858],[9.2267562,48.4835384],[9.2269121,48.4839524],[9.2271922,48.4847363],[9.2274803,48.4855292],[9.2274947,48.4858318],[9.2273924,48.4860483],[9.2272378,48.4862969],[9.2269686,48.4865955],[9.228054,48.4864763],[9.2290068,48.4863538],[9.2297357,48.4863247],[9.2303123,48.4863092],[9.2297404,48.4877129],[9.2290911,48.4892873],[9.2289597,48.4894696],[9.227821,48.4908752],[9.2274,48.4908355],[9.2272811,48.4907872],[9.2271562,48.4907338]]},"properties":{"landuse":"residential","name":"Betzenried"}},
{"type":"Feature","geometry":{"type":"LineString","coordinates":[[9.2225115,48.4875039],[9.2219311,48.4879152],[9.2216015,48.4881191],[9.2209968,48.4885036],[9.2208171,48.4890318],[9.2210142,48.4890556],[9.2220367,48.4896856],[9.2216592,48.489925],[9.2223329,48.4903887],[9.2230428,48.4899527],[9.2232371,48.4898942],[9.2246334,48.4890153],[9.2242898,48.4887682],[9.2239355,48.4885149],[9.2239113,48.4885176],[9.2225115,48.4875039]]},"properties":{"landuse":"residential","name":"Seidenviertel"}},
{"type":"Feature","geometry":{"type":"LineString","coordinates":[[9.2156371,48.4986491],[9.2145025,48.4977574],[9.213394,48.4969511],[9.2119626,48.4959845],[9.213066,48.4953038],[9.2141225,48.4946239],[9.2145141,48.4943749],[9.2147039,48.4942656],[9.2147723,48.4942242],[9.2184794,48.491949],[9.2187707,48.4917646],[9.2175965,48.4908597],[9.217354,48.4902946],[9.2170792,48.4900214],[9.2171519,48.489964],[9.2172436,48.4898744],[9.2173382,48.4897788],[9.2175125,48.4895906],[9.2175983,48.4894962],[9.2177873,48.4893024],[9.2178214,48.4892733],[9.2178704,48.4892273],[9.2180138,48.4890927],[9.2182429,48.4889353],[9.2182792,48.4889132],[9.2183961,48.4888422],[9.2184013,48.4888405],[9.2193927,48.4882526],[9.2201397,48.4878577],[9.2207356,48.4875515],[9.2210565,48.4873691],[9.2214498,48.4870911],[9.2216401,48.4868969],[9.2225115,48.4875039],[9.2219311,48.4879152],[9.2216015,48.4881191],[9.2209968,48.4885036],[9.2208171,48.4890318],[9.2210142,48.4890556],[9.2220367,48.4896856],[9.2216592,48.489925],[9.2223329,48.4903887],[9.2230428,48.4899527],[9.2232371,48.4898942],[9.2246334,48.4890153],[9.2253573,48.4895306],[9.2258082,48.4898336],[9.2260099,48.4899764],[9.2263025,48.4901852],[9.2265916,48.4903925],[9.2267366,48.4904961],[9.2268849,48.4905912],[9.2270176,48.4906658],[9.2271562,48.4907338],[9.2272811,48.4907872],[9.2274,48.4908355],[9.227821,48.4908752],[9.2271692,48.4916597],[9.2267747,48.4920073],[9.2238084,48.4939562],[9.2215471,48.4954138],[9.2206176,48.4959987],[9.2205278,48.4959564],[9.2202935,48.4958377],[9.2178867,48.4973395],[9.2174824,48.4975128],[9.216663,48.4980342],[9.2159729,48.4984704],[9.2156371,48.4986491]]},"properties":{"landuse":"residential","name":"Oststadt"}},
{"type":"Feature","geometry":{"type":"LineString","coordinates":[[9.2010028,48.4760093],[9.2010128,48.4760022],[9.2017102,48.4754986],[9.2019434,48.4753302],[9.2020081,48.4749189],[9.2022128,48.4750093],[9.2026291,48.4751964],[9.203495,48.475755],[9.2036746,48.4757942],[9.2037511,48.475807],[9.2038118,48.4758875],[9.2038749,48.47597],[9.203965,48.476084],[9.2040687,48.4762033],[9.204241,48.4764123],[9.2043833,48.4765548],[9.2045097,48.4767013],[9.2046284,48.4768372],[9.2047368,48.4769481],[9.2048095,48.4770184],[9.2048816,48.4770861],[9.2049575,48.4771542],[9.2050519,48.4772021],[9.2051265,48.4772457],[9.2051939,48.4772994],[9.2053632,48.477374],[9.20564,48.4775132],[9.2061741,48.477786],[9.206621,48.4780092],[9.2070542,48.4782511],[9.2071427,48.4782957],[9.2072347,48.4783414],[9.2073197,48.4783754],[9.2074294,48.4784212],[9.2075462,48.478454],[9.2076948,48.4784892],[9.2078771,48.4785256],[9.2079779,48.478549],[9.2082062,48.4785948],[9.2083407,48.4786218],[9.208486,48.4786645],[9.2085529,48.4786833],[9.2086346,48.4787078],[9.2088227,48.4787637],[9.2089825,48.4788174],[9.2092266,48.4789101],[9.20937,48.4789689],[9.2095338,48.47904],[9.2096752,48.4791084],[9.2098248,48.479185],[9.2099099,48.4792291],[9.209988,48.4792707],[9.2101772,48.4790579],[9.2105208,48.4791059],[9.2106459,48.4788037],[9.2121792,48.4789632],[9.212549,48.4789998],[9.2131555,48.4791255],[9.2135756,48.4792211],[9.2147723,48.4794978],[9.2151102,48.4796105],[9.2155763,48.4798041],[9.2159122,48.4799796],[9.2163046,48.4801343],[9.2166885,48.4802534],[9.2167407,48.4797811],[9.2176133,48.4797197],[9.21856,48.4795523],[9.2203438,48.4792302],[9.2204526,48.4796128],[9.2205786,48.479976],[9.2206404,48.480294],[9.220753,48.4804756],[9.220943,48.4806885],[9.2210448,48.4807807],[9.2213031,48.4810199],[9.2215609,48.4813228],[9.2217226,48.4819221],[9.2218072,48.4822723],[9.2217996,48.482495],[9.2217729,48.4827299],[9.2217397,48.4833267],[9.2211985,48.4842679],[9.2212309,48.4844806],[9.2213976,48.4846061],[9.2220702,48.4849107],[9.2222842,48.4850303],[9.221488,48.4856757],[9.2205698,48.4862708],[9.2202536,48.4864541],[9.2198791,48.4866466],[9.2186038,48.4871979],[9.2182646,48.4873352],[9.2172924,48.4877795],[9.2162336,48.4881755],[9.2157401,48.4882893],[9.2152921,48.4883524],[9.2148757,48.4883715],[9.2145699,48.488384],[9.2144318,48.4883866],[9.2141448,48.4883973],[9.2136875,48.4884382],[9.2134676,48.4884737],[9.2132141,48.4885244],[9.2128342,48.4886464],[9.2125221,48.4887582],[9.2120406,48.4889528],[9.2115967,48.4891288],[9.2111273,48.4893199],[9.2108497,48.4894452],[9.2106365,48.4895626],[9.2103866,48.4897431],[9.2101707,48.4899086],[9.20986,48.4901154],[9.2095781,48.4902419],[9.2092753,48.4903474],[9.2089412,48.4904402],[9.2086128,48.4905047],[9.2083784,48.4905367],[9.2082051,48.4905585],[9.2080369,48.4900255],[9.2078964,48.4897651],[9.2077731,48.4895364],[9.2081867,48.4892664],[9.2087131,48.488973],[9.208866,48.488889],[9.2090494,48.4888164],[9.2092344,48.4887565],[9.2093899,48.4886857],[9.2096389,48.4884891],[9.2096899,48.4884293],[9.2104335,48.4874949],[9.2091588,48.4872682],[9.2082925,48.486974],[9.2082515,48.4869568],[9.2082099,48.4869353],[9.2081807,48.4869215],[9.2081477,48.486904],[9.208131,48.4868954],[9.2079363,48.4867862],[9.207849,48.4867345],[9.2077266,48.4866553],[9.2076373,48.4865968],[9.2075452,48.4865311],[9.2074639,48.4864636],[9.2073773,48.4863895],[9.2072146,48.4862412],[9.2069722,48.4860169],[9.2067259,48.4857876],[9.2064902,48.485561],[9.2063881,48.4854617],[9.206346,48.4854257],[9.2062942,48.4853871],[9.2062195,48.4853384],[9.206269,48.4853085],[9.2063124,48.4852792],[9.2063857,48.4852296],[9.2065522,48.4851081],[9.2068759,48.4848676],[9.2073427,48.4845211],[9.2074133,48.484456],[9.2074486,48.4844142],[9.2074851,48.4843684],[9.2075598,48.4842598],[9.2076064,48.4841902],[9.207758,48.4840025],[9.2080308,48.4836469],[9.2083138,48.483284],[9.2084669,48.4831011],[9.208568,48.4829577],[9.2085971,48.4829164],[9.2086807,48.4829485],[9.2087185,48.4828887],[9.2087276,48.4828161],[9.2087386,48.4826721],[9.2087919,48.4823819],[9.2088222,48.4820707],[9.2088313,48.4819698],[9.2088348,48.4819151],[9.2088347,48.4818644],[9.2088275,48.4818144],[9.2088082,48.4817617],[9.2087855,48.4817187],[9.2087574,48.4816754],[9.2086982,48.4816063],[9.2086329,48.4815389],[9.2085704,48.4814677],[9.2085022,48.4814073],[9.2084312,48.4813545],[9.2083466,48.4813114],[9.2082481,48.4812664],[9.2081466,48.4812268],[9.2080696,48.4812048],[9.2079842,48.4811853],[9.2079153,48.4811708],[9.2078469,48.4811598],[9.2077939,48.4811537],[9.2077363,48.4811478],[9.2076154,48.4811383],[9.207489,48.4811301],[9.2073598,48.4811201],[9.2072572,48.4811111],[9.2071743,48.4810991],[9.2070928,48.4810858],[9.2070468,48.4810773],[9.2069767,48.4810658],[9.2069115,48.4810491],[9.2067834,48.4810126],[9.2066312,48.4809686],[9.2064004,48.4808879],[9.206258,48.4808243],[9.2060804,48.4807584],[9.2058905,48.4806873],[9.2058325,48.480664],[9.205795,48.4806461],[9.2057733,48.4806251],[9.2057697,48.480604],[9.2057141,48.480596],[9.2056561,48.4805805],[9.2056015,48.4805567],[9.2055765,48.480544],[9.2054597,48.4804847],[9.2053085,48.4804084],[9.2051009,48.4803027],[9.2049403,48.4802209],[9.2049175,48.4802093],[9.2045143,48.4800113],[9.2044171,48.4799977],[9.2038751,48.4797101],[9.2035431,48.4795486],[9.2034548,48.4795045],[9.203355,48.4794967],[9.203298,48.4795069],[9.2033013,48.4793796],[9.2032977,48.47931],[9.2032865,48.4791717],[9.2032603,48.4789063],[9.2032477,48.4788253],[9.2032284,48.4787094],[9.2032067,48.4785856],[9.2031731,48.4784287],[9.2031435,48.4782927],[9.2030982,48.4781653],[9.2030456,48.4780278],[9.2029836,48.4778562],[9.2029651,48.4777239],[9.202944,48.4776079],[9.2029582,48.4775227],[9.2028252,48.4775017],[9.2027578,48.477491],[9.2026973,48.4774835],[9.2026208,48.4774858],[9.2024541,48.4773572],[9.2023198,48.4772537],[9.2021857,48.4771577],[9.2020531,48.4770524],[9.2018424,48.4768606],[9.2018167,48.4768372],[9.20166,48.4766946],[9.2012764,48.47634],[9.2010028,48.4760093]]},"properties":{"landuse":"residential"}},
{"type":"Feature","geometry":{"type":"LineString","coordinates":[[9.1858464,48.4925527],[9.1843995,48.4921296],[9.1832942,48.492166],[9.1815329,48.4912426],[9.1824506,48.4902282],[9.1847044,48.4909174],[9.1846454,48.4910098],[9.1857183,48.491504],[9.1859704,48.4911485],[9.18811,48.4919919],[9.1874291,48.4922062],[9.186354,48.4924449],[9.1858464,48.4925527]]},"properties":{"landuse":"residential"}},
{"type":"Feature","geometry":{"type":"LineString","coordinates":[[9.2006162,48.4927258],[9.2001101,48.4924535],[9.1987336,48.4922814],[9.197367,48.4921227],[9.1952998,48.4918926],[9.1937996,48.4918076],[9.1935435,48.4918085],[9.1934783,48.4920115],[9.1936142,48.4922965],[9.1937171,48.4927274],[9.1937818,48.4934354],[9.1944065,48.4933479],[9.1944687,48.4933392],[9.1963238,48.4933814],[9.1963213,48.4939401],[9.1962301,48.4941466],[9.1962139,48.4943009],[9.1963027,48.4943837],[9.1967271,48.4942203],[9.1971964,48.4940662],[9.1972716,48.4940347],[9.19779,48.4938278],[9.1979544,48.4938144],[9.1980015,48.4937975],[9.1981642,48.4937392],[9.1982991,48.4936886],[9.1991537,48.4933855],[9.1998672,48.4931393],[9.2003015,48.4929813],[9.2006862,48.4928436],[9.2006162,48.4927258]]},"properties":{"landuse":"residential"}},
{"type":"Feature","geometry":{"type":"LineString","coordinates":[[9.1896035,48.4844062],[9.1896659,48.4839003],[9.1903581,48.4836192],[9.1897985,48.4829424],[9.1905699,48.4818219],[9.1909956,48.4816052],[9.1915834,48.481271],[9.1917131,48.4807845],[9.1919239,48.4806107],[9.1931359,48.4805935],[9.1937655,48.4806029],[9.1938458,48.4804564],[9.1938725,48.4803376],[9.1941073,48.4803145],[9.1942456,48.4802998],[9.1942923,48.4802948],[9.1946071,48.480264],[9.1947446,48.4802511],[9.1948804,48.4802383],[9.1950501,48.4802265],[9.1951896,48.4802219],[9.1952809,48.480221],[9.195391,48.4802221],[9.1955175,48.4802263],[9.1956161,48.4802335],[9.1957148,48.4802423],[9.1958146,48.4802531],[9.195909,48.4802703],[9.1960645,48.4803014],[9.1961454,48.4803195],[9.1962227,48.4803361],[9.1962917,48.4803538],[9.1963607,48.4803727],[9.1964343,48.4803934],[9.1965082,48.480419500000007],[9.1965865,48.4804487],[9.1966852,48.4804884],[9.1967899,48.4805345],[9.1968817,48.4805782],[9.1969673,48.4806218],[9.1970588,48.4806721],[9.1971626,48.4807369],[9.1972606,48.480801],[9.197323,48.4808453],[9.1974838,48.4809571],[9.1975645,48.4810139],[9.1976452,48.4810671],[9.1978141,48.4811812],[9.1979806,48.4812913],[9.1980901,48.4813664],[9.1981914,48.4814412],[9.198282,48.481516],[9.1983282,48.481557],[9.19837,48.4815978],[9.1984781,48.4817154],[9.1985811,48.4818268],[9.1986503,48.4818972],[9.1987294,48.4819688],[9.1988159,48.4820434],[9.1988841,48.4820949],[9.1989557,48.4821466],[9.19903,48.4821977],[9.199118,48.48225],[9.1992405,48.4823238],[9.1989519,48.4823772],[9.1988817,48.4824597],[9.1986685,48.482556],[9.1978411,48.4824909],[9.1971382,48.4826519],[9.1968747,48.4826887],[9.1966616,48.4826184],[9.1964252,48.4825815],[9.1962582,48.4825809],[9.195926,48.4827126],[9.1957981,48.4826776],[9.1954861,48.4824649],[9.1952102,48.4826272],[9.1950096,48.4827875],[9.1948777,48.482916],[9.1948094,48.4829906],[9.1948869,48.4830497],[9.1949179,48.4831203],[9.1949043,48.4832115],[9.1955102,48.4833165],[9.1954729,48.4834062],[9.1956374,48.4834698],[9.1957344,48.4834988],[9.1955741,48.4836452],[9.1954904,48.4837461],[9.1953689,48.4839867],[9.1949341,48.48513],[9.1949725,48.4851896],[9.1950404,48.48523],[9.1951553,48.4852344],[9.1952622,48.4852132],[9.195223,48.4853007],[9.1948142,48.485937],[9.193529,48.4872084],[9.1931346,48.4875453],[9.1927813,48.4879448],[9.1926277,48.4882242],[9.1922699,48.4896169],[9.1917322,48.4904346],[9.1915956,48.4905391],[9.1904372,48.4900638],[9.189736,48.4892923],[9.1884522,48.4888922],[9.188072,48.4887817],[9.1879636,48.4886763],[9.1896035,48.4844062]]},"properties":{"landuse":"residential","name":"Hohbuch"}},
{"type":"Feature","geometry":{"type":"LineString","coordinates":[[9.2118736,48.4980827],[9.2110939,48.4973012],[9.2105982,48.4968227],[9.2108629,48.4966957],[9.2110462,48.4966001],[9.2112034,48.4965066],[9.2114551,48.4963553],[9.211822,48.4961297],[9.2122412,48.4964041],[9.2125824,48.4966449],[9.2131473,48.4970636],[9.213265,48.4971727],[9.2153568,48.4987849],[9.2144336,48.4996002],[9.2141439,48.499405],[9.2138552,48.4995745],[9.2118736,48.4980827]]},"properties":{"landuse":"residential"}},
{"type":"Feature","geometry":{"type":"LineString","coordinates":[[9.1904372,48.4900638],[9.1900426,48.4901653],[9.1886345,48.4898684],[9.187882,48.489656],[9.1875366,48.4900522],[9.1874336,48.490042],[9.1856693,48.4894724],[9.1843967,48.4890873],[9.184641,48.4890256],[9.1843702,48.4888611],[9.183788,48.4886405],[9.1834077,48.4886319],[9.1831433,48.4884511],[9.1826467,48.4881938],[9.1823602,48.4875807],[9.1826418,48.4873318],[9.1816065,48.4866189],[9.1812605,48.4865781],[9.1809922,48.4868305],[9.1801366,48.4863853],[9.1803537,48.4858148],[9.1797502,48.485342],[9.1803494,48.4849188],[9.1807283,48.4846274],[9.1819752,48.4844035],[9.1830195,48.4845195],[9.1840143,48.4847785],[9.1861828,48.4854723],[9.186563,48.4849788],[9.1871852,48.4852185],[9.1877505,48.4847472],[9.1875736,48.4844448],[9.1881464,48.484305],[9.1885447,48.4845303],[9.1896035,48.4844062],[9.1879636,48.4886763],[9.188072,48.4887817],[9.1884522,48.4888922],[9.189736,48.4892923],[9.1904372,48.4900638]]},"properties":{"landuse":"residential","name":"Schafstall"}},
{"type":"Feature","geometry":{"type":"LineString","coordinates":[[9.2047165,48.4916925],[9.2049388,48.4918181],[9.2052352,48.4919881],[9.2056756,48.4922347],[9.2061987,48.4925473],[9.2065478,48.4927683],[9.2067103,48.4928779],[9.2067702,48.4929733],[9.2067531,48.4930856],[9.2064367,48.4933558],[9.2061117,48.4935938],[9.2057725,48.4934375],[9.2054561,48.4933059],[9.2052117,48.4932165],[9.2049017,48.4931189],[9.2045508,48.4930155],[9.2039633,48.4928654],[9.2033616,48.4927472],[9.2030553,48.4926978],[9.2026723,48.4926417],[9.202496,48.4923525],[9.2029414,48.4921582],[9.2032286,48.4920204],[9.2035849,48.4918041],[9.2038956,48.491619],[9.2041664,48.4915236],[9.2043217,48.491483],[9.2044657,48.4915188],[9.2047165,48.4916925]]},"properties":{"landuse":"residential"}},
{"type":"Feature","geometry":{"type":"LineString","coordinates":[[9.2176441,48.4998482],[9.2182355,48.5000978],[9.2184952,48.5002178],[9.2186731,48.5003325],[9.218867,48.5005078],[9.2190113,48.5006702],[9.2191748,48.5009432],[9.2193832,48.5013255],[9.2196204,48.501812],[9.2197278,48.5020839],[9.2197775,48.5023749],[9.2198723,48.5030239],[9.2200163,48.5033817],[9.2199859,48.5034401],[9.2198737,48.5034719],[9.2196941,48.5034114],[9.2194281,48.5032988],[9.2188687,48.5029887],[9.2182131,48.5026393],[9.217487,48.5022772],[9.2166487,48.5018555],[9.2157719,48.5014286],[9.2150891,48.5010951],[9.215267,48.5009443],[9.2154225,48.5009177],[9.215618,48.5008975],[9.2157815,48.5008752],[9.2160364,48.5008317],[9.2162928,48.5007627],[9.2165541,48.5006596],[9.2167849,48.5005513],[9.2170254,48.5004079],[9.2172049,48.5002911],[9.2173684,48.5001371],[9.2175367,48.4999618],[9.2176441,48.4998482]]},"properties":{"landuse":"residential"}},
{"type":"Feature","geometry":{"type":"LineString","coordinates":[[9.2047007,48.4981227],[9.2049485,48.4982247],[9.2051853,48.4983255],[9.2055099,48.498461],[9.2056637,48.4985265],[9.2060862,48.4987042],[9.2064507,48.4988605],[9.2071477,48.4991513],[9.207219,48.4991803],[9.2073739,48.4992423],[9.2073703,48.4992779],[9.2053747,48.5006019],[9.2055639,48.5007426],[9.205397,48.5008315],[9.2054391,48.5010704],[9.2053374,48.5009421],[9.2052339,48.500813],[9.2051431,48.5007218],[9.2050898,48.5006818],[9.2049247,48.5005846],[9.2048878,48.5005398],[9.2048404,48.5004821],[9.2047954,48.5004188],[9.2047491,48.5003509],[9.2046957,48.5002556],[9.2046541,48.500169],[9.2046117,48.5000672],[9.2045101,48.4996802],[9.2044948,48.4987161],[9.2045088,48.4985214],[9.2045253,48.4983867],[9.2045517,48.4982522],[9.2046024,48.4980882],[9.2047007,48.4981227]]},"properties":{"landuse":"residential"}},
{"type":"Feature","geometry":{"type":"LineString","coordinates":[[9.1947949,48.4981397],[9.1949364,48.4981748],[9.1953347,48.4981601],[9.1960649,48.4981646],[9.1969085,48.4981819],[9.1969983,48.4981677],[9.1970372,48.4981295],[9.1970734,48.4980815],[9.197034499999999,48.4978451],[9.1957624,48.4974965],[9.1946323,48.497275],[9.1945099,48.4972709],[9.1947949,48.4981397]]},"properties":{"landuse":"residential"}},
{"type":"Feature","geometry":{"type":"LineString","coordinates":[[9.2156857,48.4987048],[9.2164189,48.4990946],[9.2168923,48.499315],[9.217104,48.4993928],[9.2178867,48.4973395],[9.2156857,48.4987048]]},"properties":{"landuse":"residential"}},
{"type":"Feature","geometry":{"type":"LineString","coordinates":[[9.2097468,48.4983413],[9.2097176,48.4983405],[9.2095435,48.4983906],[9.2094573,48.498448],[9.2093519,48.4985668],[9.2093092,48.4986798],[9.2092743,48.4988274],[9.2092522,48.4991961],[9.2092702,48.4992776],[9.2093156,48.4993301],[9.209376,48.4993687],[9.2094935,48.4993967],[9.2102392,48.4994689],[9.2103526,48.4994469],[9.2104495,48.499409],[9.210508,48.4993705],[9.2105195,48.4993198],[9.210507,48.4992716],[9.2097468,48.4983413]]},"properties":{"landuse":"residential","residential":"urban"}},
{"type":"Feature","geometry":{"type":"LineString","coordinates":[[9.2097029,48.4994854],[9.2100157,48.4995236],[9.2099312,48.4997424],[9.2095825,48.4996406],[9.2097029,48.4994854]]},"properties":{"landuse":"residential","residential":"urban"}},
{"type":"Feature","geometry":{"type":"LineString","coordinates":[[9.1923964,48.49346],[9.1931941,48.493465],[9.1932565,48.493459],[9.1933099,48.4934398],[9.1933358,48.4934176],[9.193351,48.4933732],[9.1932885,48.4928592],[9.1932371,48.4928597],[9.1924094,48.4928436],[9.1923964,48.49346]]},"properties":{"landuse":"residential","residential":"apartments"}},
{"type":"Feature","geometry":{"type":"MultiPolygon","coordinates":[[[[9.1600932,48.501737],[9.160775,48.5011708],[9.1620898,48.5004255],[9.1626036,48.4998926],[9.1635093,48.4992926],[9.1635028,48.499137],[9.1641042,48.4988259],[9.1642795,48.4988567],[9.1649321,48.4984684],[9.1654618,48.4980494],[9.165969,48.4980535],[9.166286,48.4975926],[9.1661704,48.4973342],[9.1660272,48.4972596],[9.1659993,48.4972444],[9.1659243,48.497202],[9.1658271,48.4971423],[9.1657417,48.4970893],[9.165631,48.4970166],[9.1655266,48.4969433],[9.1654747,48.4969047],[9.1653017,48.4967634],[9.1659379,48.4965363],[9.168035,48.4955406],[9.1684876,48.4953262],[9.1686685,48.4952405],[9.1700244,48.4945596],[9.1704751,48.4943327],[9.1709444,48.4941106],[9.1715283,48.4938859],[9.1723726,48.4936209],[9.1738901,48.4933566],[9.1748552,48.4933619],[9.1764838,48.49369],[9.1770357,48.4938087],[9.1777652,48.49421],[9.1783442,48.494854],[9.1776845,48.4951655],[9.1764011,48.4957745],[9.1761129,48.4959116],[9.1763323,48.4961225],[9.1765639,48.4963459],[9.1765992,48.4963271],[9.1767323,48.496257],[9.1767707,48.4962372],[9.1769375,48.4961512],[9.177088,48.4960788],[9.177245,48.4960044],[9.1773931,48.4959395],[9.1775409,48.4958787],[9.1776894,48.4958212],[9.1778395,48.4957645],[9.1779873,48.4957124],[9.1781587,48.4956549],[9.1783138,48.4956044],[9.1784024,48.4955765],[9.1784953,48.495548],[9.1785923,48.4955202],[9.1786928,48.4954923],[9.1788828,48.4954421],[9.1790081,48.4954108],[9.1791265,48.4953822],[9.1793436,48.495337],[9.1795632,48.4952924],[9.1798139,48.4952459],[9.1799115,48.4952311],[9.1800403,48.4952117],[9.1801591,48.4951948],[9.1802593,48.4951822],[9.1803667,48.4951701],[9.1804832,48.4951579],[9.1805988,48.4951458],[9.1807082,48.4951358],[9.1807897,48.495128],[9.1808787,48.4951205],[9.1809717,48.4951138],[9.1810517,48.4951083],[9.1813623,48.4950906],[9.1814508,48.4950854],[9.1816484,48.4950744],[9.1819015,48.4950624],[9.1822188,48.4950446],[9.1823607,48.4950368],[9.1825204,48.495028],[9.1827147,48.4950164],[9.1828602,48.4950075],[9.1832439,48.4949858],[9.1836294,48.4949656],[9.1838126,48.494958],[9.1840026,48.4949478],[9.1841909,48.4949362],[9.1843735,48.4949211],[9.1844133,48.4949184],[9.1845389,48.4949118],[9.18466,48.4949034],[9.1847314,48.4948931],[9.1848146,48.4948793],[9.1849037,48.4948637],[9.1851508,48.4948195],[9.1854502,48.4947653],[9.1857512,48.4947139],[9.1861821,48.494638],[9.1862877,48.4946184],[9.1863918,48.4945985],[9.1864904,48.4945777],[9.1865944,48.4945551],[9.1867233,48.4945258],[9.1868586,48.4944941],[9.1869323,48.4944751],[9.1870426,48.494446],[9.1870737,48.4944378],[9.1870923,48.4944332],[9.1871266,48.4944246],[9.1875952,48.4962336],[9.1879948,48.4962008],[9.1880624,48.4966024],[9.1880738,48.4966698],[9.1880858,48.4968099],[9.1873569,48.4971545],[9.1863473,48.4976243],[9.1857047,48.4978453],[9.1851887,48.4979279],[9.1852372,48.4980946],[9.1854696,48.4988936],[9.1872971,48.4982614],[9.187744,48.4989031],[9.1880116,48.4992783],[9.1881367,48.4992528],[9.1882342,48.4992329],[9.1884279,48.4992075],[9.1888745,48.499633],[9.1903805,48.4990662],[9.1905153,48.4990104],[9.1907497,48.4992698],[9.1907779,48.499297],[9.1905338,48.4993976],[9.1904777,48.4994207],[9.1901884,48.4995397],[9.1898093,48.4996957],[9.1894566,48.4998408],[9.1893637,48.499879],[9.1891298,48.4999602],[9.1890055,48.5000043],[9.1888871,48.5000449],[9.1885004,48.5001833],[9.1882977,48.5002525],[9.1881124,48.5003161],[9.1879914,48.5003547],[9.1875894,48.500483],[9.1873885,48.5005481],[9.1871864,48.5006112],[9.1872841,48.5008741],[9.1875131,48.5014834],[9.1875911,48.5015439],[9.1887993,48.5018576],[9.1902662,48.5026249],[9.1907485,48.5032297],[9.1907746,48.5036628],[9.1905711,48.5037204],[9.1905492,48.5042655],[9.1902544,48.5042749],[9.1915312,48.5056978],[9.1918214,48.5068967],[9.1920845,48.5070661],[9.1923305,48.5072154],[9.1927542,48.507472],[9.1931927,48.5077279],[9.1932558,48.5077616],[9.1933968,48.5078404],[9.1935576,48.5079253],[9.193632,48.5079601],[9.193695,48.5079881],[9.1937542,48.5080115],[9.1937982,48.508025],[9.1938498,48.5080392],[9.1939072,48.5080506],[9.1939704,48.5080581],[9.1940483,48.5080659],[9.1941352,48.5080734],[9.1941258,48.5081004],[9.1941183,48.508129],[9.1941085,48.5081789],[9.1941021,48.5082335],[9.1941012,48.5083086],[9.1941052,48.5083904],[9.1941146,48.508446],[9.1941317,48.5085107],[9.1941597,48.508595],[9.1941935,48.5086887],[9.1942362,48.5087903],[9.1942533,48.5088352],[9.1924738,48.5089708],[9.1892184,48.5077789],[9.1852657,48.5065134],[9.1846999,48.5069835],[9.1846569,48.5071677],[9.1843332,48.5080464],[9.1840221,48.5089136],[9.1816457,48.5084667],[9.1803765,48.508229300000007],[9.1792232,48.5079934],[9.179099,48.5079688],[9.1794059,48.5071681],[9.1793497,48.5070957],[9.1792002,48.5070538],[9.1790239,48.5070016],[9.1789179,48.5069037],[9.1788398,48.506243],[9.1788098,48.5061399],[9.1787817,48.50607],[9.1786781,48.5060447],[9.1784323,48.5060111],[9.1778779,48.5059345],[9.1766483,48.5057793],[9.1758972,48.5056567],[9.1753986,48.5055968],[9.1747325,48.5055129],[9.1735373,48.5053484],[9.1723943,48.5051672],[9.1723372,48.505015],[9.1723111,48.5049204],[9.1722821,48.5048148],[9.1722664,48.5047157],[9.1722559,48.5046032],[9.1720388,48.5045925],[9.1718024,48.5045562],[9.1715713,48.5045135],[9.1713544,48.5044606],[9.1711219,48.5043947],[9.1709957,48.5043535],[9.1708571,48.5043103],[9.1706165,48.5042326],[9.1704259,48.5041737],[9.170348,48.5041478],[9.1703099,48.5041204],[9.1696825,48.5036361],[9.1694853,48.502722],[9.1704203,48.5023499],[9.1702529,48.5021311],[9.1708021,48.5013891],[9.1710202,48.5004885],[9.1709967,48.5002562],[9.1709051,48.50026],[9.1708998,48.5002232],[9.1708656,48.49995],[9.1708221,48.4997867],[9.1708147,48.4997646],[9.1710734,48.4997273],[9.1715453,48.4996587],[9.1713821,48.4991946],[9.1712706,48.4989889],[9.1712066,48.4988527],[9.1711692,48.4987825],[9.1710945,48.4986433],[9.1707067,48.4982589],[9.1687221,48.4989373],[9.1683878,48.4989334],[9.1677502,48.4993016],[9.1667852,48.4997157],[9.1644359,48.5010301],[9.1625591,48.5021987],[9.1619444,48.5025557],[9.1616877,48.5026914],[9.1615003,48.5027654],[9.1608212,48.5022736],[9.1600932,48.501737]]]]},"properties":{"landuse":"residential"}},
{"type":"Feature","geometry":{"type":"MultiPolygon","coordinates":[[[[9.2058975,48.5020138],[9.2059499,48.5019624],[9.2060085,48.5019403],[9.2060487,48.5019292],[9.2061099,48.5019113],[9.2061817,48.5018937],[9.2063175,48.5018686],[9.2063848,48.5018647],[9.2064647,48.5018708],[9.2065564,48.5018932],[9.2066274,48.5019208],[9.2067152,48.5019671],[9.2068313,48.5020413],[9.2069408,48.5021123],[9.2070561,48.502194],[9.2075139,48.5025089],[9.2075292,48.5025185],[9.2076614,48.5026109],[9.2078421,48.5027164],[9.2079463,48.5027754],[9.2080101,48.5028086],[9.208078,48.5028408],[9.2081515,48.502869],[9.2081958,48.5028846],[9.2083194,48.5029223],[9.2084685,48.5029637],[9.2085869,48.5030013],[9.2089253,48.5031114],[9.2091302,48.5031767],[9.209374,48.5032542],[9.2095223,48.5032975],[9.2096655,48.5033393],[9.2098672,48.5033925],[9.2100649,48.5034401],[9.2102413,48.5034797],[9.2104619,48.5035228],[9.2106877,48.5035668],[9.2109083,48.5036114],[9.211905,48.5038336],[9.212013,48.5038721],[9.2122214,48.5037968],[9.2123073,48.5037726],[9.2124727,48.5037423],[9.2128471,48.5044054],[9.2129207,48.5045165],[9.2131432,48.5048854],[9.2132005,48.504952],[9.2133298,48.5050729],[9.2134433,48.5051525],[9.2136138,48.5052746],[9.2137538,48.505371],[9.2139988,48.5054812],[9.2142135,48.5055601],[9.214427,48.5056351],[9.2147347,48.5057301],[9.2148131,48.5057619],[9.2149434,48.505813],[9.2150554,48.5058733],[9.2151518,48.5059366],[9.2152299,48.5059974],[9.2152945,48.5060573],[9.2153543,48.5061226],[9.2153993,48.5061864],[9.2154625,48.5062837],[9.2155239,48.5063854],[9.2156499,48.5065919],[9.2157726,48.5067996],[9.2158868,48.5070134],[9.215944,48.5071208],[9.2160167,48.5072419],[9.2161548,48.50748],[9.2162791,48.5077402],[9.2165025,48.5081591],[9.2165899,48.5083297],[9.2166388,48.5084164],[9.216661,48.5084558],[9.2167895,48.5086585],[9.2168805,48.5088021],[9.2171828,48.5092439],[9.2171742,48.5093565],[9.2172644,48.5094855],[9.2173466,48.5095898],[9.2175808,48.5098961],[9.2177104,48.5100312],[9.2180132,48.5103314],[9.218429,48.5106985],[9.2186359,48.510885],[9.218647,48.5109294],[9.2186021,48.5109953],[9.2185142,48.5110325],[9.217764,48.5120763],[9.2176454,48.5122056],[9.2171106,48.5128609],[9.2139784,48.5117317],[9.2130522,48.5113722],[9.2106805,48.51044],[9.2103106,48.5103901],[9.2102242,48.5103118],[9.2101714,48.5102745],[9.2101089,48.5102345],[9.2099442,48.5101471],[9.209761,48.510056],[9.2095776,48.5099661],[9.2093185,48.5098453],[9.2092237,48.5097844],[9.2091122,48.509698],[9.2090201,48.5095992],[9.2088711,48.5093945],[9.2075021,48.5075414],[9.2070859,48.5071195],[9.2067199,48.5066901],[9.2063371,48.5060208],[9.2062686,48.5056318],[9.2062149,48.5054886],[9.2062592,48.5050977],[9.2062469,48.5041612],[9.2062369,48.5040129],[9.2062306,48.503927],[9.2062153,48.5037239],[9.206183,48.5035177],[9.206168,48.5034189],[9.2061549,48.503308],[9.2060759,48.5029166],[9.2060525,48.5028044],[9.2060448,48.5027553],[9.2060077,48.5025573],[9.2059868,48.5024381],[9.2059479,48.502221],[9.2059286,48.5021349],[9.2058975,48.5020138]]]]},"properties":{"landuse":"residential","name":"Voller Brunnen"}},
{"type":"Feature","geometry":{"type":"MultiPolygon","coordinates":[[[[9.1951178,48.5071075],[9.1951803,48.5070629],[9.1952355,48.5070229],[9.1953514,48.5069415],[9.1954126,48.5068904],[9.1954689,48.50684],[9.19553,48.5067818],[9.1955562,48.506754],[9.1955797,48.506727],[9.1956136,48.5066871],[9.1956631,48.506615],[9.1957023,48.5065529],[9.1957453,48.506484],[9.1958296,48.5063461],[9.1960007,48.5060716],[9.1961679,48.5058008],[9.1963323,48.5055327],[9.1963839,48.5054455],[9.1964285,48.5053645],[9.1964689,48.5052616],[9.1965039,48.5051459],[9.1965243,48.5050558],[9.1965411,48.5049544],[9.1965567,48.5048851],[9.1965679,48.5048291],[9.1965837,48.5047673],[9.1966139,48.5046633],[9.1966454,48.5045725],[9.196659,48.5045367],[9.1966721,48.5045024],[9.1967003,48.5044398],[9.196741,48.504354],[9.196763,48.5043156],[9.1967824,48.5042818],[9.1968308,48.5042045],[9.1969107,48.5040856],[9.1969784,48.5039787],[9.1970588,48.5038341],[9.1971097,48.5037217],[9.1971393,48.5036317],[9.1971591,48.5035406],[9.1971639,48.5034434],[9.1971718,48.5033469],[9.1971792,48.5032445],[9.1971883,48.5031491],[9.1971959,48.5030857],[9.1972116,48.5030124],[9.1972365,48.5029379],[9.1972635,48.5028713],[9.197301,48.5027902],[9.1973397,48.5027232],[9.1973704,48.5026759],[9.1974291,48.5025959],[9.1975663,48.5024344],[9.1976358,48.5023551],[9.1977076,48.5022773],[9.1977819,48.5022035],[9.1978565,48.5021308],[9.1979367,48.5020527],[9.1980039,48.5019898],[9.1980255,48.5019738],[9.1981245,48.5018895],[9.1981748,48.5018476],[9.198225,48.5018092],[9.1982934,48.5017588],[9.1983673,48.5017079],[9.1984276,48.5016701],[9.1984716,48.5016445],[9.1985186,48.5016189],[9.1985777,48.5015899],[9.1986425,48.5015604],[9.1987681,48.5015066],[9.1988451,48.501533],[9.1989698,48.5014726],[9.1991079,48.5013748],[9.1992004,48.5012842],[9.1992836,48.5011687],[9.1993211,48.5010798],[9.1993439,48.500935],[9.1993292,48.5007981],[9.1992983,48.5007199],[9.1993091,48.5006608],[9.1993754,48.5006155],[9.1995256,48.5005786],[9.1996296,48.5005817],[9.199777,48.5006278],[9.2008262,48.5010856],[9.2019244,48.5015493],[9.2019475,48.5016236],[9.2012677,48.5023453],[9.2025482,48.5029712],[9.2018805,48.503789],[9.2016303,48.504084],[9.2029631,48.5046551],[9.2035537,48.5048014],[9.2037458,48.5047266],[9.2040757,48.5048111],[9.2035706,48.5056865],[9.2036669,48.5057606],[9.2045886,48.5062627],[9.2047455,48.5063165],[9.2046261,48.5064377],[9.2045945,48.5065074],[9.2046191,48.5065691],[9.2046889,48.5066006],[9.2044485,48.5068356],[9.2042657,48.5071703],[9.2041403,48.5075192],[9.2040615,48.5078611],[9.2039898,48.50821],[9.2039397,48.5085708],[9.2039131,48.5091535],[9.2038294,48.5091629],[9.203761,48.5091999],[9.2036977,48.5092418],[9.2036627,48.5092945],[9.2036647,48.5097957],[9.2038057,48.5107245],[9.2038021,48.5109121],[9.2037933,48.5112333],[9.2037876,48.511447],[9.2036533,48.5117358],[9.2034174,48.5120512],[9.2033644,48.5121168],[9.2030798,48.51209],[9.2023966,48.5118718],[9.2002419,48.5111882],[9.1987262,48.5101285],[9.1964358,48.5082811],[9.1951178,48.5071075]]]]},"properties":{"landuse":"residential","name":"Römerschanze"}},
{"type":"Feature","geometry":{"type":"MultiPolygon","coordinates":[[[[9.1871864,48.5006112],[9.1873885,48.5005481],[9.1875894,48.500483],[9.1879914,48.5003547],[9.1881124,48.5003161],[9.1882977,48.5002525],[9.1885004,48.5001833],[9.1888871,48.5000449],[9.1890055,48.5000043],[9.1891298,48.4999602],[9.1893637,48.499879],[9.1894566,48.4998408],[9.1898093,48.4996957],[9.1901884,48.4995397],[9.1904777,48.4994207],[9.1905338,48.4993976],[9.1907779,48.499297],[9.1908486,48.4992685],[9.1910674,48.4991801],[9.1913602,48.4990572],[9.1914442,48.4990258],[9.1915292,48.4989983],[9.1920863,48.4988238],[9.1926264,48.4986627],[9.1926919,48.4986432],[9.1928116,48.4986112],[9.1932291,48.4985202],[9.1936651,48.4984321],[9.1940072,48.4983654],[9.194218,48.4983309],[9.1943757,48.498304],[9.1945928,48.4982658],[9.1947881,48.498232],[9.1948255,48.4982251],[9.1948605,48.4982201],[9.1949102,48.4982132],[9.194999,48.4982018],[9.1950891,48.4981952],[9.1951928,48.4981918],[9.1953012,48.4981904],[9.1954326,48.4981887],[9.1956853,48.4981872],[9.1959027,48.498188],[9.1960603,48.4981947],[9.1962041,48.4982038],[9.1963624,48.4982212],[9.1964446,48.4982341],[9.1964307,48.4982778],[9.1964198,48.4983304],[9.1964207,48.4983747],[9.1964251,48.4984423],[9.1964333,48.4984863],[9.196445,48.498539],[9.1964592,48.4985957],[9.1964749,48.4986459],[9.1965078,48.4987194],[9.1965539,48.4988099],[9.1966058,48.498896],[9.1966402,48.4989487],[9.1966646,48.4989868],[9.1966955,48.4990248],[9.196734,48.4990741],[9.1967826,48.4991335],[9.1968295,48.4991901],[9.1968768,48.4992413],[9.1969635,48.49933],[9.1970615,48.4994227],[9.1971478,48.4995015],[9.1972123,48.4995532],[9.1972687,48.4995967],[9.1973279,48.4996409],[9.1973941,48.4996864],[9.1974988,48.4997563],[9.1977397,48.4999051],[9.1978412,48.4999557],[9.1979423,48.5000059],[9.1980359,48.5000679],[9.1980656,48.5001812],[9.1981721,48.5002782],[9.1983622,48.5003485],[9.1985579,48.5003914],[9.198712,48.5004246],[9.1988435,48.5004568],[9.1989387,48.5004978],[9.19902,48.5005416],[9.1990943,48.5006073],[9.1991472,48.5006825],[9.19917,48.5007599],[9.1991802,48.5008816],[9.1992488,48.5009776],[9.1992245,48.5010729],[9.1992111,48.5011291],[9.1992168,48.5011759],[9.1991659,48.501248],[9.1991007,48.5013197],[9.1990371,48.5013734],[9.1989497,48.5014273],[9.198859,48.5014675],[9.1987681,48.5015066],[9.1986425,48.5015604],[9.1985777,48.5015899],[9.1985186,48.5016189],[9.1984716,48.5016445],[9.1984276,48.5016701],[9.1983673,48.5017079],[9.1982934,48.5017588],[9.198225,48.5018092],[9.1981748,48.5018476],[9.1981245,48.5018895],[9.1980255,48.5019738],[9.1980039,48.5019898],[9.1979367,48.5020527],[9.1978565,48.5021308],[9.1977819,48.5022035],[9.1977076,48.5022773],[9.1976358,48.5023551],[9.1975663,48.5024344],[9.1974291,48.5025959],[9.1973704,48.5026759],[9.1973397,48.5027232],[9.197301,48.5027902],[9.1972635,48.5028713],[9.1972365,48.5029379],[9.1972116,48.5030124],[9.1971959,48.5030857],[9.1971883,48.5031491],[9.1971792,48.5032445],[9.1971718,48.5033469],[9.1971639,48.5034434],[9.1971591,48.5035406],[9.1971393,48.5036317],[9.1971097,48.5037217],[9.1970588,48.5038341],[9.1969784,48.5039787],[9.1969107,48.5040856],[9.1968308,48.5042045],[9.1967824,48.5042818],[9.196763,48.5043156],[9.196741,48.504354],[9.1967003,48.5044398],[9.1966721,48.5045024],[9.196659,48.5045367],[9.1966454,48.5045725],[9.1966139,48.5046633],[9.1965837,48.5047673],[9.1965679,48.5048291],[9.1965567,48.5048851],[9.1965411,48.5049544],[9.1965243,48.5050558],[9.1965039,48.5051459],[9.1964689,48.5052616],[9.1964285,48.5053645],[9.1963839,48.5054455],[9.1963323,48.5055327],[9.1961679,48.5058008],[9.1960007,48.5060716],[9.1958296,48.5063461],[9.1957453,48.506484],[9.1957023,48.5065529],[9.1956631,48.506615],[9.1956136,48.5066871],[9.1955797,48.506727],[9.1955562,48.506754],[9.19553,48.5067818],[9.1954689,48.50684],[9.1954126,48.5068904],[9.1953514,48.5069415],[9.1952355,48.5070229],[9.1951803,48.5070629],[9.1951178,48.5071075],[9.1950339,48.5071665],[9.1949459,48.5072288],[9.1948258,48.5073143],[9.1946992,48.5074047],[9.1946085,48.5074717],[9.194551,48.5075156],[9.194497,48.5075641],[9.1944592,48.5075984],[9.1944232,48.5076353],[9.1943808,48.5076792],[9.1943392,48.5077271],[9.1943111,48.5077608],[9.1942809,48.5077986],[9.194246,48.5078474],[9.1942158,48.5078979],[9.194192,48.5079402],[9.1941693,48.5079872],[9.1941519,48.5080284],[9.1941352,48.5080734],[9.1940483,48.5080659],[9.1939704,48.5080581],[9.1939072,48.5080506],[9.1938498,48.5080392],[9.1937982,48.508025],[9.1937542,48.5080115],[9.193695,48.5079881],[9.193632,48.5079601],[9.1935576,48.5079253],[9.1933968,48.5078404],[9.1932558,48.5077616],[9.1931927,48.5077279],[9.1927542,48.507472],[9.1923305,48.5072154],[9.1920845,48.5070661],[9.1918214,48.5068967],[9.1915328,48.5056974],[9.1902544,48.5042749],[9.1905492,48.5042655],[9.1905711,48.5037204],[9.1907746,48.5036628],[9.1907485,48.5032297],[9.1902662,48.5026249],[9.1887993,48.5018576],[9.1875918,48.5015427],[9.1875131,48.5014834],[9.1872841,48.5008741],[9.1871864,48.5006112]]]]},"properties":{"landuse":"residential"}},
{"type":"Feature","geometry":{"type":"MultiPolygon","coordinates":[[[[9.1942132,48.4951189],[9.1943112,48.4950858],[9.1943996,48.495056],[9.1946177,48.4949786],[9.1949195,48.4948708],[9.1949876,48.4948467],[9.1951586,48.4947854],[9.1954052,48.4946971],[9.1954665,48.4946755],[9.1958606,48.4945437],[9.1962741,48.4944143],[9.1969078,48.4941943],[9.1972107,48.4940798],[9.1972716,48.4940577],[9.197845,48.4938546],[9.1979544,48.4938144],[9.1980015,48.4937975],[9.1981642,48.4937392],[9.1982991,48.4936886],[9.1991537,48.4933855],[9.1992444,48.4933568],[9.1994305,48.4932976],[9.1998733,48.4931437],[9.2003112,48.4929887],[9.2007917,48.4928144],[9.2008248,48.4927999],[9.2009173,48.4927689],[9.200964,48.4927582],[9.200994,48.4927516],[9.2010254,48.4927476],[9.201059,48.492748],[9.2010941,48.4927513],[9.2012416,48.4927886],[9.2013369,48.4928131],[9.2013663,48.4928206],[9.2013971,48.4928287],[9.2016507,48.4928958],[9.202814,48.4931951],[9.2033232,48.493325],[9.2036483,48.4934097],[9.204111,48.4935283],[9.2040804,48.4935852],[9.2039914,48.4937507],[9.2036795,48.4943128],[9.2038901,48.494468],[9.2038798,48.4949536],[9.2039975,48.4949509],[9.2041841,48.4949572],[9.2043796,48.4949756],[9.2044994,48.4949896],[9.2046477,48.4950134],[9.2047373,48.495032],[9.2048706,48.495062],[9.204995,48.4950929],[9.2051063,48.4951199],[9.2051823,48.4951371],[9.2052591,48.4951524],[9.2053239,48.4951625],[9.2053497,48.4951655],[9.2053936,48.4951681],[9.2054611,48.4951669],[9.2056337,48.4955229],[9.2056974,48.4957091],[9.2057021,48.4959393],[9.2056625,48.4961837],[9.2055921,48.4963379],[9.2054728,48.4964792],[9.2052542,48.4967111],[9.2050952,48.4969386],[9.205019,48.4971269],[9.2045608,48.4971445],[9.2045397,48.4971112],[9.2045029,48.4970857],[9.2044591,48.4970649],[9.2043945,48.4970456],[9.2043147,48.497024],[9.2040501,48.4969712],[9.2037303,48.4969111],[9.2037071,48.4969059],[9.2035165,48.496871],[9.202828,48.496727],[9.2023754,48.4966414],[9.2021583,48.4966061],[9.2015234,48.4964825],[9.2011692,48.4964156],[9.2011142,48.4964062],[9.2010583,48.4963993],[9.2010202,48.4963949],[9.2009777,48.4963925],[9.2009203,48.4963914],[9.2008376,48.496392],[9.2003245,48.4964018],[9.2000883,48.4963987],[9.2000474,48.4963971],[9.2000071,48.4963935],[9.1999399,48.4963852],[9.1998285,48.4963702],[9.1995919,48.4963365],[9.1994135,48.4963121],[9.199221,48.4970436],[9.199118,48.4970286],[9.1987765,48.4970344],[9.1987813,48.4968645],[9.1982972,48.4968605],[9.1981091,48.4968606],[9.1979831,48.4968626],[9.1975737,48.4968253],[9.197495,48.4968098],[9.1972553,48.4967105],[9.1972518,48.4966253],[9.1972625,48.4965512],[9.1973148,48.4964108],[9.1973846,48.4962579],[9.1974501,48.4961133],[9.1973757,48.4961124],[9.1972583,48.4961099],[9.197129,48.4961115],[9.1970237,48.4961134],[9.1969873,48.4961143],[9.1969139,48.4961162],[9.1967099,48.4961231],[9.1965243,48.496131],[9.1964607,48.4961333],[9.1963432,48.4961378],[9.1962694,48.496141],[9.1960985,48.4961493],[9.1960067,48.4961551],[9.1959189,48.4961647],[9.1958709,48.4961722],[9.1958222,48.4961871],[9.195775,48.4962125],[9.195727,48.4962445],[9.1956529,48.4962964],[9.1954608,48.4961799],[9.1954059,48.4961466],[9.1953295,48.4960978],[9.1952596,48.4960545],[9.1951864,48.4960066],[9.1950966,48.4959477],[9.1950239,48.4958965],[9.194933,48.4958281],[9.1948665,48.4957763],[9.194734,48.4956671],[9.1946364,48.4955829],[9.1945398,48.4954902],[9.194456,48.4954054],[9.1943952,48.4953414],[9.194329,48.4952639],[9.1943133,48.4952434],[9.1942613,48.4951786],[9.1942132,48.4951189]]]]},"properties":{"landuse":"residential","name":"Tübinger Vorstadt"}},
{"type":"Feature","geometry":{"type":"MultiPolygon","coordinates":[[[[9.2176873,48.4996584],[9.2180331,48.4986382],[9.2185775,48.4974058],[9.2199837,48.4964011],[9.2206176,48.4959987],[9.2215471,48.4954138],[9.2238084,48.4939562],[9.2267747,48.4920073],[9.2271692,48.4916597],[9.227821,48.4908752],[9.2287312,48.4897653],[9.2289625,48.4894695],[9.2290911,48.4892873],[9.2297404,48.4877129],[9.2303123,48.4863092],[9.2303712,48.4863079],[9.2304136,48.4862994],[9.2304664,48.4862792],[9.2305017,48.4862473],[9.2329625,48.4857073],[9.2332195,48.4856709],[9.2335741,48.4856656],[9.2338565,48.4856596],[9.2340719,48.486363],[9.2341273,48.4865651],[9.2342429,48.4865844],[9.2345977,48.4866646],[9.2348039,48.486717],[9.2349888,48.4867609],[9.235695,48.4867677],[9.2362383,48.4867577],[9.236996,48.4866944],[9.2374164,48.4867081],[9.238137,48.4867309],[9.2386918,48.486855],[9.2391456,48.4869636],[9.2393911,48.487129],[9.2397468,48.4873801],[9.2399275,48.4875793],[9.2400288,48.4876368],[9.2401512,48.4877271],[9.2401565,48.4879763],[9.2401093,48.4881215],[9.2400126,48.48821],[9.239786,48.488336],[9.2396089,48.488356],[9.2391843,48.4883314],[9.2386921,48.4882584],[9.2384781,48.4882762],[9.2380653,48.4883217],[9.2378172,48.4882933],[9.2374848,48.4882775],[9.2373192,48.4882848],[9.2371433,48.4883262],[9.236846,48.4884412],[9.236357,48.4886256],[9.2362059,48.4887055],[9.2360729,48.4888339],[9.2359448,48.4889874],[9.2358467,48.4891195],[9.2358171,48.4892204],[9.2358318,48.4894098],[9.2358753,48.4895904],[9.2358861,48.4896378],[9.2359029,48.4896843],[9.2359176,48.4897121],[9.2359414,48.489752],[9.2359712,48.4897991],[9.2360037,48.4898396],[9.2360621,48.4899041],[9.236123,48.4899639],[9.2362454,48.4900842],[9.2363381,48.4901668],[9.2363647,48.4901952],[9.2363907,48.49023],[9.236421,48.4902836],[9.2364518,48.4903565],[9.2364812,48.4904391],[9.236498,48.4905242],[9.2365066,48.4905745],[9.2365083,48.4906204],[9.2364989,48.4907098],[9.2364877,48.4907986],[9.2364705,48.4908858],[9.2362741,48.4911595],[9.2359893,48.4912321],[9.2355937,48.4913529],[9.2354317,48.4915704],[9.235513,48.4920873],[9.2355174,48.492258],[9.2355036,48.4922947],[9.2354698,48.4923514],[9.2353407,48.4924466],[9.235226,48.4927248],[9.2352319,48.4929453],[9.2346583,48.4930218],[9.2334302,48.4931504],[9.2321717,48.4933748],[9.2307982,48.4935474],[9.230225,48.4934719],[9.228766,48.4938063],[9.2286101,48.4938216],[9.2284738,48.4937946],[9.2283419,48.4937272],[9.2282184,48.4933555],[9.2280838,48.4933666],[9.2280806,48.4936954],[9.2280292,48.4938002],[9.2277004,48.4940823],[9.2276581,48.4944671],[9.2272839,48.4949381],[9.2272545,48.495031],[9.2272658,48.4951739],[9.2273582,48.4953857],[9.2273516,48.4954568],[9.2273346,48.4955249],[9.2270936,48.4959463],[9.2273988,48.4963616],[9.2271192,48.4968487],[9.2268212,48.49742],[9.2268664,48.497546],[9.2277786,48.4979157],[9.2294816,48.4979094],[9.2297303,48.4975835],[9.2305246,48.4978264],[9.231466,48.4981624],[9.2320937,48.4986902],[9.2319488,48.4988395],[9.2322225,48.4991896],[9.2320662,48.4996452],[9.2326328,48.4996596],[9.2326357,48.5000874],[9.2327421,48.5003625],[9.2324707,48.5008993],[9.2321707,48.5014409],[9.2314655,48.5022196],[9.2314511,48.5027775],[9.231502,48.5031086],[9.2317268,48.5035574],[9.231599,48.5044684],[9.2311562,48.5052929],[9.2298532,48.5061114],[9.2286871,48.5058147],[9.2278213,48.5055387],[9.2246397,48.5047553],[9.2237631,48.5046045],[9.2213464,48.5039592],[9.2209979,48.5038363],[9.2207741,48.5037124],[9.2205587,48.5035543],[9.2203917,48.5033849],[9.2202649,48.5031841],[9.2201954,48.50297],[9.2201705,48.5027823],[9.2201641,48.5026411],[9.2199018,48.5019969],[9.2197123,48.5016163],[9.2195182,48.5012135],[9.2194706,48.5011054],[9.219323,48.5008453],[9.219222,48.5006089],[9.2191345,48.50038],[9.2187847,48.5001998],[9.2184014,48.5000023],[9.2176873,48.4996584]]]]},"properties":{"landuse":"residential"}},
{"type":"Feature","geometry":{"type":"MultiPolygon","coordinates":[[[[9.2216401,48.4868969],[9.2219132,48.4867906],[9.2222318,48.486526],[9.2224688,48.4863049],[9.2227792,48.4860306],[9.2231096,48.4855933],[9.2231889,48.4854801],[9.2239525,48.4845233],[9.2240414,48.484391],[9.2244633,48.4842454],[9.224635900000001,48.4841858],[9.2267562,48.4835384],[9.2269121,48.4839524],[9.2271922,48.4847363],[9.2274803,48.4855292],[9.2274947,48.4858318],[9.2273924,48.4860483],[9.2272378,48.4862969],[9.2269686,48.4865955],[9.228054,48.4864763],[9.2290068,48.4863538],[9.2297357,48.4863247],[9.2303123,48.4863092],[9.2297404,48.4877129],[9.2290911,48.4892873],[9.2289597,48.4894696],[9.227821,48.4908752],[9.2274,48.4908355],[9.2272811,48.4907872],[9.2271562,48.4907338],[9.2270176,48.4906658],[9.2268849,48.4905912],[9.2267366,48.4904961],[9.2265916,48.4903925],[9.2263025,48.4901852],[9.2260099,48.4899764],[9.2258082,48.4898336],[9.2253573,48.4895306],[9.2246334,48.4890153],[9.2242898,48.4887682],[9.2239355,48.4885149],[9.2239113,48.4885176],[9.2225115,48.4875039],[9.2216401,48.4868969]]]]},"properties":{"landuse":"residential","name":"Betzenried"}},
{"type":"Feature","geometry":{"type":"MultiPolygon","coordinates":[[[[9.2208171,48.4890318],[9.2209968,48.4885036],[9.2216015,48.4881191],[9.2219311,48.4879152],[9.2225115,48.4875039],[9.2239113,48.4885176],[9.2239355,48.4885149],[9.2242898,48.4887682],[9.2246334,48.4890153],[9.2232371,48.4898942],[9.2230428,48.4899527],[9.2223329,48.4903887],[9.2216592,48.489925],[9.2220367,48.4896856],[9.2210142,48.4890556],[9.2208171,48.4890318]]]]},"properties":{"landuse":"residential","name":"Seidenviertel"}},
{"type":"Feature","geometry":{"type":"MultiPolygon","coordinates":[[[[9.2119626,48.4959845],[9.213066,48.4953038],[9.2141225,48.4946239],[9.2145141,48.4943749],[9.2147039,48.4942656],[9.2147723,48.4942242],[9.2184794,48.491949],[9.2187707,48.4917646],[9.2175965,48.4908597],[9.217354,48.4902946],[9.2170792,48.4900214],[9.2171519,48.489964],[9.2172436,48.4898744],[9.2173382,48.4897788],[9.2175125,48.4895906],[9.2175983,48.4894962],[9.2177873,48.4893024],[9.2178214,48.4892733],[9.2178704,48.4892273],[9.2180138,48.4890927],[9.2182429,48.4889353],[9.2182792,48.4889132],[9.2183961,48.4888422],[9.2184013,48.4888405],[9.2193927,48.4882526],[9.2201397,48.4878577],[9.2207356,48.4875515],[9.2210565,48.4873691],[9.2214498,48.4870911],[9.2216401,48.4868969],[9.2225115,48.4875039],[9.2219311,48.4879152],[9.2216015,48.4881191],[9.2209968,48.4885036],[9.2208171,48.4890318],[9.2210142,48.4890556],[9.2220367,48.4896856],[9.2216592,48.489925],[9.2223329,48.4903887],[9.2230428,48.4899527],[9.2232371,48.4898942],[9.2246334,48.4890153],[9.2253573,48.4895306],[9.2258082,48.4898336],[9.2260099,48.4899764],[9.2263025,48.4901852],[9.2265916,48.4903925],[9.2267366,48.4904961],[9.2268849,48.4905912],[9.2270176,48.4906658],[9.2271562,48.4907338],[9.2272811,48.4907872],[9.2274,48.4908355],[9.227821,48.4908752],[9.2271692,48.4916597],[9.2267747,48.4920073],[9.2238084,48.4939562],[9.2215471,48.4954138],[9.2206176,48.4959987],[9.2205278,48.4959564],[9.2202935,48.4958377],[9.2178867,48.4973395],[9.2174824,48.4975128],[9.216663,48.4980342],[9.2159729,48.4984704],[9.2156371,48.4986491],[9.2145025,48.4977574],[9.213394,48.4969511],[9.2119626,48.4959845]]]]},"properties":{"landuse":"residential","name":"Oststadt"}},
{"type":"Feature","geometry":{"type":"MultiPolygon","coordinates":[[[[9.2010028,48.4760093],[9.2010128,48.4760022],[9.2017102,48.4754986],[9.2019434,48.4753302],[9.2020081,48.4749189],[9.2022128,48.4750093],[9.2026291,48.4751964],[9.203495,48.475755],[9.2036746,48.4757942],[9.2037511,48.475807],[9.2038118,48.4758875],[9.2038749,48.47597],[9.203965,48.476084],[9.2040687,48.4762033],[9.204241,48.4764123],[9.2043833,48.4765548],[9.2045097,48.4767013],[9.2046284,48.4768372],[9.2047368,48.4769481],[9.2048095,48.4770184],[9.2048816,48.4770861],[9.2049575,48.4771542],[9.2050519,48.4772021],[9.2051265,48.4772457],[9.2051939,48.4772994],[9.2053632,48.477374],[9.20564,48.4775132],[9.2061741,48.477786],[9.206621,48.4780092],[9.2070542,48.4782511],[9.2071427,48.4782957],[9.2072347,48.4783414],[9.2073197,48.4783754],[9.2074294,48.4784212],[9.2075462,48.478454],[9.2076948,48.4784892],[9.2078771,48.4785256],[9.2079779,48.478549],[9.2082062,48.4785948],[9.2083407,48.4786218],[9.208486,48.4786645],[9.2085529,48.4786833],[9.2086346,48.4787078],[9.2088227,48.4787637],[9.2089825,48.4788174],[9.2092266,48.4789101],[9.20937,48.4789689],[9.2095338,48.47904],[9.2096752,48.4791084],[9.2098248,48.479185],[9.2099099,48.4792291],[9.209988,48.4792707],[9.2101772,48.4790579],[9.2105208,48.4791059],[9.2106459,48.4788037],[9.2121792,48.4789632],[9.212549,48.4789998],[9.2131555,48.4791255],[9.2135756,48.4792211],[9.2147723,48.4794978],[9.2151102,48.4796105],[9.2155763,48.4798041],[9.2159122,48.4799796],[9.2163046,48.4801343],[9.2166885,48.4802534],[9.2167407,48.4797811],[9.2176133,48.4797197],[9.21856,48.4795523],[9.2203438,48.4792302],[9.2204526,48.4796128],[9.2205786,48.479976],[9.2206404,48.480294],[9.220753,48.4804756],[9.220943,48.4806885],[9.2210448,48.4807807],[9.2213031,48.4810199],[9.2215609,48.4813228],[9.2217226,48.4819221],[9.2218072,48.4822723],[9.2217996,48.482495],[9.2217729,48.4827299],[9.2217397,48.4833267],[9.2211985,48.4842679],[9.2212309,48.4844806],[9.2213976,48.4846061],[9.2220702,48.4849107],[9.2222842,48.4850303],[9.221488,48.4856757],[9.2205698,48.4862708],[9.2202536,48.4864541],[9.2198791,48.4866466],[9.2186038,48.4871979],[9.2182646,48.4873352],[9.2172924,48.4877795],[9.2162336,48.4881755],[9.2157401,48.4882893],[9.2152921,48.4883524],[9.2148757,48.4883715],[9.2145699,48.488384],[9.2144318,48.4883866],[9.2141448,48.4883973],[9.2136875,48.4884382],[9.2134676,48.4884737],[9.2132141,48.4885244],[9.2128342,48.4886464],[9.2125221,48.4887582],[9.2120406,48.4889528],[9.2115967,48.4891288],[9.2111273,48.4893199],[9.2108497,48.4894452],[9.2106365,48.4895626],[9.2103866,48.4897431],[9.2101707,48.4899086],[9.20986,48.4901154],[9.2095781,48.4902419],[9.2092753,48.4903474],[9.2089412,48.4904402],[9.2086128,48.4905047],[9.2083784,48.4905367],[9.2082051,48.4905585],[9.2080369,48.4900255],[9.2078964,48.4897651],[9.2077731,48.4895364],[9.2081867,48.4892664],[9.2087131,48.488973],[9.208866,48.488889],[9.2090494,48.4888164],[9.2092344,48.4887565],[9.2093899,48.4886857],[9.2096389,48.4884891],[9.2096899,48.4884293],[9.2104335,48.4874949],[9.2091588,48.4872682],[9.2082925,48.486974],[9.2082515,48.4869568],[9.2082099,48.4869353],[9.2081807,48.4869215],[9.2081477,48.486904],[9.208131,48.4868954],[9.2079363,48.4867862],[9.207849,48.4867345],[9.2077266,48.4866553],[9.2076373,48.4865968],[9.2075452,48.4865311],[9.2074639,48.4864636],[9.2073773,48.4863895],[9.2072146,48.4862412],[9.2069722,48.4860169],[9.2067259,48.4857876],[9.2064902,48.485561],[9.2063881,48.4854617],[9.206346,48.4854257],[9.2062942,48.4853871],[9.2062195,48.4853384],[9.206269,48.4853085],[9.2063124,48.4852792],[9.2063857,48.4852296],[9.2065522,48.4851081],[9.2068759,48.4848676],[9.2073427,48.4845211],[9.2074133,48.484456],[9.2074486,48.4844142],[9.2074851,48.4843684],[9.2075598,48.4842598],[9.2076064,48.4841902],[9.207758,48.4840025],[9.2080308,48.4836469],[9.2083138,48.483284],[9.2084669,48.4831011],[9.208568,48.4829577],[9.2085971,48.4829164],[9.2086807,48.4829485],[9.2087185,48.4828887],[9.2087276,48.4828161],[9.2087386,48.4826721],[9.2087919,48.4823819],[9.2088222,48.4820707],[9.2088313,48.4819698],[9.2088348,48.4819151],[9.2088347,48.4818644],[9.2088275,48.4818144],[9.2088082,48.4817617],[9.2087855,48.4817187],[9.2087574,48.4816754],[9.2086982,48.4816063],[9.2086329,48.4815389],[9.2085704,48.4814677],[9.2085022,48.4814073],[9.2084312,48.4813545],[9.2083466,48.4813114],[9.2082481,48.4812664],[9.2081466,48.4812268],[9.2080696,48.4812048],[9.2079842,48.4811853],[9.2079153,48.4811708],[9.2078469,48.4811598],[9.2077939,48.4811537],[9.2077363,48.4811478],[9.2076154,48.4811383],[9.207489,48.4811301],[9.2073598,48.4811201],[9.2072572,48.4811111],[9.2071743,48.4810991],[9.2070928,48.4810858],[9.2070468,48.4810773],[9.2069767,48.4810658],[9.2069115,48.4810491],[9.2067834,48.4810126],[9.2066312,48.4809686],[9.2064004,48.4808879],[9.206258,48.4808243],[9.2060804,48.4807584],[9.2058905,48.4806873],[9.2058325,48.480664],[9.205795,48.4806461],[9.2057733,48.4806251],[9.2057697,48.480604],[9.2057141,48.480596],[9.2056561,48.4805805],[9.2056015,48.4805567],[9.2055765,48.480544],[9.2054597,48.4804847],[9.2053085,48.4804084],[9.2051009,48.4803027],[9.2049403,48.4802209],[9.2049175,48.4802093],[9.2045143,48.4800113],[9.2044171,48.4799977],[9.2038751,48.4797101],[9.2035431,48.4795486],[9.2034548,48.4795045],[9.203355,48.4794967],[9.203298,48.4795069],[9.2033013,48.4793796],[9.2032977,48.47931],[9.2032865,48.4791717],[9.2032603,48.4789063],[9.2032477,48.4788253],[9.2032284,48.4787094],[9.2032067,48.4785856],[9.2031731,48.4784287],[9.2031435,48.4782927],[9.2030982,48.4781653],[9.2030456,48.4780278],[9.2029836,48.4778562],[9.2029651,48.4777239],[9.202944,48.4776079],[9.2029582,48.4775227],[9.2028252,48.4775017],[9.2027578,48.477491],[9.2026973,48.4774835],[9.2026208,48.4774858],[9.2024541,48.4773572],[9.2023198,48.4772537],[9.2021857,48.4771577],[9.2020531,48.4770524],[9.2018424,48.4768606],[9.2018167,48.4768372],[9.20166,48.4766946],[9.2012764,48.47634],[9.2010028,48.4760093]]]]},"properties":{"landuse":"residential"}},
{"type":"Feature","geometry":{"type":"MultiPolygon","coordinates":[[[[9.1815329,48.4912426],[9.1824506,48.4902282],[9.1847044,48.4909174],[9.1846454,48.4910098],[9.1857183,48.491504],[9.1859704,48.4911485],[9.18811,48.4919919],[9.1874291,48.4922062],[9.186354,48.4924449],[9.1858464,48.4925527],[9.1843995,48.4921296],[9.1832942,48.492166],[9.1815329,48.4912426]]]]},"properties":{"landuse":"residential"}},
{"type":"Feature","geometry":{"type":"MultiPolygon","coordinates":[[[[9.1934783,48.4920115],[9.1935435,48.4918085],[9.1937996,48.4918076],[9.1952998,48.4918926],[9.197367,48.4921227],[9.1987336,48.4922814],[9.2001101,48.4924535],[9.2006162,48.4927258],[9.2006862,48.4928436],[9.2003015,48.4929813],[9.1998672,48.4931393],[9.1991537,48.4933855],[9.1982991,48.4936886],[9.1981642,48.4937392],[9.1980015,48.4937975],[9.1979544,48.4938144],[9.19779,48.4938278],[9.1972716,48.4940347],[9.1971964,48.4940662],[9.1967271,48.4942203],[9.1963027,48.4943837],[9.1962139,48.4943009],[9.1962301,48.4941466],[9.1963213,48.4939401],[9.1963238,48.4933814],[9.1944687,48.4933392],[9.1944065,48.4933479],[9.1937818,48.4934354],[9.1937171,48.4927274],[9.1936142,48.4922965],[9.1934783,48.4920115]]]]},"properties":{"landuse":"residential"}},
{"type":"Feature","geometry":{"type":"MultiPolygon","coordinates":[[[[9.1879636,48.4886763],[9.1896035,48.4844062],[9.1896659,48.4839003],[9.1903581,48.4836192],[9.1897985,48.4829424],[9.1905699,48.4818219],[9.1909956,48.4816052],[9.1915834,48.481271],[9.1917131,48.4807845],[9.1919239,48.4806107],[9.1931359,48.4805935],[9.1937655,48.4806029],[9.1938458,48.4804564],[9.1938725,48.4803376],[9.1941073,48.4803145],[9.1942456,48.4802998],[9.1942923,48.4802948],[9.1946071,48.480264],[9.1947446,48.4802511],[9.1948804,48.4802383],[9.1950501,48.4802265],[9.1951896,48.4802219],[9.1952809,48.480221],[9.195391,48.4802221],[9.1955175,48.4802263],[9.1956161,48.4802335],[9.1957148,48.4802423],[9.1958146,48.4802531],[9.195909,48.4802703],[9.1960645,48.4803014],[9.1961454,48.4803195],[9.1962227,48.4803361],[9.1962917,48.4803538],[9.1963607,48.4803727],[9.1964343,48.4803934],[9.1965082,48.480419500000007],[9.1965865,48.4804487],[9.1966852,48.4804884],[9.1967899,48.4805345],[9.1968817,48.4805782],[9.1969673,48.4806218],[9.1970588,48.4806721],[9.1971626,48.4807369],[9.1972606,48.480801],[9.197323,48.4808453],[9.1974838,48.4809571],[9.1975645,48.4810139],[9.1976452,48.4810671],[9.1978141,48.4811812],[9.1979806,48.4812913],[9.1980901,48.4813664],[9.1981914,48.4814412],[9.198282,48.481516],[9.1983282,48.481557],[9.19837,48.4815978],[9.1984781,48.4817154],[9.1985811,48.4818268],[9.1986503,48.4818972],[9.1987294,48.4819688],[9.1988159,48.4820434],[9.1988841,48.4820949],[9.1989557,48.4821466],[9.19903,48.4821977],[9.199118,48.48225],[9.1992405,48.4823238],[9.1989519,48.4823772],[9.1988817,48.4824597],[9.1986685,48.482556],[9.1978411,48.4824909],[9.1971382,48.4826519],[9.1968747,48.4826887],[9.1966616,48.4826184],[9.1964252,48.4825815],[9.1962582,48.4825809],[9.195926,48.4827126],[9.1957981,48.4826776],[9.1954861,48.4824649],[9.1952102,48.4826272],[9.1950096,48.4827875],[9.1948777,48.482916],[9.1948094,48.4829906],[9.1948869,48.4830497],[9.1949179,48.4831203],[9.1949043,48.4832115],[9.1955102,48.4833165],[9.1954729,48.4834062],[9.1956374,48.4834698],[9.1957344,48.4834988],[9.1955741,48.4836452],[9.1954904,48.4837461],[9.1953689,48.4839867],[9.1949341,48.48513],[9.1949725,48.4851896],[9.1950404,48.48523],[9.1951553,48.4852344],[9.1952622,48.4852132],[9.195223,48.4853007],[9.1948142,48.485937],[9.193529,48.4872084],[9.1931346,48.4875453],[9.1927813,48.4879448],[9.1926277,48.4882242],[9.1922699,48.4896169],[9.1917322,48.4904346],[9.1915956,48.4905391],[9.1904372,48.4900638],[9.189736,48.4892923],[9.1884522,48.4888922],[9.188072,48.4887817],[9.1879636,48.4886763]]]]},"properties":{"landuse":"residential","name":"Hohbuch"}},
{"type":"Feature","geometry":{"type":"MultiPolygon","coordinates":[[[[9.2105982,48.4968227],[9.2108629,48.4966957],[9.2110462,48.4966001],[9.2112034,48.4965066],[9.2114551,48.4963553],[9.211822,48.4961297],[9.2122412,48.4964041],[9.2125824,48.4966449],[9.2131473,48.4970636],[9.213265,48.4971727],[9.2153568,48.4987849],[9.2144336,48.4996002],[9.2141439,48.499405],[9.2138552,48.4995745],[9.2118736,48.4980827],[9.2110939,48.4973012],[9.2105982,48.4968227]]]]},"properties":{"landuse":"residential"}},
{"type":"Feature","geometry":{"type":"MultiPolygon","coordinates":[[[[9.1797502,48.485342],[9.1803494,48.4849188],[9.1807283,48.4846274],[9.1819752,48.4844035],[9.1830195,48.4845195],[9.1840143,48.4847785],[9.1861828,48.4854723],[9.186563,48.4849788],[9.1871852,48.4852185],[9.1877505,48.4847472],[9.1875736,48.4844448],[9.1881464,48.484305],[9.1885447,48.4845303],[9.1896035,48.4844062],[9.1879636,48.4886763],[9.188072,48.4887817],[9.1884522,48.4888922],[9.189736,48.4892923],[9.1904372,48.4900638],[9.1900426,48.4901653],[9.1886345,48.4898684],[9.187882,48.489656],[9.1875366,48.4900522],[9.1874336,48.490042],[9.1856693,48.4894724],[9.1843967,48.4890873],[9.184641,48.4890256],[9.1843702,48.4888611],[9.183788,48.4886405],[9.1834077,48.4886319],[9.1831433,48.4884511],[9.1826467,48.4881938],[9.1823602,48.4875807],[9.1826418,48.4873318],[9.1816065,48.4866189],[9.1812605,48.4865781],[9.1809922,48.4868305],[9.1801366,48.4863853],[9.1803537,48.4858148],[9.1797502,48.485342]]]]},"properties":{"landuse":"residential","name":"Schafstall"}},
{"type":"Feature","geometry":{"type":"MultiPolygon","coordinates":[[[[9.202496,48.4923525],[9.2029414,48.4921582],[9.2032286,48.4920204],[9.2035849,48.4918041],[9.2038956,48.491619],[9.2041664,48.4915236],[9.2043217,48.491483],[9.2044657,48.4915188],[9.2047165,48.4916925],[9.2049388,48.4918181],[9.2052352,48.4919881],[9.2056756,48.4922347],[9.2061987,48.4925473],[9.2065478,48.4927683],[9.2067103,48.4928779],[9.2067702,48.4929733],[9.2067531,48.4930856],[9.2064367,48.4933558],[9.2061117,48.4935938],[9.2057725,48.4934375],[9.2054561,48.4933059],[9.2052117,48.4932165],[9.2049017,48.4931189],[9.2045508,48.4930155],[9.2039633,48.4928654],[9.2033616,48.4927472],[9.2030553,48.4926978],[9.2026723,48.4926417],[9.202496,48.4923525]]]]},"properties":{"landuse":"residential"}},
{"type":"Feature","geometry":{"type":"MultiPolygon","coordinates":[[[[9.2150891,48.5010951],[9.215267,48.5009443],[9.2154225,48.5009177],[9.215618,48.5008975],[9.2157815,48.5008752],[9.2160364,48.5008317],[9.2162928,48.5007627],[9.2165541,48.5006596],[9.2167849,48.5005513],[9.2170254,48.5004079],[9.2172049,48.5002911],[9.2173684,48.5001371],[9.2175367,48.4999618],[9.2176441,48.4998482],[9.2182355,48.5000978],[9.2184952,48.5002178],[9.2186731,48.5003325],[9.218867,48.5005078],[9.2190113,48.5006702],[9.2191748,48.5009432],[9.2193832,48.5013255],[9.2196204,48.501812],[9.2197278,48.5020839],[9.2197775,48.5023749],[9.2198723,48.5030239],[9.2200163,48.5033817],[9.2199859,48.5034401],[9.2198737,48.5034719],[9.2196941,48.5034114],[9.2194281,48.5032988],[9.2188687,48.5029887],[9.2182131,48.5026393],[9.217487,48.5022772],[9.2166487,48.5018555],[9.2157719,48.5014286],[9.2150891,48.5010951]]]]},"properties":{"landuse":"residential"}},
{"type":"Feature","geometry":{"type":"MultiPolygon","coordinates":[[[[9.2044948,48.4987161],[9.2045088,48.4985214],[9.2045253,48.4983867],[9.2045517,48.4982522],[9.2046024,48.4980882],[9.2047007,48.4981227],[9.2049485,48.4982247],[9.2051853,48.4983255],[9.2055099,48.498461],[9.2056637,48.4985265],[9.2060862,48.4987042],[9.2064507,48.4988605],[9.2071477,48.4991513],[9.207219,48.4991803],[9.2073739,48.4992423],[9.2073703,48.4992779],[9.2053747,48.5006019],[9.2055639,48.5007426],[9.205397,48.5008315],[9.2054391,48.5010704],[9.2053374,48.5009421],[9.2052339,48.500813],[9.2051431,48.5007218],[9.2050898,48.5006818],[9.2049247,48.5005846],[9.2048878,48.5005398],[9.2048404,48.5004821],[9.2047954,48.5004188],[9.2047491,48.5003509],[9.2046957,48.5002556],[9.2046541,48.500169],[9.2046117,48.5000672],[9.2045101,48.4996802],[9.2044948,48.4987161]]]]},"properties":{"landuse":"residential"}},
{"type":"Feature","geometry":{"type":"MultiPolygon","coordinates":[[[[9.1945099,48.4972709],[9.1946323,48.497275],[9.1957624,48.4974965],[9.197034499999999,48.4978451],[9.1970734,48.4980815],[9.1970372,48.4981295],[9.1969983,48.4981677],[9.1969085,48.4981819],[9.1960649,48.4981646],[9.1953347,48.4981601],[9.1949364,48.4981748],[9.1947949,48.4981397],[9.1945099,48.4972709]]]]},"properties":{"landuse":"residential"}},
{"type":"Feature","geometry":{"type":"MultiPolygon","coordinates":[[[[9.2156857,48.4987048],[9.2178867,48.4973395],[9.217104,48.4993928],[9.2168923,48.499315],[9.2164189,48.4990946],[9.2156857,48.4987048]]]]},"properties":{"landuse":"residential"}},
{"type":"Feature","geometry":{"type":"MultiPolygon","coordinates":[[[[9.2092522,48.4991961],[9.2092743,48.4988274],[9.2093092,48.4986798],[9.2093519,48.4985668],[9.2094573,48.498448],[9.2095435,48.4983906],[9.2097176,48.4983405],[9.2097468,48.4983413],[9.210507,48.4992716],[9.2105195,48.4993198],[9.210508,48.4993705],[9.2104495,48.499409],[9.2103526,48.4994469],[9.2102392,48.4994689],[9.2094935,48.4993967],[9.209376,48.4993687],[9.2093156,48.4993301],[9.2092702,48.4992776],[9.2092522,48.4991961]]]]},"properties":{"landuse":"residential","residential":"urban"}},
{"type":"Feature","geometry":{"type":"MultiPolygon","coordinates":[[[[9.2095825,48.4996406],[9.2097029,48.4994854],[9.2100157,48.4995236],[9.2099312,48.4997424],[9.2095825,48.4996406]]]]},"properties":{"landuse":"residential","residential":"urban"}},
{"type":"Feature","geometry":{"type":"MultiPolygon","coordinates":[[[[9.1923964,48.49346],[9.1924094,48.4928436],[9.1932371,48.4928597],[9.1932885,48.4928592],[9.193351,48.4933732],[9.1933358,48.4934176],[9.1933099,48.4934398],[9.1932565,48.493459],[9.1931941,48.493465],[9.1923964,48.49346]]]]},"properties":{"landuse":"residential","residential":"apartments"}}
]}
