time,vehicle_id,soc_percent,is_charging,station_id
23460.0,person2,50.0,False,
23461.0,person2,49.9598125,False,
23462.0,person2,49.84615,False,
23463.0,person2,49.659025,False,
23464.0,person2,49.3984375,False,
23465.0,person2,49.0643375,False,
23466.0,person2,48.6567375,False,
23467.0,person2,48.1753625,False,
23468.0,person2,47.6205875,False,
23469.0,person2,47.8471375,True,
23470.0,person2,47.9903875,True,
23471.0,person2,48.110725,True,
23472.0,person2,48.208125,False,
23473.0,person2,48.2825875,False,
23474.0,person2,48.0441375,False,
23475.0,person2,47.73109999999999,False,
23476.0,person2,47.3325125,False,
23477.0,person2,46.8399,False,
23478.0,person2,46.2909375,False,
23479.0,person2,45.6829125,False,
23480.0,person2,45.5466875,False,
23481.0,person2,45.4883375,False,
23482.0,person2,45.429537499999995,False,
23483.0,person2,45.37125,False,
23484.0,person2,45.31295,False,
23485.0,person2,45.25466250000001,False,
23486.0,person2,45.196375,False,
23487.0,person2,45.1379875,False,
23488.0,person2,45.079750000000004,False,
23489.0,person2,45.02145000000001,False,
23490.0,person2,44.9632125,False,
23491.0,person2,44.9047,False,
23492.0,person2,44.846075,False,
23493.0,person2,45.314925,True,
23494.0,person2,45.6735625,True,
23495.0,person2,45.810874999999996,True,
23496.0,person2,45.812037499999995,False,
23497.0,person2,45.8118625,False,
23498.0,person2,45.811674999999994,False,
23499.0,person2,45.8114875,False,
23500.0,person2,45.7713,False,
23501.0,person2,45.6576375,False,
23502.0,person2,45.46948749999999,False,
23503.0,person2,45.2067875,False,
23504.0,person2,44.8703125,False,
23505.0,person2,44.450225,False,
23506.0,person2,43.944725,False,
23507.0,person2,43.3664875,False,
23508.0,person2,42.7283,False,
23509.0,person2,42.0267,False,
23510.0,person2,41.2515625,False,
23511.0,person2,40.4028625,False,
23512.0,person2,39.4807125,False,
23513.0,person2,38.484225,False,
23514.0,person2,39.055275,True,
23515.0,person2,39.5157375,True,
23516.0,person2,39.879725,True,
23517.0,person2,40.1277125,True,
23518.0,person2,40.293425,True,
23519.0,person2,40.4362125,True,
23520.0,person2,40.5560625,True,
23521.0,person2,40.653,False,
23522.0,person2,40.7270125,False,
23523.0,person2,40.4901875,False,
23524.0,person2,40.403125,False,
23525.0,person2,40.0122375,False,
23526.0,person2,39.5906375,False,
23527.0,person2,39.1192125,False,
23528.0,person2,38.574275,False,
23529.0,person2,37.9558875,False,
23530.0,person2,37.2639875,False,
23531.0,person2,36.4984875,False,
23532.0,person2,36.5437875,False,
23533.0,person2,36.7765875,True,
23534.0,person2,36.9820625,True,
23535.0,person2,37.16825,True,
23536.0,person2,37.3293625,True,
23537.0,person2,37.470525,True,
23538.0,person2,37.58875,True,
23539.0,person2,37.6840625,False,
23540.0,person2,37.75645,False,
23541.0,person2,37.8059,False,
23542.0,person2,37.832425,False,
23543.0,person2,37.8370125,False,
23544.0,person2,37.8368375,False,
23545.0,person2,37.83665,False,
23546.0,person2,37.8364625,False,
23547.0,person2,37.8362875,False,
23548.0,person2,37.8361,False,
23549.0,person2,37.835925,False,
23550.0,person2,37.8357375,False,
23551.0,person2,37.83555,False,
23552.0,person2,37.835375,False,
23553.0,person2,37.8351875,False,
23554.0,person2,37.835,False,
23555.0,person2,37.834825,False,
23556.0,person2,37.8346375,False,
23557.0,person2,37.8344625,False,
23558.0,person2,37.834275,False,
23559.0,person2,37.8340875,False,
23560.0,person2,37.8339125,False,
23561.0,person2,37.833725,False,
23562.0,person2,37.8335375,False,
23563.0,person2,37.8333625,False,
23564.0,person2,37.833175,False,
23565.0,person2,37.833,False,
23566.0,person2,37.8328125,False,
23567.0,person2,37.832625,False,
23568.0,person2,37.83245,False,
23569.0,person2,37.8322625,False,
23570.0,person2,37.832075,False,
23571.0,person2,37.8319,False,
23572.0,person2,37.8317125,False,
23573.0,person2,37.8315375,False,
23574.0,person2,37.83135,False,
23575.0,person2,37.8311625,False,
23576.0,person2,37.8309875,False,
23577.0,person2,37.8308,False,
23578.0,person2,37.830625,False,
23579.0,person2,37.8304375,False,
23580.0,person2,37.83025,False,
23581.0,person2,37.830075,False,
23582.0,person2,37.8298875,False,
23583.0,person2,37.8297,False,
23584.0,person2,37.829525,False,
23585.0,person2,37.8293375,False,
23586.0,person2,37.8291625,False,
23587.0,person2,37.828975,False,
23588.0,person2,37.8287875,False,
23589.0,person2,37.8286125,False,
23590.0,person2,37.828425,False,
23591.0,person2,37.8282375,False,
23592.0,person2,37.8280625,False,
23593.0,person2,37.827875,False,
23594.0,person2,37.8277,False,
23595.0,person2,37.8275125,False,
23596.0,person2,37.827325,False,
23597.0,person2,37.82715,False,
23598.0,person2,37.8269625,False,
23599.0,person2,37.8267875,False,
23600.0,person2,37.8266,False,
23601.0,person2,37.8264125,False,
23602.0,person2,37.8262375,False,
23603.0,person2,37.82605,False,
23604.0,person2,37.8258625,False,
23605.0,person2,37.8256875,False,
23606.0,person2,37.8255,False,
23607.0,person2,37.825325,False,
23608.0,person2,37.8251375,False,
23609.0,person2,37.82495,False,
23610.0,person2,37.824775,False,
23611.0,person2,37.8245875,False,
23612.0,person2,37.8244,False,
23613.0,person2,37.824225,False,
23614.0,person2,37.8240375,False,
23615.0,person2,37.8238625,False,
23616.0,person2,37.823675,False,
23617.0,person2,37.8234875,False,
23618.0,person2,37.8233125,False,
23619.0,person2,37.823125,False,
23620.0,person2,37.8229375,False,
23621.0,person2,37.8227625,False,
23622.0,person2,37.822575,False,
23623.0,person2,37.8224,False,
23624.0,person2,37.8222125,False,
23625.0,person2,37.822025,False,
23626.0,person2,37.82185,False,
23627.0,person2,37.8216625,False,
23628.0,person2,37.8214875,False,
23629.0,person2,37.8213,False,
23630.0,person2,37.8211125,False,
23631.0,person2,37.8209375,False,
23632.0,person2,37.82075,False,
23633.0,person2,37.8205625,False,
23634.0,person2,37.8203875,False,
23635.0,person2,37.8202,False,
23636.0,person2,37.820025,False,
23637.0,person2,37.8198375,False,
23638.0,person2,37.81965,False,
23639.0,person2,37.819475,False,
23640.0,person2,37.8192875,False,
23641.0,person2,37.8191,False,
23642.0,person2,37.818925,False,
23643.0,person2,37.8187375,False,
23644.0,person2,37.8185625,False,
23645.0,person2,37.818375,False,
23646.0,person2,37.8181875,False,
23647.0,person2,37.8180125,False,
23648.0,person2,37.817825,False,
23649.0,person2,37.81765,False,
23650.0,person2,37.8174625,False,
23651.0,person2,37.817275,False,
23652.0,person2,37.8171,False,
23653.0,person2,37.8169125,False,
23654.0,person2,37.816725,False,
23655.0,person2,37.81655,False,
23656.0,person2,37.8163625,False,
23657.0,person2,37.8161875,False,
23658.0,person2,37.816,False,
23659.0,person2,37.8158125,False,
23660.0,person2,37.8156375,False,
23661.0,person2,37.81545,False,
23662.0,person2,37.8152625,False,
23663.0,person2,37.8150875,False,
23664.0,person2,37.8149,False,
23665.0,person2,37.814725,False,
23666.0,person2,37.8145375,False,
23667.0,person2,37.81435,False,
23668.0,person2,37.814175,False,
23669.0,person2,37.8139875,False,
23670.0,person2,37.8138,False,
23671.0,person2,37.813625,False,
23672.0,person2,37.8134375,False,
23673.0,person2,37.8132625,False,
23674.0,person2,37.813075,False,
23675.0,person2,37.8128875,False,
23676.0,person2,37.8127125,False,
23677.0,person2,37.812525,False,
23678.0,person2,37.81235,False,
23679.0,person2,37.8121625,False,
23680.0,person2,37.811975,False,
23681.0,person2,37.8118,False,
23682.0,person2,37.8116125,False,
23683.0,person2,37.811425,False,
23684.0,person2,37.81125,False,
23685.0,person2,37.8110625,False,
23686.0,person2,37.8108875,False,
23687.0,person2,37.8107,False,
23688.0,person2,37.8105125,False,
23689.0,person2,37.8103375,False,
23690.0,person2,37.81015,False,
23690.0,person50,50.0,False,
23691.0,person2,37.8099625,False,
23691.0,person50,49.9598125,False,
23692.0,person2,37.8097875,False,
23692.0,person50,49.84615,False,
23693.0,person2,37.8096,False,
23693.0,person50,49.659037500000004,False,
23694.0,person2,37.809425,False,
23694.0,person50,49.39845,False,
23695.0,person2,37.8092375,False,
23695.0,person50,49.064375,False,
23696.0,person2,37.80905,False,
23696.0,person50,48.656825,False,
23697.0,person2,37.808875,False,
23697.0,person50,48.1758,False,
23698.0,person2,37.8086875,False,
23698.0,person50,47.7197875,False,
23699.0,person2,37.8085125,False,
23699.0,person50,47.6682,False,
23700.0,person2,37.808325,False,
23700.0,person50,47.61575,False,
23701.0,person2,37.8081375,False,
23701.0,person50,47.5613875,False,
23702.0,person2,37.8079625,False,
23702.0,person50,47.50979999999999,False,
23703.0,person2,37.807775,False,
23703.0,person50,47.45825,False,
23704.0,person2,37.8075875,False,
23704.0,person50,47.4066625,False,
23705.0,person2,37.8074125,False,
23705.0,person50,47.355125,False,
23706.0,person2,37.807225,False,
23706.0,person50,47.3035375,False,
23707.0,person2,37.80705,False,
23707.0,person50,47.45055,True,
23708.0,person2,37.8068625,False,
23708.0,person50,47.5993625,True,
23709.0,person2,37.806675,False,
23709.0,person50,47.551575,False,
23710.0,person2,37.8065,False,
23710.0,person50,47.02,False,
23711.0,person2,37.8063125,False,
23711.0,person50,46.5083375,False,
23712.0,person2,37.806125,False,
23712.0,person50,46.45675,False,
23713.0,person2,37.80595,False,
23713.0,person50,46.405162499999996,False,
23714.0,person2,37.8057625,False,
23714.0,person50,46.3536125,False,
23715.0,person2,37.8055875,False,
23715.0,person50,46.30202500000001,False,
23716.0,person2,37.8054,False,
23716.0,person50,46.2504375,False,
23717.0,person2,37.8052125,False,
23717.0,person50,46.19885,False,
23718.0,person2,37.8050375,False,
23718.0,person50,46.1472625,False,
23719.0,person2,37.80485,False,
23719.0,person50,46.095675,False,
23720.0,person2,37.804675,False,
23720.0,person50,46.044087499999996,False,
23721.0,person2,37.8044875,False,
23721.0,person50,45.9925125,False,
23722.0,person2,37.8043,False,
23722.0,person50,45.940925,False,
23723.0,person2,37.804125,False,
23723.0,person50,45.8893375,False,
23724.0,person2,37.8039375,False,
23724.0,person50,45.8377125,False,
23725.0,person2,37.80375,False,
23725.0,person50,45.786075,False,
23726.0,person2,37.803575,False,
23726.0,person50,45.831025,False,
23727.0,person2,37.8033875,False,
23727.0,person50,45.992425,True,
23728.0,person2,37.8032125,False,
23728.0,person50,46.1309,True,
23729.0,person2,37.803025,False,
23729.0,person50,46.2464375,True,
23730.0,person2,37.8028375,False,
23730.0,person50,46.33905,False,
23731.0,person2,37.8026625,False,
23731.0,person50,46.40875,False,
23732.0,person2,37.802475,False,
23732.0,person50,46.455512500000005,False,
23733.0,person2,37.8022875,False,
23733.0,person50,46.479350000000004,False,
23734.0,person2,37.8021125,False,
23734.0,person50,46.4823125,False,
23735.0,person2,37.801925,False,
23735.0,person50,46.4823125,False,
23736.0,person2,37.80175,False,
23736.0,person50,46.4823125,False,
23737.0,person2,37.8015625,False,
23737.0,person50,46.4823125,False,
23738.0,person2,37.801375,False,
23738.0,person50,46.4823125,False,
23739.0,person2,37.8012,False,
23739.0,person50,46.4823125,False,
23740.0,person2,37.8010125,False,
23740.0,person50,46.4823125,False,
23741.0,person2,37.800825,False,
23741.0,person50,46.4823125,False,
23742.0,person2,37.80065,False,
23742.0,person50,46.4823125,False,
23743.0,person2,37.85255,False,
23743.0,person50,46.4823125,False,
23744.0,person2,37.90445,False,
23744.0,person50,46.4823125,False,
23745.0,person2,37.95635,False,
23745.0,person50,46.4823125,False,
23746.0,person2,38.00825,False,
23746.0,person50,46.4823125,False,
23747.0,person2,38.06015,False,
23747.0,person50,46.4823125,False,
23748.0,person2,38.11205,False,
23748.0,person50,46.4823125,False,
23749.0,person2,38.16395,False,
23749.0,person50,46.4823125,False,
23750.0,person2,38.21585,False,
23750.0,person50,46.4823125,False,
23751.0,person2,38.26775,False,
23751.0,person50,46.4823125,False,
23752.0,person2,38.31965,False,
23752.0,person50,46.4823125,False,
23753.0,person2,38.37155,False,
23753.0,person50,46.4823125,False,
23754.0,person2,38.42345,False,
23754.0,person50,46.4823125,False,
23755.0,person2,38.47535,False,
23755.0,person50,46.4823125,False,
23756.0,person2,38.5272625,False,
23756.0,person50,46.4823125,False,
23757.0,person2,38.5791625,False,
23757.0,person50,46.4823125,False,
23758.0,person2,38.6310625,False,
23758.0,person50,46.4823125,False,
23759.0,person2,38.6829625,False,
23759.0,person50,46.4823125,False,
23760.0,person2,38.7348625,False,
23760.0,person50,46.4823125,False,
23761.0,person2,38.7867625,False,
23761.0,person50,46.4823125,False,
23762.0,person2,38.8386625,False,
23762.0,person50,46.4823125,False,
23763.0,person2,38.8905625,False,
23763.0,person50,46.4823125,False,
23764.0,person2,38.9424625,False,
23764.0,person50,46.4823125,False,
23765.0,person2,38.9943625,False,
23765.0,person50,46.4823125,False,
23766.0,person2,39.0462625,False,
23766.0,person50,46.4823125,False,
23767.0,person2,39.0981625,False,
23767.0,person50,46.4823125,False,
23768.0,person2,39.1500625,False,
23768.0,person50,46.4823125,False,
23769.0,person2,39.2019625,False,
23769.0,person50,46.4823125,False,
23770.0,person2,39.2538625,False,
23770.0,person50,46.4823125,False,
23771.0,person2,39.3057625,False,
23771.0,person50,46.4823125,False,
23772.0,person2,39.3576625,False,
23772.0,person50,46.4823125,False,
23773.0,person2,39.4095625,False,
23773.0,person50,46.4823125,False,
23774.0,person2,39.4614625,False,
23774.0,person50,46.4823125,False,
23775.0,person2,39.5133625,False,
23775.0,person50,46.4823125,False,
23776.0,person2,39.5652625,False,
23776.0,person50,46.4823125,False,
23777.0,person2,39.617175,False,
23777.0,person50,46.4823125,False,
23778.0,person2,39.669075,False,
23778.0,person50,46.4823125,False,
23779.0,person2,39.720975,False,
23779.0,person50,46.4823125,False,
23780.0,person2,39.772875,False,
23780.0,person50,46.4823125,False,
23781.0,person2,39.824775,False,
23781.0,person50,46.4823125,False,
23782.0,person2,39.876675,False,
23782.0,person50,46.4823125,False,
23783.0,person2,39.928575,False,
23783.0,person50,46.4823125,False,
23784.0,person2,39.980475,False,
23784.0,person50,46.4823125,False,
23785.0,person2,40.032375,False,
23785.0,person50,46.4823125,False,
23786.0,person2,40.084275,False,
23786.0,person50,46.4823125,False,
23787.0,person2,40.136175,False,
23787.0,person50,46.4823125,False,
23788.0,person2,40.188075,False,
23788.0,person50,46.4823125,False,
23789.0,person2,40.239975,False,
23789.0,person50,46.4823125,False,
23790.0,person2,40.291875,False,
23790.0,person50,46.4823125,False,
23791.0,person2,40.343775,False,
23791.0,person50,46.4823125,False,
23792.0,person2,40.395675,False,
23792.0,person50,46.4823125,False,
23793.0,person2,40.447575,False,
23793.0,person50,46.4823125,False,
23794.0,person2,40.499475,False,
23794.0,person50,46.4823125,False,
23795.0,person2,40.551375,False,
23795.0,person50,46.4823125,False,
23796.0,person2,40.603275,False,
23796.0,person50,46.4823125,False,
23797.0,person2,40.655175,False,
23797.0,person50,46.4823125,False,
23798.0,person2,40.707075,False,
23798.0,person50,46.4823125,False,
23799.0,person2,40.7589875,False,
23799.0,person50,46.4823125,False,
23800.0,person2,40.8108875,False,
23800.0,person50,46.4823125,False,
23801.0,person2,40.8627875,False,
23801.0,person50,46.4823125,False,
23802.0,person2,40.9146875,False,
23802.0,person50,46.4823125,False,
23803.0,person2,40.966587499999996,False,
23803.0,person50,46.4823125,False,
23804.0,person2,41.0184875,False,
23804.0,person50,46.4823125,False,
23805.0,person2,41.0703875,False,
23805.0,person50,46.4823125,False,
23806.0,person2,41.1222875,False,
23806.0,person50,46.4823125,False,
23807.0,person2,41.1741875,False,
23807.0,person50,46.4823125,False,
23808.0,person2,41.226087500000006,False,
23808.0,person50,46.4823125,False,
23809.0,person2,41.2779875,False,
23809.0,person50,46.4823125,False,
23810.0,person2,41.329887500000005,False,
23810.0,person50,46.4823125,False,
23811.0,person2,41.3817875,False,
23811.0,person50,46.4823125,False,
23812.0,person2,41.43368749999999,False,
23812.0,person50,46.4823125,False,
23813.0,person2,41.4855875,False,
23813.0,person50,46.4823125,False,
23814.0,person2,41.5374875,False,
23814.0,person50,46.4823125,False,
23815.0,person2,41.5893875,False,
23815.0,person50,46.4823125,False,
23816.0,person2,41.6412875,False,
23816.0,person50,46.4823125,False,
23817.0,person2,41.69318750000001,False,
23817.0,person50,46.4823125,False,
23818.0,person2,41.7450875,False,
23818.0,person50,46.4823125,False,
23819.0,person2,41.79698749999999,False,
23819.0,person50,46.4823125,False,
23820.0,person2,41.84890000000001,False,
23820.0,person50,46.4823125,False,
23821.0,person2,41.9008,False,
23821.0,person50,46.4823125,False,
23822.0,person2,41.95270000000001,False,
23822.0,person50,46.4823125,False,
23823.0,person2,42.0046,False,
23823.0,person50,46.4823125,False,
23824.0,person2,42.05649999999999,False,
23824.0,person50,46.4823125,False,
23825.0,person2,42.1084,False,
23825.0,person50,46.4823125,False,
23826.0,person2,42.1603,False,
23826.0,person50,46.4823125,False,
23827.0,person2,42.2122,False,
23827.0,person50,46.4823125,False,
23828.0,person2,42.2641,False,
23828.0,person50,46.4823125,False,
23829.0,person2,42.316,False,
23829.0,person50,46.4823125,False,
23830.0,person2,42.3679,False,
23830.0,person50,46.4823125,False,
23831.0,person2,42.419799999999995,False,
23831.0,person50,46.4823125,False,
23832.0,person2,42.4717,False,
23832.0,person50,46.4823125,False,
23833.0,person2,42.523599999999995,False,
23833.0,person50,46.4823125,False,
23834.0,person2,42.5755,False,
23834.0,person50,46.4823125,False,
23835.0,person2,42.6274,False,
23835.0,person50,46.4823125,False,
23836.0,person2,42.6793,False,
23836.0,person50,46.4823125,False,
23837.0,person2,42.7312,False,
23837.0,person50,46.4823125,False,
23838.0,person2,42.783100000000005,False,
23838.0,person50,46.4823125,False,
23839.0,person2,42.835,False,
23839.0,person50,46.4823125,False,
23840.0,person2,42.8869,False,
23840.0,person50,46.4823125,False,
23841.0,person2,42.9388,False,
23841.0,person50,46.4823125,False,
23842.0,person2,42.9907125,False,
23842.0,person50,46.4823125,False,
23843.0,person2,43.0426125,False,
23843.0,person50,46.4823125,False,
23844.0,person2,43.0945125,False,
23844.0,person50,46.4823125,False,
23845.0,person2,43.1464125,False,
23845.0,person50,46.4823125,False,
23846.0,person2,43.1983125,False,
23846.0,person50,46.4823125,False,
23847.0,person2,43.2502125,False,
23847.0,person50,46.4823125,False,
23848.0,person2,43.3021125,False,
23848.0,person50,46.4823125,False,
23849.0,person2,43.3540125,False,
23849.0,person50,46.4823125,False,
23850.0,person2,43.40591250000001,False,
23850.0,person50,46.4823125,False,
23851.0,person2,43.4578125,False,
23851.0,person50,46.4823125,False,
23852.0,person2,43.50971249999999,False,
23852.0,person50,46.4823125,False,
23853.0,person2,43.5616125,False,
23853.0,person50,46.4823125,False,
23854.0,person2,43.6135125,False,
23854.0,person50,46.4823125,False,
23855.0,person2,43.6654125,False,
23855.0,person50,46.4823125,False,
23856.0,person2,43.7173125,False,
23856.0,person50,46.4823125,False,
23857.0,person2,43.76921250000001,False,
23857.0,person50,46.4823125,False,
23858.0,person2,43.8211125,False,
23858.0,person50,46.4823125,False,
23859.0,person2,43.87301250000001,False,
23859.0,person50,46.4823125,False,
23860.0,person2,43.9249125,False,
23860.0,person50,46.4823125,False,
23861.0,person2,43.976812499999994,False,
23861.0,person50,46.4823125,False,
23862.0,person2,44.0287125,False,
23862.0,person50,46.4823125,False,
23863.0,person2,44.080625,False,
23863.0,person50,46.4823125,False,
23864.0,person2,44.132524999999994,False,
23864.0,person50,46.4823125,False,
23865.0,person2,44.184425,False,
23865.0,person50,46.4823125,False,
23866.0,person2,44.236325,False,
23866.0,person50,46.4823125,False,
23867.0,person2,44.288225,False,
23867.0,person50,46.4823125,False,
23868.0,person2,44.340125,False,
23868.0,person50,46.4823125,False,
23869.0,person2,44.392025000000004,False,
23869.0,person50,46.4823125,False,
23870.0,person2,44.443925,False,
23870.0,person50,46.4823125,False,
23871.0,person2,44.495825,False,
23871.0,person50,46.4823125,False,
23872.0,person2,44.547725,False,
23872.0,person50,46.4823125,False,
23873.0,person2,44.599624999999996,False,
23873.0,person50,46.4823125,False,
23874.0,person2,44.651525,False,
23874.0,person50,46.4823125,False,
23875.0,person2,44.703425,False,
23875.0,person50,46.4823125,False,
23876.0,person2,44.755325,False,
23876.0,person50,46.4823125,False,
23877.0,person2,44.807225,False,
23877.0,person50,46.4823125,False,
23878.0,person2,44.859125000000006,False,
23878.0,person50,46.4823125,False,
23879.0,person2,44.911025,False,
23879.0,person50,46.4823125,False,
23880.0,person2,44.96292499999999,False,
23880.0,person50,46.4823125,False,
23881.0,person2,45.014825,False,
23881.0,person50,46.4823125,False,
23882.0,person2,45.06672499999999,False,
23882.0,person50,46.4823125,False,
23883.0,person2,45.118625,False,
23883.0,person50,46.4823125,False,
23884.0,person2,45.1705375,False,
23884.0,person50,46.4823125,False,
23885.0,person2,45.22243749999999,False,
23885.0,person50,46.4823125,False,
23886.0,person2,45.2743375,False,
23886.0,person50,46.4823125,False,
23887.0,person2,45.3262375,False,
23887.0,person50,46.4823125,False,
23888.0,person2,45.3781375,False,
23888.0,person50,46.4823125,False,
23889.0,person2,45.4300375,False,
23889.0,person50,46.4823125,False,
23890.0,person2,45.48193750000001,False,
23890.0,person50,46.4823125,False,
23891.0,person2,45.5338375,False,
23891.0,person50,46.4823125,False,
23892.0,person2,45.58573749999999,False,
23892.0,person50,46.4823125,False,
23893.0,person2,45.6376375,False,
23893.0,person50,46.4823125,False,
23894.0,person2,45.68953749999999,False,
23894.0,person50,46.4823125,False,
23895.0,person2,45.7414375,False,
23895.0,person50,46.4823125,False,
23896.0,person2,45.7933375,False,
23896.0,person50,46.4823125,False,
23897.0,person2,45.8452375,False,
23897.0,person50,46.4823125,False,
23898.0,person2,45.8971375,False,
23898.0,person50,46.4823125,False,
23899.0,person2,45.9490375,False,
23899.0,person50,46.4823125,False,
23900.0,person2,46.0009375,False,
23900.0,person50,46.4823125,False,
23901.0,person2,46.052837499999995,False,
23901.0,person50,46.4823125,False,
23902.0,person2,46.1047375,False,
23902.0,person50,46.4823125,False,
23903.0,person2,46.1566375,False,
23903.0,person50,46.4823125,False,
23904.0,person2,46.2085375,False,
23904.0,person50,46.4823125,False,
23905.0,person2,46.2604375,False,
23905.0,person50,46.4823125,False,
23906.0,person2,46.312349999999995,False,
23906.0,person50,46.4823125,False,
23907.0,person2,46.36425,False,
23907.0,person50,46.4823125,False,
23908.0,person2,46.41615,False,
23908.0,person50,46.4823125,False,
23909.0,person2,46.46805,False,
23909.0,person50,46.4823125,False,
23910.0,person2,46.51995,False,
23910.0,person50,46.4823125,False,
23911.0,person2,46.571850000000005,False,
23911.0,person50,46.4823125,False,
23912.0,person2,46.62375,False,
23912.0,person50,46.4823125,False,
23913.0,person2,46.67565,False,
23913.0,person50,46.4823125,False,
23914.0,person2,46.72755,False,
23914.0,person50,46.4823125,False,
23915.0,person2,46.77945,False,
23915.0,person50,46.4823125,False,
23916.0,person2,46.83135,False,
23916.0,person50,46.4823125,False,
23917.0,person2,46.88325,False,
23917.0,person50,46.4823125,False,
23918.0,person2,46.93515000000001,False,
23918.0,person50,46.4823125,False,
23919.0,person2,46.98705,False,
23919.0,person50,46.4823125,False,
23920.0,person2,47.03895000000001,False,
23920.0,person50,46.4823125,False,
23921.0,person2,47.09085,False,
23921.0,person50,46.4823125,False,
23922.0,person2,47.14274999999999,False,
23922.0,person50,46.4823125,False,
23923.0,person2,47.19465,False,
23923.0,person50,46.4823125,False,
23924.0,person2,47.24655,False,
23924.0,person50,46.4823125,False,
23925.0,person2,47.29845,False,
23925.0,person50,46.4823125,False,
23926.0,person2,47.35035,False,
23926.0,person50,46.4823125,False,
23927.0,person2,47.4022625,False,
23927.0,person50,46.4823125,False,
23928.0,person2,47.4541625,False,
23928.0,person50,46.4823125,False,
23929.0,person2,47.5060625,False,
23929.0,person50,46.4823125,False,
23930.0,person2,47.55796250000001,False,
23930.0,person50,46.4823125,False,
23931.0,person2,47.6098625,False,
23931.0,person50,46.4823125,False,
23932.0,person2,47.66176250000001,False,
23932.0,person50,46.4823125,False,
23933.0,person2,47.7136625,False,
23933.0,person50,46.4823125,False,
23934.0,person2,47.765562499999994,False,
23934.0,person50,46.4823125,False,
23935.0,person2,47.8174625,False,
23935.0,person50,46.4823125,False,
23936.0,person2,47.8693625,False,
23936.0,person50,46.4823125,False,
23937.0,person2,47.9212625,False,
23937.0,person50,46.4823125,False,
23938.0,person2,47.9731625,False,
23938.0,person50,46.4823125,False,
23939.0,person2,48.025062500000004,False,
23939.0,person50,46.4823125,False,
23940.0,person2,48.0769625,False,
23940.0,person50,46.4823125,False,
23941.0,person2,48.1288625,False,
23941.0,person50,46.4823125,False,
23942.0,person2,48.1807625,False,
23942.0,person50,46.4823125,False,
23943.0,person2,48.232662499999996,False,
23943.0,person50,46.4823125,False,
23944.0,person2,48.2845625,False,
23944.0,person50,46.4823125,False,
23945.0,person2,48.3364625,False,
23945.0,person50,46.4823125,False,
23946.0,person2,48.3883625,False,
23946.0,person50,46.4823125,False,
23947.0,person2,48.4402625,False,
23947.0,person50,46.4823125,False,
23948.0,person2,48.492175,False,
23948.0,person50,46.4823125,False,
23949.0,person2,48.544075,False,
23949.0,person50,46.4823125,False,
23950.0,person2,48.595975,False,
23950.0,person50,46.4823125,False,
23951.0,person2,48.647875000000006,False,
23951.0,person50,46.4823125,False,
23952.0,person2,48.699775,False,
23952.0,person50,46.4823125,False,
23953.0,person2,48.75167499999999,False,
23953.0,person50,46.4823125,False,
23954.0,person2,48.803575,False,
23954.0,person50,46.4823125,False,
23955.0,person2,48.85547499999999,False,
23955.0,person50,46.4823125,False,
23956.0,person2,48.907375,False,
23956.0,person50,46.4823125,False,
23957.0,person2,48.959275,False,
23957.0,person50,46.4823125,False,
23958.0,person2,49.011175,False,
23958.0,person50,46.4823125,False,
23959.0,person2,49.063075,False,
23959.0,person50,46.4823125,False,
23960.0,person2,49.11497500000001,False,
23960.0,person50,46.4823125,False,
23961.0,person2,49.166875,False,
23961.0,person50,46.4823125,False,
23962.0,person2,49.218774999999994,False,
23962.0,person50,46.4823125,False,
23963.0,person2,49.270675,False,
23963.0,person50,46.4823125,False,
23964.0,person2,49.322575,False,
23964.0,person50,46.4823125,False,
23965.0,person2,49.374475,False,
23965.0,person50,46.4823125,False,
23966.0,person2,49.426375,False,
23966.0,person50,46.4823125,False,
23967.0,person2,49.478275000000004,False,
23967.0,person50,46.4823125,False,
23968.0,person2,49.530175,False,
23968.0,person50,46.4823125,False,
23969.0,person2,49.582075,False,
23969.0,person50,46.4823125,False,
23970.0,person2,49.6339875,False,
23970.0,person50,46.4823125,False,
23971.0,person2,49.6858875,False,
23971.0,person50,46.4823125,False,
23972.0,person2,49.7377875,False,
23972.0,person50,46.4823125,False,
23973.0,person2,49.7896875,False,
23973.0,person50,46.4823125,False,
23974.0,person2,49.841587499999996,False,
23974.0,person50,46.4823125,False,
23975.0,person2,49.8934875,False,
23975.0,person50,46.4823125,False,
23976.0,person2,49.9453875,False,
23976.0,person50,46.4823125,False,
23977.0,person2,49.9972875,False,
23977.0,person50,46.4823125,False,
23978.0,person2,50.0491875,False,
23978.0,person50,46.4823125,False,
23979.0,person2,50.101087500000006,False,
23979.0,person50,46.4823125,False,
23980.0,person2,50.1529875,False,
23980.0,person50,46.4823125,False,
23981.0,person2,50.204887500000005,False,
23981.0,person50,46.4823125,False,
23982.0,person2,50.2567875,False,
23982.0,person50,46.4823125,False,
23983.0,person2,50.30868749999999,False,
23983.0,person50,46.4823125,False,
23984.0,person2,50.3605875,False,
23984.0,person50,46.4823125,False,
23985.0,person2,50.4124875,False,
23985.0,person50,46.4823125,False,
23986.0,person2,50.4643875,False,
23986.0,person50,46.4823125,False,
23987.0,person2,50.5162875,False,
23987.0,person50,46.4823125,False,
23988.0,person2,50.56818750000001,False,
23988.0,person50,46.4823125,False,
23989.0,person2,50.6200875,False,
23989.0,person50,46.4823125,False,
23990.0,person2,50.67198749999999,False,
23990.0,person50,46.4823125,False,
23991.0,person2,50.72390000000001,False,
23991.0,person50,46.4823125,False,
23992.0,person2,50.7758,False,
23992.0,person50,46.4823125,False,
23993.0,person2,50.82770000000001,False,
23993.0,person50,46.4823125,False,
23994.0,person2,50.8796,False,
23994.0,person50,46.4823125,False,
23995.0,person2,50.93149999999999,False,
23995.0,person50,46.4823125,False,
23996.0,person2,50.9834,False,
23996.0,person50,46.4823125,False,
23997.0,person2,51.0353,False,
23997.0,person50,46.4823125,False,
23998.0,person2,51.0872,False,
23998.0,person50,46.4823125,False,
23999.0,person2,51.1391,False,
23999.0,person50,46.4823125,False,
24000.0,person2,51.191,False,
24000.0,person50,46.4823125,False,
24001.0,person2,51.2429,False,
24001.0,person50,46.4823125,False,
24002.0,person2,51.294799999999995,False,
24002.0,person50,46.4823125,False,
24003.0,person2,51.3467,False,
24003.0,person50,46.4823125,False,
24004.0,person2,51.398599999999995,False,
24004.0,person50,46.4823125,False,
24005.0,person2,51.4505,False,
24005.0,person50,46.4823125,False,
24006.0,person2,51.5024,False,
24006.0,person50,46.4823125,False,
24007.0,person2,51.5543,False,
24007.0,person50,46.4823125,False,
24008.0,person2,51.6062,False,
24008.0,person50,46.4823125,False,
24009.0,person2,51.658100000000005,False,
24009.0,person50,46.4823125,False,
24010.0,person2,51.71,False,
24010.0,person50,46.4823125,False,
24011.0,person2,51.7619,False,
24011.0,person50,46.4823125,False,
24012.0,person2,51.8138,False,
24012.0,person50,46.4823125,False,
24013.0,person2,51.8657125,False,
24013.0,person50,46.4823125,False,
24014.0,person2,51.9176125,False,
24014.0,person50,46.4823125,False,
24015.0,person2,51.9695125,False,
24015.0,person50,46.4823125,False,
24016.0,person2,52.0214125,False,
24016.0,person50,46.4823125,False,
24017.0,person2,52.0733125,False,
24017.0,person50,46.4823125,False,
24018.0,person2,52.1252125,False,
24018.0,person50,46.4823125,False,
24019.0,person2,52.1771125,False,
24019.0,person50,46.4823125,False,
24020.0,person2,52.2290125,False,
24020.0,person50,46.4823125,False,
24021.0,person2,52.28091250000001,False,
24021.0,person50,46.4823125,False,
24022.0,person2,52.3328125,False,
24022.0,person50,46.4823125,False,
24023.0,person2,52.38471249999999,False,
24023.0,person50,46.4823125,False,
24024.0,person2,52.4366125,False,
24024.0,person50,46.4823125,False,
24025.0,person2,52.4885125,False,
24025.0,person50,46.4823125,False,
24026.0,person2,52.5404125,False,
24026.0,person50,46.4823125,False,
24027.0,person2,52.5923125,False,
24027.0,person50,46.4823125,False,
24028.0,person2,52.6442125,False,
24028.0,person50,46.4823125,False,
24029.0,person2,52.6961125,False,
24029.0,person50,46.4823125,False,
24030.0,person2,52.7480125,False,
24030.0,person50,46.4823125,False,
24031.0,person2,52.7999125,False,
24031.0,person50,46.4823125,False,
24032.0,person2,52.8518125,False,
24032.0,person50,46.4823125,False,
24033.0,person2,52.9037125,False,
24033.0,person50,46.4823125,False,
24034.0,person2,52.955625,False,
24034.0,person50,46.4823125,False,
24035.0,person2,53.007525,False,
24035.0,person50,46.4823125,False,
24036.0,person2,53.059425,False,
24036.0,person50,46.4823125,False,
24037.0,person2,53.111325,False,
24037.0,person50,46.4823125,False,
24038.0,person2,53.163225,False,
24038.0,person50,46.4823125,False,
24039.0,person2,53.215125,False,
24039.0,person50,46.4823125,False,
24040.0,person2,53.267025,False,
24040.0,person50,46.4823125,False,
24041.0,person2,53.318925,False,
24041.0,person50,46.4823125,False,
24042.0,person2,53.370825,False,
24042.0,person50,46.4823125,False,
24043.0,person2,53.422725,False,
24043.0,person50,46.4823125,False,
24044.0,person2,53.474625,False,
24044.0,person50,46.4823125,False,
24045.0,person2,53.526525,False,
24045.0,person50,46.4823125,False,
24046.0,person2,53.578425,False,
24046.0,person50,46.4823125,False,
24047.0,person2,53.630325,False,
24047.0,person50,46.4823125,False,
24048.0,person2,53.682225,False,
24048.0,person50,46.4823125,False,
24049.0,person2,53.734125,False,
24049.0,person50,46.4823125,False,
24050.0,person2,53.786025,False,
24050.0,person50,46.4823125,False,
24051.0,person2,53.837925,False,
24051.0,person50,46.4823125,False,
24052.0,person2,53.889825,False,
24052.0,person50,46.4823125,False,
24053.0,person2,53.941725,False,
24053.0,person50,46.4823125,False,
24054.0,person2,53.993625,False,
24054.0,person50,46.4823125,False,
24055.0,person2,54.0455375,False,
24055.0,person50,46.4823125,False,
24056.0,person2,54.0974375,False,
24056.0,person50,46.4823125,False,
24057.0,person2,54.1493375,False,
24057.0,person50,46.4823125,False,
24058.0,person2,54.2012375,False,
24058.0,person50,46.4823125,False,
24059.0,person2,54.2531375,False,
24059.0,person50,46.4823125,False,
24060.0,person2,54.3050375,False,
24060.0,person50,46.4823125,False,
24061.0,person2,54.3569375,False,
24061.0,person50,46.4823125,False,
24062.0,person2,54.4088375,False,
24062.0,person50,46.4823125,False,
24063.0,person2,54.4607375,False,
24063.0,person50,46.4823125,False,
24064.0,person2,54.5126375,False,
24064.0,person50,46.4823125,False,
24065.0,person2,54.5645375,False,
24065.0,person50,46.4823125,False,
24066.0,person2,54.6164375,False,
24066.0,person50,46.4823125,False,
24067.0,person2,54.6683375,False,
24067.0,person50,46.4823125,False,
24068.0,person2,54.7202375,False,
24068.0,person50,46.4823125,False,
24069.0,person2,54.7721375,False,
24069.0,person50,46.4823125,False,
24070.0,person2,54.8240375,False,
24070.0,person50,46.4823125,False,
24071.0,person2,54.8759375,False,
24071.0,person50,46.4823125,False,
24072.0,person2,54.9278375,False,
24072.0,person50,46.4823125,False,
24073.0,person2,54.9797375,False,
24073.0,person50,46.4823125,False,
24074.0,person2,55.0316375,False,
24074.0,person50,46.4823125,False,
24075.0,person2,55.0835375,False,
24075.0,person50,46.4823125,False,
24076.0,person2,55.1354375,False,
24076.0,person50,46.4823125,False,
24077.0,person2,55.18735,False,
24077.0,person50,46.4823125,False,
24078.0,person2,55.23925,False,
24078.0,person50,46.4823125,False,
24079.0,person2,55.29115,False,
24079.0,person50,46.4823125,False,
24080.0,person2,55.34305,False,
24080.0,person50,46.4823125,False,
24081.0,person2,55.39495,False,
24081.0,person50,46.4823125,False,
24082.0,person2,55.44685,False,
24082.0,person50,46.4823125,False,
24083.0,person2,55.49875,False,
24083.0,person50,46.4823125,False,
24084.0,person2,55.55065,False,
24084.0,person50,46.4823125,False,
24085.0,person2,55.60255,False,
24085.0,person50,46.4823125,False,
24086.0,person2,55.65445,False,
24086.0,person50,46.4823125,False,
24087.0,person2,55.70635,False,
24087.0,person50,46.4823125,False,
24088.0,person2,55.75825,False,
24088.0,person50,46.4823125,False,
24089.0,person2,55.81015,False,
24089.0,person50,46.4823125,False,
24090.0,person2,55.86205,False,
24090.0,person50,46.4823125,False,
24091.0,person2,55.91395,False,
24091.0,person50,46.4823125,False,
24092.0,person2,55.96585,False,
24092.0,person50,46.4823125,False,
24093.0,person2,56.01775,False,
24093.0,person50,46.4823125,False,
24094.0,person2,56.06965,False,
24094.0,person50,46.4823125,False,
24095.0,person2,56.12155,False,
24095.0,person50,46.4823125,False,
24096.0,person2,56.17345,False,
24096.0,person50,46.4823125,False,
24097.0,person2,56.22535,False,
24097.0,person50,46.4823125,False,
24098.0,person2,56.2772625,False,
24098.0,person50,46.4823125,False,
24099.0,person2,56.3291625,False,
24099.0,person50,46.4823125,False,
24100.0,person2,56.3810625,False,
24100.0,person50,46.4823125,False,
24101.0,person2,56.4329625,False,
24101.0,person50,46.4823125,False,
24102.0,person2,56.4848625,False,
24102.0,person50,46.4823125,False,
24103.0,person2,56.5367625,False,
24103.0,person50,46.4823125,False,
24104.0,person2,56.5886625,False,
24104.0,person50,46.4823125,False,
24105.0,person2,56.6405625,False,
24105.0,person50,46.4823125,False,
24106.0,person2,56.6924625,False,
24106.0,person50,46.4823125,False,
24107.0,person2,56.7443625,False,
24107.0,person50,46.4823125,False,
24108.0,person2,56.7962625,False,
24108.0,person50,46.4823125,False,
24109.0,person2,56.8481625,False,
24109.0,person50,46.4823125,False,
24110.0,person2,56.9000625,False,
24110.0,person50,46.4823125,False,
24111.0,person2,56.9519625,False,
24111.0,person50,46.4823125,False,
24112.0,person2,57.0038625,False,
24112.0,person50,46.4823125,False,
24113.0,person2,57.0557625,False,
24113.0,person50,46.4823125,False,
24114.0,person2,57.1076625,False,
24114.0,person50,46.4823125,False,
24115.0,person2,57.1595625,False,
24115.0,person50,46.4823125,False,
24116.0,person2,57.2114625,False,
24116.0,person50,46.4823125,False,
24117.0,person2,57.2633625,False,
24117.0,person50,46.4823125,False,
24118.0,person2,57.3152625,False,
24118.0,person50,46.4823125,False,
24119.0,person2,57.367175,False,
24119.0,person50,46.4823125,False,
24120.0,person2,57.419075,False,
24120.0,person50,46.4823125,False,
24121.0,person2,57.470975,False,
24121.0,person50,46.4823125,False,
24122.0,person2,57.522875,False,
24122.0,person50,46.4823125,False,
24123.0,person2,57.574775,False,
24123.0,person50,46.4823125,False,
24124.0,person2,57.626675,False,
24124.0,person50,46.4823125,False,
24125.0,person2,57.678575,False,
24125.0,person50,46.4823125,False,
24126.0,person2,57.730475,False,
24126.0,person50,46.4823125,False,
24127.0,person2,57.782375,False,
24127.0,person50,46.4823125,False,
24128.0,person2,57.834275,False,
24128.0,person50,46.4823125,False,
24129.0,person2,57.886175,False,
24129.0,person50,46.4823125,False,
24130.0,person2,57.938075,False,
24130.0,person50,46.4823125,False,
24131.0,person2,57.989975,False,
24131.0,person50,46.4823125,False,
24132.0,person2,58.041875,False,
24132.0,person50,46.4823125,False,
24133.0,person2,58.093775,False,
24133.0,person50,46.4823125,False,
24134.0,person2,58.145675,False,
24134.0,person50,46.4823125,False,
24135.0,person2,58.197575,False,
24135.0,person50,46.4823125,False,
24136.0,person2,58.249475,False,
24136.0,person50,46.4823125,False,
24137.0,person2,58.301375,False,
24137.0,person50,46.4823125,False,
24138.0,person2,58.353275,False,
24138.0,person50,46.4823125,False,
24139.0,person2,58.405175,False,
24139.0,person50,46.4823125,False,
24140.0,person2,58.457075,False,
24140.0,person50,46.4823125,False,
24141.0,person2,58.5089875,False,
24141.0,person50,46.4823125,False,
24142.0,person2,58.5608875,False,
24142.0,person50,46.4823125,False,
24143.0,person2,58.6127875,False,
24143.0,person50,46.4823125,False,
24144.0,person2,58.6646875,False,
24144.0,person50,46.4823125,False,
24145.0,person2,58.7165875,False,
24145.0,person50,46.4823125,False,
24146.0,person2,58.7684875,False,
24146.0,person50,46.4823125,False,
24147.0,person2,58.8203875,False,
24147.0,person50,46.4823125,False,
24148.0,person2,58.8722875,False,
24148.0,person50,46.4823125,False,
24149.0,person2,58.9241875,False,
24149.0,person50,46.4823125,False,
24150.0,person2,58.9760875,False,
24150.0,person50,46.4823125,False,
24151.0,person2,59.0279875,False,
24151.0,person50,46.4823125,False,
24152.0,person2,59.0798875,False,
24152.0,person50,46.4823125,False,
24153.0,person2,59.1317875,False,
24153.0,person50,46.4823125,False,
24154.0,person2,59.1836875,False,
24154.0,person50,46.4823125,False,
24155.0,person2,59.2355875,False,
24155.0,person50,46.4823125,False,
24156.0,person2,59.2874875,False,
24156.0,person50,46.4823125,False,
24157.0,person2,59.3393875,False,
24157.0,person50,46.4823125,False,
24158.0,person2,59.3912875,False,
24158.0,person50,46.4823125,False,
24159.0,person2,59.4431875,False,
24159.0,person50,46.4823125,False,
24160.0,person2,59.4950875,False,
24160.0,person50,46.4823125,False,
24161.0,person2,59.5469875,False,
24161.0,person50,46.4823125,False,
24162.0,person2,59.5989,False,
24162.0,person50,46.4823125,False,
24163.0,person2,59.6508,False,
24163.0,person50,46.4823125,False,
24164.0,person2,59.7027,False,
24164.0,person50,46.4823125,False,
24165.0,person2,59.7546,False,
24165.0,person50,46.4823125,False,
24166.0,person2,59.8065,False,
24166.0,person50,46.4823125,False,
24167.0,person2,59.8584,False,
24167.0,person50,46.4823125,False,
24168.0,person2,59.9103,False,
24168.0,person50,46.4823125,False,
24169.0,person2,59.9622,False,
24169.0,person50,46.4823125,False,
24170.0,person2,60.0141,False,
24170.0,person50,46.4823125,False,
24171.0,person2,60.066,False,
24171.0,person50,46.4823125,False,
24172.0,person2,60.1179,False,
24172.0,person50,46.4823125,False,
24173.0,person2,60.1698,False,
24173.0,person50,46.4823125,False,
24174.0,person2,60.2217,False,
24174.0,person50,46.4823125,False,
24175.0,person2,60.2736,False,
24175.0,person50,46.4823125,False,
24176.0,person2,60.3255,False,
24176.0,person50,46.4823125,False,
24177.0,person2,60.3774,False,
24177.0,person50,46.4823125,False,
24178.0,person2,60.4293,False,
24178.0,person50,46.4823125,False,
24179.0,person2,60.4812,False,
24179.0,person50,46.4823125,False,
24180.0,person2,60.5331,False,
24180.0,person50,46.4823125,False,
24181.0,person2,60.585,False,
24181.0,person50,46.4823125,False,
24182.0,person2,60.6369,False,
24182.0,person50,46.4823125,False,
24183.0,person2,60.6888,False,
24183.0,person50,46.4823125,False,
24184.0,person2,60.7407125,False,
24184.0,person50,46.4823125,False,
24185.0,person2,60.7926125,False,
24185.0,person50,46.4823125,False,
24186.0,person2,60.8445125,False,
24186.0,person50,46.4823125,False,
24187.0,person2,60.8964125,False,
24187.0,person50,46.4823125,False,
24188.0,person2,60.9483125,False,
24188.0,person50,46.4823125,False,
24189.0,person2,61.0002125,False,
24189.0,person50,46.4823125,False,
24190.0,person2,61.0521125,False,
24190.0,person50,46.4823125,False,
24191.0,person2,61.1040125,False,
24191.0,person50,46.4823125,False,
24192.0,person2,61.1559125,False,
24192.0,person50,46.4823125,False,
24193.0,person2,61.2078125,False,
24193.0,person50,46.4823125,False,
24194.0,person2,61.2597125,False,
24194.0,person50,46.4823125,False,
24195.0,person2,61.3116125,False,
24195.0,person50,46.4823125,False,
24196.0,person2,61.3635125,False,
24196.0,person50,46.4823125,False,
24197.0,person2,61.4154125,False,
24197.0,person50,46.4823125,False,
24198.0,person2,61.4673125,False,
24198.0,person50,46.4823125,False,
24199.0,person2,61.5192125,False,
24199.0,person50,46.4823125,False,
24200.0,person2,61.5711125,False,
24200.0,person50,46.4823125,False,
24201.0,person2,61.6230125,False,
24201.0,person50,46.4823125,False,
24202.0,person2,61.6749125,False,
24202.0,person50,46.4823125,False,
24203.0,person2,61.7268125,False,
24203.0,person50,46.4823125,False,
24204.0,person2,61.7787125,False,
24204.0,person50,46.4823125,False,
24205.0,person2,61.830625,False,
24205.0,person50,46.4823125,False,
24206.0,person2,61.882525,False,
24206.0,person50,46.4823125,False,
24207.0,person2,61.934425,False,
24207.0,person50,46.4823125,False,
24208.0,person2,61.986325,False,
24208.0,person50,46.4823125,False,
24209.0,person2,62.038225,False,
24209.0,person50,46.4823125,False,
24210.0,person2,62.090125,False,
24210.0,person50,46.4823125,False,
24211.0,person2,62.142025,False,
24211.0,person50,46.4823125,False,
24212.0,person2,62.193925,False,
24212.0,person50,46.4823125,False,
24213.0,person2,62.245825,False,
24213.0,person50,46.4823125,False,
24214.0,person2,62.297725,False,
24214.0,person50,46.4823125,False,
24215.0,person2,62.349625,False,
24215.0,person50,46.4823125,False,
24216.0,person2,62.401525,False,
24216.0,person50,46.4823125,False,
24217.0,person2,62.453425,False,
24217.0,person50,46.4823125,False,
24218.0,person2,62.505325,False,
24218.0,person50,46.4823125,False,
24219.0,person2,62.557225,False,
24219.0,person50,46.4823125,False,
24220.0,person2,62.609125,False,
24220.0,person50,46.4823125,False,
24221.0,person2,62.661025,False,
24221.0,person50,46.4823125,False,
24222.0,person2,62.712925,False,
24222.0,person50,46.4823125,False,
24223.0,person2,62.764825,False,
24223.0,person50,46.4823125,False,
24224.0,person2,62.816725,False,
24224.0,person50,46.4823125,False,
24225.0,person2,62.868625,False,
24225.0,person50,46.4823125,False,
24226.0,person2,62.9205375,False,
24226.0,person50,46.4823125,False,
24227.0,person2,62.9724375,False,
24227.0,person50,46.4823125,False,
24228.0,person2,63.0243375,False,
24228.0,person50,46.4823125,False,
24229.0,person2,63.0762375,False,
24229.0,person50,46.4823125,False,
24230.0,person2,63.1281375,False,
24230.0,person50,46.4823125,False,
24231.0,person2,63.1800375,False,
24231.0,person50,46.4823125,False,
24232.0,person2,63.2319375,False,
24232.0,person50,46.4823125,False,
24233.0,person2,63.2838375,False,
24233.0,person50,46.4823125,False,
24234.0,person2,63.3357375,False,
24234.0,person50,46.4823125,False,
24235.0,person2,63.3876375,False,
24235.0,person50,46.4823125,False,
24236.0,person2,63.4395375,False,
24236.0,person50,46.4823125,False,
24236.0,person9,50.0,False,
24237.0,person2,63.4914375,False,
24237.0,person50,46.4823125,False,
24237.0,person9,49.9598125,False,
24238.0,person2,63.5433375,False,
24238.0,person50,46.4823125,False,
24238.0,person9,49.84615,False,
24239.0,person2,63.5952375,False,
24239.0,person50,46.4823125,False,
24239.0,person9,49.659025,False,
24240.0,person2,63.6471375,False,
24240.0,person50,46.4823125,False,
24240.0,person9,49.3984375,False,
24241.0,person2,63.6990375,False,
24241.0,person50,46.4823125,False,
24241.0,person9,49.0643375,False,
24242.0,person2,63.7509375,False,
24242.0,person50,46.4823125,False,
24242.0,person9,48.6567375,False,
24243.0,person2,63.8028375,False,
24243.0,person50,46.4823125,False,
24243.0,person9,48.1753625,False,
24244.0,person2,63.8547375,False,
24244.0,person50,46.4823125,False,
24244.0,person9,47.6205875,False,
24245.0,person2,63.9066375,False,
24245.0,person50,46.4823125,False,
24245.0,person9,47.240675,False,
24246.0,person2,63.9585375,False,
24246.0,person50,46.4823125,False,
24246.0,person9,47.3138375,False,
24247.0,person2,64.0104375,False,
24247.0,person50,46.4823125,False,
24247.0,person9,47.8075125,True,
24248.0,person2,64.06235,False,
24248.0,person50,46.4823125,False,
24248.0,person9,48.0798625,True,
24249.0,person2,64.11425,False,
24249.0,person50,46.4823125,False,
24249.0,person9,48.138125,False,
24250.0,person2,64.16615,False,
24250.0,person50,46.4823125,False,
24250.0,person9,48.1379375,False,
24251.0,person2,64.21805,False,
24251.0,person50,46.4823125,False,
24251.0,person9,48.1377625,False,
24252.0,person2,64.26995,False,
24252.0,person50,46.4823125,False,
24252.0,person9,48.137575,False,
24253.0,person2,64.32185,False,
24253.0,person50,46.4823125,False,
24253.0,person9,48.1373875,False,
24254.0,person2,64.37375,False,
24254.0,person50,46.4823125,False,
24254.0,person9,48.1372125,False,
24255.0,person2,64.42565,False,
24255.0,person50,46.4823125,False,
24255.0,person9,48.0970125,False,
24256.0,person2,64.47755,False,
24256.0,person50,46.4823125,False,
24256.0,person9,47.98325,False,
24257.0,person2,64.52945,False,
24257.0,person50,46.4823125,False,
24257.0,person9,47.79515000000001,False,
24258.0,person2,64.58135,False,
24258.0,person50,46.4823125,False,
24258.0,person9,47.52965,False,
24259.0,person2,64.63325,False,
24259.0,person50,46.4823125,False,
24259.0,person9,47.178675,False,
24260.0,person2,64.68515,False,
24260.0,person50,46.4823125,False,
24260.0,person9,46.7503625,False,
24261.0,person2,64.73705,False,
24261.0,person50,46.4823125,False,
24261.0,person9,46.2578875,False,
24262.0,person2,64.78895,False,
24262.0,person50,46.4823125,False,
24262.0,person9,45.702225,False,
24263.0,person2,64.84085,False,
24263.0,person50,46.4823125,False,
24263.0,person9,45.32245,False,
24264.0,person2,64.89275,False,
24264.0,person50,46.4823125,False,
24264.0,person9,45.265725,False,
24265.0,person2,64.94465,False,
24265.0,person50,46.4823125,False,
24265.0,person9,45.208687499999996,False,
24266.0,person2,64.99655,False,
24266.0,person50,46.4823125,False,
24266.0,person9,45.1519625,False,
24267.0,person2,65.04845,False,
24267.0,person50,46.4823125,False,
24267.0,person9,45.0953125,False,
24268.0,person2,65.10035,False,
24268.0,person50,46.4823125,False,
24268.0,person9,45.0386625,False,
24269.0,person2,65.1522625,False,
24269.0,person50,46.4823125,False,
24269.0,person9,44.9820125,False,
24270.0,person2,65.2041625,False,
24270.0,person50,46.4823125,False,
24270.0,person9,44.9252875,False,
24271.0,person2,65.2560625,False,
24271.0,person50,46.4823125,False,
24271.0,person9,44.868637500000006,False,
24272.0,person2,65.3079625,False,
24272.0,person50,46.4823125,False,
24272.0,person9,44.811987499999994,False,
24273.0,person2,65.3598625,False,
24273.0,person50,46.4823125,False,
24273.0,person9,44.7553875,False,
24274.0,person2,65.4117625,False,
24274.0,person50,46.4823125,False,
24274.0,person9,44.8337625,False,
24275.0,person2,65.4636625,False,
24275.0,person50,46.4823125,False,
24275.0,person9,45.009475,True,
24276.0,person2,65.5155625,False,
24276.0,person50,46.4823125,False,
24276.0,person9,45.162299999999995,True,
24277.0,person2,65.5674625,False,
24277.0,person50,46.4823125,False,
24277.0,person9,45.2922625,True,
24278.0,person2,65.6193625,False,
24278.0,person50,46.4823125,False,
24278.0,person9,45.3993,True,
24279.0,person2,65.6712625,False,
24279.0,person50,46.4823125,False,
24279.0,person9,45.48341250000001,False,
24280.0,person2,65.7231625,False,
24280.0,person50,46.4823125,False,
24280.0,person9,45.213025,False,
24281.0,person2,65.7750625,False,
24281.0,person50,46.4823125,False,
24281.0,person9,44.867425,False,
24282.0,person2,65.8269625,False,
24282.0,person50,46.4823125,False,
24282.0,person9,44.442075,False,
24283.0,person2,65.8788625,False,
24283.0,person50,46.4823125,False,
24283.0,person9,43.9314875,False,
24284.0,person2,65.9307625,False,
24284.0,person50,46.4823125,False,
24284.0,person9,43.3373125,False,
24285.0,person2,65.9826625,False,
24285.0,person50,46.4823125,False,
24285.0,person9,42.6847875,False,
24286.0,person2,66.0345625,False,
24286.0,person50,46.4823125,False,
24286.0,person9,41.97315,False,
24287.0,person2,66.0864625,False,
24287.0,person50,46.4823125,False,
24287.0,person9,41.1894125,False,
24288.0,person2,66.1383625,False,
24288.0,person50,46.4823125,False,
24288.0,person9,40.3322,False,
24289.0,person2,66.1902625,False,
24289.0,person50,46.4823125,False,
24289.0,person9,39.401325,False,
24290.0,person2,66.242175,False,
24290.0,person50,46.4823125,False,
24290.0,person9,38.3962125,False,
24291.0,person2,66.294075,False,
24291.0,person50,46.4823125,False,
24291.0,person9,38.9647625,True,
24292.0,person2,66.345975,False,
24292.0,person50,46.4823125,False,
24292.0,person9,39.425725,True,
24293.0,person2,66.397875,False,
24293.0,person50,46.4823125,False,
24293.0,person9,39.7924875,True,
24294.0,person2,66.449775,False,
24294.0,person50,46.4823125,False,
24294.0,person9,40.0425875,True,
24295.0,person2,66.501675,False,
24295.0,person50,46.4823125,False,
24295.0,person9,40.2126125,True,
24296.0,person2,66.553575,False,
24296.0,person50,46.4823125,False,
24296.0,person9,40.359725,True,
24297.0,person2,66.605475,False,
24297.0,person50,46.4823125,False,
24297.0,person9,40.4839,True,
24298.0,person2,66.657375,False,
24298.0,person50,46.4823125,False,
24298.0,person9,40.5851625,True,
24299.0,person2,66.709275,False,
24299.0,person50,46.4823125,False,
24299.0,person9,40.6635,False,
24300.0,person2,66.761175,False,
24300.0,person50,46.4823125,False,
24300.0,person9,40.4401375,False,
24301.0,person2,66.813075,False,
24301.0,person50,46.4823125,False,
24301.0,person9,40.4052,False,
24302.0,person2,66.864975,False,
24302.0,person50,46.4823125,False,
24302.0,person9,40.0261125,False,
24303.0,person2,66.916875,False,
24303.0,person50,46.4823125,False,
24303.0,person9,39.606325,False,
24304.0,person2,66.968775,False,
24304.0,person50,46.4823125,False,
24304.0,person9,39.1428625,False,
24305.0,person2,67.020675,False,
24305.0,person50,46.4823125,False,
24305.0,person9,38.6059,False,
24306.0,person2,67.072575,False,
24306.0,person50,46.4823125,False,
24306.0,person9,37.995425,False,
24307.0,person2,67.124475,False,
24307.0,person50,46.4823125,False,
24307.0,person9,37.3114375,False,
24308.0,person2,67.176375,False,
24308.0,person50,46.4823125,False,
24308.0,person9,36.5539,False,
24309.0,person2,67.228275,False,
24309.0,person50,46.4823125,False,
24309.0,person9,36.518775,False,
24310.0,person2,67.280175,False,
24310.0,person50,46.4823125,False,
24310.0,person9,36.754025,True,
24311.0,person2,67.332075,False,
24311.0,person29,50.0,False,
24311.0,person50,46.4823125,False,
24311.0,person9,36.966225,True,
24312.0,person2,67.3839875,False,
24312.0,person29,49.9598125,False,
24312.0,person50,46.4823125,False,
24312.0,person9,37.1556125,True,
24313.0,person2,67.4358875,False,
24313.0,person29,49.84615,False,
24313.0,person50,46.4823125,False,
24313.0,person9,37.3219625,True,
24314.0,person2,67.4877875,False,
24314.0,person29,49.65792499999999,False,
24314.0,person50,46.4823125,False,
24314.0,person9,37.4655375,True,
24315.0,person2,67.5396875,False,
24315.0,person29,49.3944875,False,
24315.0,person50,46.4823125,False,
24315.0,person9,37.5861875,True,
24316.0,person2,67.5915875,False,
24316.0,person29,49.0599,False,
24316.0,person50,46.4823125,False,
24316.0,person9,37.683925,False,
24317.0,person2,67.6434875,False,
24317.0,person29,48.65234999999999,False,
24317.0,person50,46.4823125,False,
24317.0,person9,37.758725,False,
24318.0,person2,67.6953875,False,
24318.0,person29,48.1712875,False,
24318.0,person50,46.4823125,False,
24318.0,person9,37.8105875,False,
24319.0,person2,67.7472875,False,
24319.0,person29,47.616775,False,
24319.0,person50,46.4823125,False,
24319.0,person9,37.8395375,False,
24320.0,person2,67.7991875,False,
24320.0,person29,47.1612625,False,
24320.0,person50,46.4823125,False,
24320.0,person9,37.8458875,False,
24321.0,person2,67.8510875,False,
24321.0,person29,47.103475,False,
24321.0,person50,46.4823125,False,
24321.0,person9,37.8457125,False,
24322.0,person2,67.9029875,False,
24322.0,person29,47.045874999999995,False,
24322.0,person50,46.4823125,False,
24322.0,person9,37.845525,False,
24323.0,person2,67.9548875,False,
24323.0,person29,46.9883625,False,
24323.0,person50,46.4823125,False,
24323.0,person9,37.84535,False,
24324.0,person2,68.0067875,False,
24324.0,person29,46.930474999999994,False,
24324.0,person50,46.4823125,False,
24324.0,person9,37.8451625,False,
24325.0,person2,68.0586875,False,
24325.0,person29,46.8724625,False,
24325.0,person50,46.4823125,False,
24325.0,person9,37.844975,False,
24326.0,person2,68.1105875,False,
24326.0,person29,46.8150125,False,
24326.0,person50,46.4823125,False,
24326.0,person9,37.8448,False,
24327.0,person2,68.1624875,False,
24327.0,person29,47.2707625,True,
24327.0,person50,46.4823125,False,
24327.0,person9,37.8446125,False,
24328.0,person2,68.2143875,False,
24328.0,person29,47.62332500000001,True,
24328.0,person50,46.4823125,False,
24328.0,person9,37.844425,False,
24329.0,person2,68.2662875,False,
24329.0,person29,47.754575,True,
24329.0,person50,46.4823125,False,
24329.0,person9,37.84425,False,
24330.0,person2,68.3181875,False,
24330.0,person29,47.755175,False,
24330.0,person50,46.4823125,False,
24330.0,person9,37.8440625,False,
24331.0,person2,68.3700875,False,
24331.0,person29,47.755,False,
24331.0,person50,46.4823125,False,
24331.0,person9,37.8438875,False,
24332.0,person2,68.4219875,False,
24332.0,person29,47.7548125,False,
24332.0,person50,46.4823125,False,
24332.0,person9,37.8437,False,
24333.0,person2,68.4739,False,
24333.0,person29,47.7546375,False,
24333.0,person50,46.4823125,False,
24333.0,person9,37.8435125,False,
24334.0,person2,68.5258,False,
24334.0,person29,47.75445,False,
24334.0,person50,46.4823125,False,
24334.0,person9,37.8433375,False,
24335.0,person2,68.5777,False,
24335.0,person29,47.7542625,False,
24335.0,person50,46.4823125,False,
24335.0,person9,37.84315,False,
24336.0,person2,68.6296,False,
24336.0,person29,47.714075,False,
24336.0,person50,46.4823125,False,
24336.0,person9,37.8429625,False,
24337.0,person2,68.6815,False,
24337.0,person29,47.6003,False,
24337.0,person50,46.4823125,False,
24337.0,person9,37.8427875,False,
24338.0,person2,68.7334,False,
24338.0,person29,47.4122,False,
24338.0,person50,46.4823125,False,
24338.0,person9,37.8426,False,
24339.0,person2,68.7853,False,
24339.0,person29,47.1467,False,
24339.0,person50,46.4823125,False,
24339.0,person9,37.842425,False,
24340.0,person2,68.8372,False,
24340.0,person29,46.795737499999994,False,
24340.0,person50,46.4823125,False,
24340.0,person9,37.8422375,False,
24341.0,person2,68.8891,False,
24341.0,person29,46.367425,False,
24341.0,person50,46.4823125,False,
24341.0,person9,37.84205,False,
24342.0,person2,68.941,False,
24342.0,person29,45.874937499999994,False,
24342.0,person50,46.4823125,False,
24342.0,person9,37.841875,False,
24343.0,person2,68.9929,False,
24343.0,person29,45.319275,False,
24343.0,person50,46.4823125,False,
24343.0,person9,37.8416875,False,
24344.0,person2,69.0448,False,
24344.0,person29,44.8639625,False,
24344.0,person50,46.4823125,False,
24344.0,person9,37.8415125,False,
24345.0,person2,69.0967,False,
24345.0,person29,44.8063875,False,
24345.0,person50,46.4823125,False,
24345.0,person9,37.841325,False,
24346.0,person2,69.1486,False,
24346.0,person29,44.748462499999995,False,
24346.0,person50,46.4823125,False,
24346.0,person9,37.8411375,False,
24347.0,person2,69.2005,False,
24347.0,person29,44.6909125,False,
24347.0,person50,46.4823125,False,
24347.0,person9,37.8409625,False,
24348.0,person2,69.2524,False,
24348.0,person29,44.63345,False,
24348.0,person50,46.4823125,False,
24348.0,person9,37.840775,False,
24349.0,person2,69.3043,False,
24349.0,person29,44.57600000000001,False,
24349.0,person50,46.4823125,False,
24349.0,person9,37.8405875,False,
24350.0,person2,69.3562,False,
24350.0,person29,44.5184875,False,
24350.0,person50,46.4823125,False,
24350.0,person9,37.8404125,False,
24351.0,person2,69.4081,False,
24351.0,person29,44.4608875,False,
24351.0,person50,46.4823125,False,
24351.0,person9,37.840225,False,
24352.0,person2,69.46,False,
24352.0,person29,44.4033875,False,
24352.0,person50,46.4823125,False,
24352.0,person9,37.84005,False,
24353.0,person2,69.5119,False,
24353.0,person29,44.34587499999999,False,
24353.0,person50,46.4823125,False,
24353.0,person9,37.8398625,False,
24354.0,person2,69.5638,False,
24354.0,person29,44.288374999999995,False,
24354.0,person50,46.4823125,False,
24354.0,person9,37.839675,False,
24355.0,person2,69.6157125,False,
24355.0,person29,44.23068750000001,False,
24355.0,person50,46.4823125,False,
24355.0,person9,37.8395,False,
24356.0,person2,69.6676125,False,
24356.0,person29,44.17285,False,
24356.0,person50,46.4823125,False,
24356.0,person9,37.8393125,False,
24357.0,person2,69.7195125,False,
24357.0,person29,44.4892375,True,
24357.0,person50,46.4823125,False,
24357.0,person9,37.839125,False,
24358.0,person2,69.7714125,False,
24358.0,person29,44.9018625,True,
24358.0,person50,46.4823125,False,
24358.0,person9,37.83895,False,
24359.0,person2,69.8233125,False,
24359.0,person29,45.0931625,True,
24359.0,person50,46.4823125,False,
24359.0,person9,37.8387625,False,
24360.0,person2,69.8752125,False,
24360.0,person29,45.10693750000001,False,
24360.0,person50,46.4823125,False,
24360.0,person9,37.8385875,False,
24361.0,person2,69.9271125,False,
24361.0,person29,45.10675,False,
24361.0,person50,46.4823125,False,
24361.0,person9,37.8384,False,
24362.0,person2,69.9790125,False,
24362.0,person29,45.106575,False,
24362.0,person50,46.4823125,False,
24362.0,person9,37.8382125,False,
24363.0,person2,70.0309125,False,
24363.0,person29,45.1063875,False,
24363.0,person50,46.4823125,False,
24363.0,person9,37.8380375,False,
24364.0,person2,70.0828125,False,
24364.0,person29,45.1062125,False,
24364.0,person50,46.4823125,False,
24364.0,person9,37.83785,False,
24365.0,person2,70.1347125,False,
24365.0,person29,45.106025,False,
24365.0,person50,46.4823125,False,
24365.0,person9,37.8376625,False,
24366.0,person2,70.1866125,False,
24366.0,person29,45.1058375,False,
24366.0,person50,46.4823125,False,
24366.0,person9,37.8374875,False,
24367.0,person2,70.2385125,False,
24367.0,person29,45.1056625,False,
24367.0,person50,46.4823125,False,
24367.0,person9,37.8373,False,
24368.0,person2,70.2904125,False,
24368.0,person29,45.10547499999999,False,
24368.0,person50,46.4823125,False,
24368.0,person9,37.837125,False,
24369.0,person2,70.3423125,False,
24369.0,person29,45.1052875,False,
24369.0,person50,46.4823125,False,
24369.0,person9,37.8369375,False,
24370.0,person2,70.3942125,False,
24370.0,person29,45.1051125,False,
24370.0,person50,46.4823125,False,
24370.0,person9,37.83675,False,
24371.0,person2,70.4461125,False,
24371.0,person29,45.0649125,False,
24371.0,person50,46.4823125,False,
24371.0,person9,37.836575,False,
24372.0,person2,70.4980125,False,
24372.0,person29,44.95125,False,
24372.0,person50,46.4823125,False,
24372.0,person9,37.8363875,False,
24373.0,person2,70.5499125,False,
24373.0,person29,44.76310000000001,False,
24373.0,person50,46.4823125,False,
24373.0,person9,37.8362125,False,
24374.0,person2,70.6018125,False,
24374.0,person29,44.5004125,False,
24374.0,person50,46.4823125,False,
24374.0,person9,37.836025,False,
24375.0,person2,70.6537125,False,
24375.0,person29,44.163925,False,
24375.0,person50,46.4823125,False,
24375.0,person9,37.8358375,False,
24376.0,person2,70.705625,False,
24376.0,person29,43.74385,False,
24376.0,person50,46.4823125,False,
24376.0,person9,37.8356625,False,
24377.0,person2,70.757525,False,
24377.0,person29,43.23835,False,
24377.0,person50,46.4823125,False,
24377.0,person9,37.835475,False,
24378.0,person2,70.809425,False,
24378.0,person29,42.6601,False,
24378.0,person50,46.4823125,False,
24378.0,person9,37.8352875,False,
24379.0,person2,70.861325,False,
24379.0,person29,42.0219125,False,
24379.0,person50,46.4823125,False,
24379.0,person9,37.8351125,False,
24380.0,person2,70.913225,False,
24380.0,person29,41.3203125,False,
24380.0,person50,46.4823125,False,
24380.0,person9,37.834925,False,
24381.0,person2,70.965125,False,
24381.0,person29,40.545175,False,
24381.0,person50,46.4823125,False,
24381.0,person9,37.83475,False,
24382.0,person2,71.017025,False,
24382.0,person29,39.6964875,False,
24382.0,person50,46.4823125,False,
24382.0,person9,37.8345625,False,
24383.0,person2,71.068925,False,
24383.0,person29,38.7743375,False,
24383.0,person50,46.4823125,False,
24383.0,person9,37.834375,False,
24384.0,person2,71.120825,False,
24384.0,person29,39.036825,True,
24384.0,person50,46.4823125,False,
24384.0,person9,37.8342,False,
24385.0,person2,71.172725,False,
24385.0,person29,39.303225,True,
24385.0,person50,46.4823125,False,
24385.0,person9,37.8340125,False,
24386.0,person2,71.224625,False,
24386.0,person29,39.5469375,True,
24386.0,person50,46.4823125,False,
24386.0,person9,37.833825,False,
24387.0,person2,71.276525,False,
24387.0,person29,39.767725,True,
24387.0,person50,46.4823125,False,
24387.0,person9,37.83365,False,
24388.0,person2,71.328425,False,
24388.0,person29,39.9656,True,
24388.0,person50,46.4823125,False,
24388.0,person9,37.8334625,False,
24389.0,person2,71.380325,False,
24389.0,person29,40.1405625,True,
24389.0,person50,46.4823125,False,
24389.0,person9,37.8332875,False,
24390.0,person2,71.432225,False,
24390.0,person29,40.2926125,True,
24390.0,person50,46.4823125,False,
24390.0,person9,37.8331,False,
24391.0,person2,71.484125,False,
24391.0,person29,40.4217375,True,
24391.0,person50,46.4823125,False,
24391.0,person9,37.8329125,False,
24392.0,person2,71.536025,False,
24392.0,person29,40.5279375,True,
24392.0,person50,46.4823125,False,
24392.0,person9,37.8327375,False,
24393.0,person2,71.587925,False,
24393.0,person29,40.611225,False,
24393.0,person50,46.4823125,False,
24393.0,person9,37.83255,False,
24394.0,person2,71.639825,False,
24394.0,person29,40.4160625,False,
24394.0,person50,46.4823125,False,
24394.0,person9,37.832375,False,
24395.0,person2,71.691725,False,
24395.0,person29,40.383425,False,
24395.0,person50,46.4823125,False,
24395.0,person9,37.8321875,False,
24396.0,person2,71.743625,False,
24396.0,person29,40.00245,False,
24396.0,person50,46.4823125,False,
24396.0,person9,37.832,False,
24397.0,person2,71.7955375,False,
24397.0,person29,39.570275,False,
24397.0,person50,46.4823125,False,
24397.0,person9,37.831825,False,
24398.0,person2,71.8474375,False,
24398.0,person29,39.10265,False,
24398.0,person50,46.4823125,False,
24398.0,person9,37.8316375,False,
24399.0,person2,71.8993375,False,
24399.0,person29,38.561525,False,
24399.0,person50,46.4823125,False,
24399.0,person9,37.83145,False,
24400.0,person2,71.9512375,False,
24400.0,person29,37.9469,False,
24400.0,person50,46.4823125,False,
24400.0,person9,37.831275,False,
24401.0,person2,72.0031375,False,
24401.0,person29,37.2588125,False,
24401.0,person50,46.4823125,False,
24401.0,person9,37.8310875,False,
24402.0,person2,72.0550375,False,
24402.0,person29,36.497125,False,
24402.0,person50,46.4823125,False,
24402.0,person9,37.8309125,False,
24403.0,person2,72.1069375,False,
24403.0,person29,36.6807125,True,
24403.0,person50,46.4823125,False,
24403.0,person9,37.830725,False,
24404.0,person2,72.1588375,False,
24404.0,person29,36.9003125,True,
24404.0,person50,46.4823125,False,
24404.0,person9,37.8305375,False,
24405.0,person2,72.2107375,False,
24405.0,person29,37.09545,True,
24405.0,person50,46.4823125,False,
24405.0,person9,37.8303625,False,
24406.0,person2,72.2626375,False,
24406.0,person29,37.2655125,True,
24406.0,person50,46.4823125,False,
24406.0,person9,37.830175,False,
24407.0,person2,72.3145375,False,
24407.0,person29,37.4125625,True,
24407.0,person50,46.4823125,False,
24407.0,person9,37.8299875,False,
24408.0,person2,72.3664375,False,
24408.0,person29,37.53985,True,
24408.0,person50,46.4823125,False,
24408.0,person9,37.8298125,False,
24409.0,person2,72.4183375,False,
24409.0,person29,37.644875,True,
24409.0,person50,46.4823125,False,
24409.0,person9,37.829625,False,
24410.0,person2,72.4702375,False,
24410.0,person29,37.726975,False,
24410.0,person50,46.4823125,False,
24410.0,person9,37.82945,False,
24411.0,person2,72.5221375,False,
24411.0,person29,37.78615,False,
24411.0,person50,46.4823125,False,
24411.0,person9,37.8292625,False,
24412.0,person2,72.5740375,False,
24412.0,person29,37.8224,False,
24412.0,person50,46.4823125,False,
24412.0,person9,37.829075,False,
24413.0,person2,72.6259375,False,
24413.0,person29,37.8357125,False,
24413.0,person50,46.4823125,False,
24413.0,person9,37.8289,False,
24414.0,person2,72.6778375,False,
24414.0,person29,37.83555,False,
24414.0,person50,46.4823125,False,
24414.0,person9,37.8287125,False,
24415.0,person2,72.7297375,False,
24415.0,person29,37.835375,False,
24415.0,person50,46.4823125,False,
24415.0,person9,37.8285375,False,
24416.0,person2,72.7816375,False,
24416.0,person29,37.8351875,False,
24416.0,person50,46.4823125,False,
24416.0,person9,37.82835,False,
24417.0,person2,72.8335375,False,
24417.0,person29,37.8350125,False,
24417.0,person50,46.4823125,False,
24417.0,person9,37.8281625,False,
24418.0,person2,72.8854375,False,
24418.0,person29,37.834825,False,
24418.0,person50,46.4823125,False,
24418.0,person9,37.8279875,False,
24419.0,person2,72.93735,False,
24419.0,person29,37.8346375,False,
24419.0,person50,46.4823125,False,
24419.0,person9,37.8278,False,
24420.0,person2,72.98925,False,
24420.0,person29,37.8344625,False,
24420.0,person50,46.4823125,False,
24420.0,person9,37.8276125,False,
24421.0,person2,73.04115,False,
24421.0,person29,37.834275,False,
24421.0,person50,46.4823125,False,
24421.0,person9,37.8274375,False,
24422.0,person2,73.09305,False,
24422.0,person29,37.8341,False,
24422.0,person50,46.4823125,False,
24422.0,person9,37.82725,False,
24423.0,person2,73.14495,False,
24423.0,person29,37.8339125,False,
24423.0,person50,46.4823125,False,
24423.0,person9,37.827075,False,
24424.0,person2,73.19685,False,
24424.0,person29,37.833725,False,
24424.0,person50,46.4823125,False,
24424.0,person9,37.8268875,False,
24425.0,person2,73.24875,False,
24425.0,person29,37.83355,False,
24425.0,person50,46.4823125,False,
24425.0,person9,37.8267,False,
24426.0,person2,73.30065,False,
24426.0,person29,37.8333625,False,
24426.0,person50,46.4823125,False,
24426.0,person9,37.826525,False,
24427.0,person2,73.35255,False,
24427.0,person29,37.833175,False,
24427.0,person50,46.4823125,False,
24427.0,person9,37.8263375,False,
24428.0,person2,73.40445,False,
24428.0,person29,37.833,False,
24428.0,person50,46.4823125,False,
24428.0,person9,37.82615,False,
24429.0,person2,73.45635,False,
24429.0,person29,37.8328125,False,
24429.0,person50,46.4823125,False,
24429.0,person9,37.825975,False,
24430.0,person2,73.50825,False,
24430.0,person29,37.8326375,False,
24430.0,person50,46.4823125,False,
24430.0,person9,37.8257875,False,
24431.0,person2,73.56015,False,
24431.0,person29,37.83245,False,
24431.0,person50,46.4823125,False,
24431.0,person9,37.8256125,False,
24432.0,person2,73.61205,False,
24432.0,person29,37.8322625,False,
24432.0,person50,46.4823125,False,
24432.0,person9,37.825425,False,
24433.0,person2,73.66395,False,
24433.0,person29,37.8320875,False,
24433.0,person50,46.4823125,False,
24433.0,person9,37.8252375,False,
24434.0,person2,73.71585,False,
24434.0,person29,37.8319,False,
24434.0,person50,46.4823125,False,
24434.0,person9,37.8250625,False,
24435.0,person2,73.76775,False,
24435.0,person29,37.8317125,False,
24435.0,person50,46.4823125,False,
24435.0,person9,37.824875,False,
24436.0,person2,73.81965,False,
24436.0,person29,37.8315375,False,
24436.0,person50,46.4823125,False,
24436.0,person9,37.8246875,False,
24437.0,person2,73.87155,False,
24437.0,person29,37.83135,False,
24437.0,person50,46.4823125,False,
24437.0,person9,37.8245125,False,
24438.0,person2,73.92345,False,
24438.0,person29,37.831175,False,
24438.0,person50,46.4823125,False,
24438.0,person9,37.824325,False,
24439.0,person2,73.97535,False,
24439.0,person29,37.8309875,False,
24439.0,person50,46.4823125,False,
24439.0,person9,37.82415,False,
24440.0,person2,74.0272625,False,
24440.0,person29,37.8308,False,
24440.0,person50,46.4823125,False,
24440.0,person9,37.8239625,False,
24441.0,person2,74.0791625,False,
24441.0,person29,37.830625,False,
24441.0,person50,46.4823125,False,
24441.0,person9,37.823775,False,
24442.0,person2,74.1310625,False,
24442.0,person29,37.8304375,False,
24442.0,person50,46.4823125,False,
24442.0,person9,37.8236,False,
24443.0,person2,74.1829625,False,
24443.0,person29,37.83025,False,
24443.0,person50,46.4823125,False,
24443.0,person9,37.8234125,False,
24444.0,person2,74.2348625,False,
24444.0,person29,37.830075,False,
24444.0,person50,46.4823125,False,
24444.0,person9,37.8232375,False,
24445.0,person2,74.2867625,False,
24445.0,person29,37.8298875,False,
24445.0,person50,46.4823125,False,
24445.0,person9,37.82305,False,
24446.0,person2,74.3386625,False,
24446.0,person29,37.8297125,False,
24446.0,person50,46.4823125,False,
24446.0,person9,37.8228625,False,
24447.0,person2,74.3905625,False,
24447.0,person29,37.829525,False,
24447.0,person50,46.4823125,False,
24447.0,person9,37.8226875,False,
24448.0,person2,74.4424625,False,
24448.0,person29,37.8293375,False,
24448.0,person50,46.4823125,False,
24448.0,person9,37.8225,False,
24449.0,person2,74.4943625,False,
24449.0,person29,37.8291625,False,
24449.0,person50,46.4823125,False,
24449.0,person9,37.8223125,False,
24450.0,person2,74.5462625,False,
24450.0,person29,37.828975,False,
24450.0,person50,46.4823125,False,
24450.0,person9,37.8221375,False,
24451.0,person2,74.5981625,False,
24451.0,person29,37.8288,False,
24451.0,person50,46.4823125,False,
24451.0,person9,37.82195,False,
24452.0,person2,74.6500625,False,
24452.0,person29,37.8286125,False,
24452.0,person50,46.4823125,False,
24452.0,person9,37.821775,False,
24453.0,person2,74.7019625,False,
24453.0,person29,37.828425,False,
24453.0,person50,46.4823125,False,
24453.0,person9,37.8215875,False,
24454.0,person2,74.7538625,False,
24454.0,person29,37.82825,False,
24454.0,person50,46.4823125,False,
24454.0,person9,37.8214,False,
24455.0,person2,74.8057625,False,
24455.0,person29,37.8280625,False,
24455.0,person50,46.4823125,False,
24455.0,person9,37.821225,False,
24456.0,person2,74.8576625,False,
24456.0,person29,37.827875,False,
24456.0,person50,46.4823125,False,
24456.0,person9,37.8210375,False,
24457.0,person2,74.9095625,False,
24457.0,person29,37.8277,False,
24457.0,person50,46.4823125,False,
24457.0,person9,37.82085,False,
24458.0,person2,74.9614625,False,
24458.0,person29,37.8275125,False,
24458.0,person50,46.4823125,False,
24458.0,person9,37.820675,False,
24459.0,person2,75.0133625,False,
24459.0,person29,37.8273375,False,
24459.0,person50,46.4823125,False,
24459.0,person9,37.8204875,False,
24460.0,person2,75.0652625,False,
24460.0,person29,37.82715,False,
24460.0,person50,46.4823125,False,
24460.0,person9,37.8203125,False,
24461.0,person2,75.117175,False,
24461.0,person29,37.8269625,False,
24461.0,person50,46.4823125,False,
24461.0,person9,37.820125,False,
24462.0,person2,75.169075,False,
24462.0,person29,37.8267875,False,
24462.0,person50,46.4823125,False,
24462.0,person9,37.8199375,False,
24463.0,person2,75.220975,False,
24463.0,person29,37.8266,False,
24463.0,person50,46.4823125,False,
24463.0,person9,37.8197625,False,
24464.0,person2,75.272875,False,
24464.0,person29,37.8264125,False,
24464.0,person50,46.4823125,False,
24464.0,person9,37.819575,False,
24465.0,person2,75.324775,False,
24465.0,person29,37.8262375,False,
24465.0,person50,46.4823125,False,
24465.0,person9,37.8194,False,
24466.0,person2,75.376675,False,
24466.0,person29,37.82605,False,
24466.0,person50,46.4823125,False,
24466.0,person9,37.8192125,False,
24467.0,person2,75.428575,False,
24467.0,person29,37.825875,False,
24467.0,person50,46.4823125,False,
24467.0,person9,37.819025,False,
24468.0,person2,75.480475,False,
24468.0,person29,37.8256875,False,
24468.0,person50,46.4823125,False,
24468.0,person9,37.81885,False,
24469.0,person2,75.532375,False,
24469.0,person29,37.8255,False,
24469.0,person50,46.4823125,False,
24469.0,person9,37.8186625,False,
24470.0,person2,75.584275,False,
24470.0,person29,37.825325,False,
24470.0,person50,46.4823125,False,
24470.0,person9,37.818475,False,
24471.0,person2,75.636175,False,
24471.0,person29,37.8251375,False,
24471.0,person50,46.4823125,False,
24471.0,person9,37.8183,False,
24472.0,person2,75.688075,False,
24472.0,person29,37.8249625,False,
24472.0,person50,46.4823125,False,
24472.0,person9,37.8181125,False,
24473.0,person2,75.739975,False,
24473.0,person29,37.824775,False,
24473.0,person50,46.4823125,False,
24473.0,person9,37.8179375,False,
24474.0,person2,75.791875,False,
24474.0,person29,37.8245875,False,
24474.0,person50,46.4823125,False,
24474.0,person9,37.81775,False,
24475.0,person2,75.843775,False,
24475.0,person29,37.8244125,False,
24475.0,person50,46.4823125,False,
24475.0,person9,37.8175625,False,
24476.0,person2,75.895675,False,
24476.0,person29,37.824225,False,
24476.0,person50,46.4823125,False,
24476.0,person9,37.8173875,False,
24477.0,person2,75.947575,False,
24477.0,person29,37.8240375,False,
24477.0,person50,46.4823125,False,
24477.0,person9,37.8172,False,
24478.0,person2,75.999475,False,
24478.0,person29,37.8238625,False,
24478.0,person50,46.4823125,False,
24478.0,person9,37.8170125,False,
24479.0,person2,76.051375,False,
24479.0,person29,37.823675,False,
24479.0,person50,46.4823125,False,
24479.0,person9,37.8168375,False,
24480.0,person2,76.103275,False,
24480.0,person29,37.8235,False,
24480.0,person50,46.4823125,False,
24480.0,person9,37.81665,False,
24481.0,person2,76.155175,False,
24481.0,person29,37.8233125,False,
24481.0,person50,46.4823125,False,
24481.0,person9,37.816475,False,
24482.0,person2,76.207075,False,
24482.0,person29,37.823125,False,
24482.0,person50,46.4823125,False,
24482.0,person9,37.8162875,False,
24483.0,person2,76.2589875,False,
24483.0,person29,37.82295,False,
24483.0,person50,46.4823125,False,
24483.0,person9,37.8161,False,
24484.0,person2,76.3108875,False,
24484.0,person29,37.8227625,False,
24484.0,person50,46.4823125,False,
24484.0,person9,37.815925,False,
24485.0,person2,76.3627875,False,
24485.0,person29,37.822575,False,
24485.0,person50,46.4823125,False,
24485.0,person9,37.8157375,False,
24486.0,person2,76.4146875,False,
24486.0,person29,37.8224,False,
24486.0,person50,46.4823125,False,
24486.0,person9,37.81555,False,
24487.0,person2,76.4665875,False,
24487.0,person29,37.8222125,False,
24487.0,person50,46.4823125,False,
24487.0,person9,37.815375,False,
24488.0,person2,76.5184875,False,
24488.0,person29,37.8220375,False,
24488.0,person50,46.4823125,False,
24488.0,person9,37.8151875,False,
24489.0,person2,76.5703875,False,
24489.0,person29,37.82185,False,
24489.0,person50,46.4823125,False,
24489.0,person9,37.8150125,False,
24490.0,person2,76.6222875,False,
24490.0,person29,37.8216625,False,
24490.0,person50,46.4823125,False,
24490.0,person9,37.814825,False,
24491.0,person2,76.6741875,False,
24491.0,person29,37.8214875,False,
24491.0,person50,46.4823125,False,
24491.0,person9,37.8146375,False,
24492.0,person2,76.7260875,False,
24492.0,person29,37.8213,False,
24492.0,person50,46.4823125,False,
24492.0,person9,37.8144625,False,
24493.0,person2,76.7779875,False,
24493.0,person29,37.8211125,False,
24493.0,person50,46.4823125,False,
24493.0,person9,37.814275,False,
24494.0,person2,76.8298875,False,
24494.0,person29,37.8209375,False,
24494.0,person50,46.4823125,False,
24494.0,person9,37.8141,False,
24495.0,person2,76.8817875,False,
24495.0,person29,37.82075,False,
24495.0,person50,46.4823125,False,
24495.0,person9,37.8139125,False,
24496.0,person2,76.9336875,False,
24496.0,person29,37.820575,False,
24496.0,person50,46.4823125,False,
24496.0,person9,37.813725,False,
24497.0,person2,76.9855875,False,
24497.0,person29,37.8203875,False,
24497.0,person50,46.4823125,False,
24497.0,person9,37.81355,False,
24498.0,person2,77.0374875,False,
24498.0,person29,37.8202,False,
24498.0,person50,46.4823125,False,
24498.0,person9,37.8133625,False,
24499.0,person2,77.0893875,False,
24499.0,person29,37.820025,False,
24499.0,person50,46.4823125,False,
24499.0,person9,37.813175,False,
24500.0,person2,77.1412875,False,
24500.0,person29,37.8198375,False,
24500.0,person50,46.4823125,False,
24500.0,person9,37.813,False,
24501.0,person2,77.1931875,False,
24501.0,person29,37.8196625,False,
24501.0,person50,46.4823125,False,
24501.0,person9,37.8128125,False,
24502.0,person2,77.2450875,False,
24502.0,person29,37.819475,False,
24502.0,person50,46.4823125,False,
24502.0,person9,37.8126375,False,
24503.0,person2,77.2969875,False,
24503.0,person29,37.8192875,False,
24503.0,person50,46.4823125,False,
24503.0,person9,37.81245,False,
24504.0,person2,77.3489,False,
24504.0,person29,37.8191125,False,
24504.0,person50,46.4823125,False,
24504.0,person9,37.8122625,False,
24505.0,person2,77.4008,False,
24505.0,person29,37.818925,False,
24505.0,person50,46.4823125,False,
24505.0,person9,37.8120875,False,
24506.0,person2,77.4527,False,
24506.0,person29,37.8187375,False,
24506.0,person50,46.4823125,False,
24506.0,person9,37.8119,False,
24507.0,person2,77.5046,False,
24507.0,person29,37.8185625,False,
24507.0,person50,46.4823125,False,
24507.0,person9,37.8117125,False,
24508.0,person2,77.5565,False,
24508.0,person29,37.818375,False,
24508.0,person50,46.4823125,False,
24508.0,person9,37.8115375,False,
24509.0,person2,77.6084,False,
24509.0,person29,37.8182,False,
24509.0,person50,46.4823125,False,
24509.0,person9,37.81135,False,
24510.0,person2,77.6603,False,
24510.0,person29,37.8180125,False,
24510.0,person50,46.4823125,False,
24510.0,person9,37.811175,False,
24511.0,person2,77.7122,False,
24511.0,person29,37.817825,False,
24511.0,person50,46.4823125,False,
24511.0,person9,37.8109875,False,
24512.0,person2,77.7641,False,
24512.0,person29,37.81765,False,
24512.0,person50,46.4823125,False,
24512.0,person9,37.8108,False,
24513.0,person2,77.816,False,
24513.0,person29,37.8174625,False,
24513.0,person50,46.4823125,False,
24513.0,person9,37.810625,False,
24514.0,person2,77.8679,False,
24514.0,person29,37.817275,False,
24514.0,person50,46.4823125,False,
24514.0,person9,37.8104375,False,
24515.0,person2,77.9198,False,
24515.0,person29,37.8171,False,
24515.0,person50,46.4823125,False,
24515.0,person9,37.8102625,False,
24516.0,person2,77.9717,False,
24516.0,person29,37.8169125,False,
24516.0,person50,46.4823125,False,
24516.0,person9,37.810075,False,
24517.0,person2,78.0236,False,
24517.0,person29,37.8167375,False,
24517.0,person50,46.4823125,False,
24517.0,person9,37.8098875,False,
24518.0,person2,78.0755,False,
24518.0,person29,37.81655,False,
24518.0,person50,46.4823125,False,
24518.0,person9,37.8097125,False,
24519.0,person2,78.1274,False,
24519.0,person29,37.8163625,False,
24519.0,person50,46.4823125,False,
24519.0,person9,37.809525,False,
24520.0,person2,78.1793,False,
24520.0,person29,37.8161875,False,
24520.0,person50,46.4823125,False,
24520.0,person9,37.861425,False,
24521.0,person2,78.2312,False,
24521.0,person29,37.816,False,
24521.0,person50,46.4823125,False,
24521.0,person9,37.913325,False,
24522.0,person2,78.2831,False,
24522.0,person29,37.815825,False,
24522.0,person50,46.4823125,False,
24522.0,person9,37.965225,False,
24523.0,person2,78.335,False,
24523.0,person29,37.8156375,False,
24523.0,person50,46.4823125,False,
24523.0,person9,38.017125,False,
24524.0,person2,78.3869,False,
24524.0,person29,37.81545,False,
24524.0,person50,46.4823125,False,
24524.0,person9,38.069025,False,
24525.0,person2,78.4388,False,
24525.0,person29,37.815275,False,
24525.0,person50,46.4823125,False,
24525.0,person9,38.120925,False,
24526.0,person2,78.4907125,False,
24526.0,person29,37.8150875,False,
24526.0,person50,46.4823125,False,
24526.0,person9,38.172825,False,
24527.0,person2,78.5426125,False,
24527.0,person29,37.8149,False,
24527.0,person50,46.4823125,False,
24527.0,person9,38.224725,False,
24528.0,person2,78.5945125,False,
24528.0,person29,37.814725,False,
24528.0,person50,46.4823125,False,
24528.0,person9,38.276625,False,
24529.0,person2,78.6464125,False,
24529.0,person29,37.8145375,False,
24529.0,person50,46.4823125,False,
24529.0,person9,38.3285375,False,
24530.0,person2,78.6983125,False,
24530.0,person29,37.8143625,False,
24530.0,person50,46.4823125,False,
24530.0,person9,38.3804375,False,
24531.0,person2,78.7502125,False,
24531.0,person29,37.814175,False,
24531.0,person50,46.4823125,False,
24531.0,person9,38.4323375,False,
24532.0,person2,78.8021125,False,
24532.0,person29,37.8139875,False,
24532.0,person50,46.4823125,False,
24532.0,person9,38.4842375,False,
24533.0,person2,78.8540125,False,
24533.0,person29,37.8138125,False,
24533.0,person50,46.4823125,False,
24533.0,person9,38.5361375,False,
24534.0,person2,78.9059125,False,
24534.0,person29,37.813625,False,
24534.0,person50,46.4823125,False,
24534.0,person9,38.5880375,False,
24535.0,person2,78.865725,False,
24535.0,person29,37.8134375,False,
24535.0,person50,46.4823125,False,
24535.0,person9,38.6399375,False,
24536.0,person2,78.8287125,False,
24536.0,person29,37.77325,False,
24536.0,person50,46.4823125,False,
24536.0,person9,38.6918375,False,
24537.0,person2,78.8173125,False,
24537.0,person29,37.73625,False,
24537.0,person50,46.4823125,False,
24537.0,person9,38.7437375,False,
24538.0,person2,78.67585,False,
24538.0,person29,37.72485,False,
24538.0,person50,46.4823125,False,
24538.0,person9,38.7956375,False,
24539.0,person2,78.460925,False,
24539.0,person29,37.5833875,False,
24539.0,person50,46.4823125,False,
24539.0,person9,38.8475375,False,
24540.0,person2,78.3032625,False,
24540.0,person29,37.3684625,False,
24540.0,person50,46.4823125,False,
24540.0,person9,38.8994375,False,
24541.0,person2,77.96745,False,
24541.0,person29,37.2108,False,
24541.0,person50,46.4823125,False,
24541.0,person9,38.9513375,False,
24542.0,person2,78.223075,True,
24542.0,person29,36.882725,False,
24542.0,person50,46.4823125,False,
24542.0,person9,39.0032375,False,
24543.0,person2,78.2697625,False,
24543.0,person29,36.4811875,False,
24543.0,person50,46.4823125,False,
24543.0,person9,39.0551375,False,
24544.0,person2,78.269575,False,
24544.0,person29,36.7839875,True,
24544.0,person50,46.4823125,False,
24544.0,person9,39.1070375,False,
24545.0,person2,78.2693875,False,
24545.0,person29,36.9167625,True,
24545.0,person50,46.4823125,False,
24545.0,person9,39.1589375,False,
24546.0,person2,78.2692125,False,
24546.0,person29,36.9174875,False,
24546.0,person50,46.4823125,False,
24546.0,person9,39.2108375,False,
24547.0,person2,78.269025,False,
24547.0,person29,36.9173,False,
24547.0,person50,46.4823125,False,
24547.0,person9,39.2627375,False,
24548.0,person2,78.26885,False,
24548.0,person29,36.9171125,False,
24548.0,person50,46.4823125,False,
24548.0,person9,39.3146375,False,
24549.0,person2,78.2686625,False,
24549.0,person29,36.9169375,False,
24549.0,person50,46.4823125,False,
24549.0,person9,39.3665375,False,
24550.0,person2,78.268475,False,
24550.0,person29,36.91675,False,
24550.0,person50,46.4823125,False,
24550.0,person9,39.4184375,False,
24551.0,person2,78.2683,False,
24551.0,person29,36.9165625,False,
24551.0,person50,46.4823125,False,
24551.0,person9,39.47035,False,
24552.0,person2,78.2681125,False,
24552.0,person29,36.9163875,False,
24552.0,person50,46.4823125,False,
24552.0,person9,39.52225,False,
24553.0,person2,78.2679375,False,
24553.0,person29,36.9162,False,
24553.0,person50,46.4823125,False,
24553.0,person9,39.57415,False,
24554.0,person2,78.26775,False,
24554.0,person29,36.916025,False,
24554.0,person50,46.4823125,False,
24554.0,person9,39.62605,False,
24555.0,person2,78.2675625,False,
24555.0,person29,36.9158375,False,
24555.0,person50,46.4823125,False,
24555.0,person9,39.67795,False,
24556.0,person2,78.2673875,False,
24556.0,person29,36.91565,False,
24556.0,person50,46.4823125,False,
24556.0,person9,39.72985,False,
24557.0,person2,78.2672,False,
24557.0,person29,36.915475,False,
24557.0,person50,46.4823125,False,
24557.0,person9,39.78175,False,
24558.0,person2,78.2670125,False,
24558.0,person29,36.9152875,False,
24558.0,person50,46.4823125,False,
24558.0,person9,39.83365,False,
24559.0,person2,78.2668375,False,
24559.0,person29,36.9151,False,
24559.0,person50,46.4823125,False,
24559.0,person9,39.88555,False,
24560.0,person2,78.2266375,False,
24560.0,person29,36.914925,False,
24560.0,person50,46.4823125,False,
24560.0,person9,39.93745,False,
24561.0,person2,78.112425,False,
24561.0,person29,36.9147375,False,
24561.0,person50,46.4823125,False,
24561.0,person9,39.98935,False,
24562.0,person2,77.9210125,False,
24562.0,person29,36.9145625,False,
24562.0,person50,46.4823125,False,
24562.0,person9,40.04125,False,
24563.0,person2,77.624975,False,
24563.0,person29,36.914375,False,
24563.0,person50,46.4823125,False,
24563.0,person9,40.09315,False,
24564.0,person2,77.24515,False,
24564.0,person29,36.9141875,False,
24564.0,person50,46.4823125,False,
24564.0,person9,40.14505,False,
24565.0,person2,76.8346625,False,
24565.0,person29,36.9140125,False,
24565.0,person50,46.4823125,False,
24565.0,person9,40.19695,False,
24566.0,person2,76.3536125,False,
24566.0,person29,36.913825,False,
24566.0,person50,46.4823125,False,
24566.0,person9,40.24885,False,
24567.0,person2,75.7990625,False,
24567.0,person29,36.91365,False,
24567.0,person50,46.4823125,False,
24567.0,person9,40.30075,False,
24568.0,person2,75.1709875,False,
24568.0,person29,36.9134625,False,
24568.0,person50,46.4823125,False,
24568.0,person9,40.35265,False,
24569.0,person2,74.4693875,False,
24569.0,person29,36.8732625,False,
24569.0,person50,46.4823125,False,
24569.0,person9,40.40455,False,
24570.0,person2,73.694325,False,
24570.0,person29,36.7595875,False,
24570.0,person50,46.4823125,False,
24570.0,person9,40.45645,False,
24571.0,person2,72.845075,False,
24571.0,person29,36.5713375,False,
24571.0,person50,46.4823125,False,
24571.0,person9,40.50835,False,
24572.0,person2,71.922275,False,
24572.0,person29,36.3085625,False,
24572.0,person50,46.4823125,False,
24572.0,person9,40.5602625,False,
24573.0,person2,70.926425,False,
24573.0,person29,35.966275,False,
24573.0,person50,46.4823125,False,
24573.0,person9,40.6121625,False,
24574.0,person2,70.1338375,False,
24574.0,person29,35.537875,False,
24574.0,person50,46.4823125,False,
24574.0,person9,40.6640625,False,
24575.0,person2,70.0363,False,
24575.0,person29,35.029125,False,
24575.0,person50,46.4823125,False,
24575.0,person9,40.7159625,False,
24576.0,person2,69.9387625,False,
24576.0,person29,34.4665375,False,
24576.0,person50,46.4823125,False,
24576.0,person9,40.7678625,False,
24577.0,person2,69.840675,False,
24577.0,person29,34.0113,False,
24577.0,person50,46.4823125,False,
24577.0,person9,40.8197625,False,
24578.0,person2,69.7430375,False,
24578.0,person29,33.9537875,False,
24578.0,person50,46.4823125,False,
24578.0,person9,40.8716625,False,
24579.0,person2,70.03225,True,
24579.0,person29,33.896025,False,
24579.0,person50,46.4823125,False,
24579.0,person9,40.9235625,False,
24580.0,person2,70.338875,True,
24580.0,person29,33.838225,False,
24580.0,person50,46.4823125,False,
24580.0,person9,40.975462500000006,False,
24581.0,person2,70.6225,True,
24581.0,person29,33.993325,True,
24581.0,person50,46.4823125,False,
24581.0,person9,41.0273625,False,
24582.0,person2,70.88335,True,
24582.0,person29,34.16375,True,
24582.0,person50,46.4823125,False,
24582.0,person9,41.079262500000006,False,
24583.0,person2,71.1210875,True,
24583.0,person29,34.31125,True,
24583.0,person50,46.4823125,False,
24583.0,person9,41.1311625,False,
24584.0,person2,71.3358375,True,
24584.0,person29,34.4358375,True,
24584.0,person50,46.4823125,False,
24584.0,person9,41.18306249999999,False,
24585.0,person2,71.2690625,False,
24585.0,person29,34.537475,True,
24585.0,person50,46.4823125,False,
24585.0,person9,41.2349625,False,
24586.0,person2,71.2100875,False,
24586.0,person29,34.6162,False,
24586.0,person50,46.4823125,False,
24586.0,person9,41.2868625,False,
24587.0,person2,71.1425375,False,
24587.0,person29,34.6720125,False,
24587.0,person50,46.4823125,False,
24587.0,person9,41.3387625,False,
24588.0,person2,71.0842375,False,
24588.0,person29,34.7048875,False,
24588.0,person50,46.4823125,False,
24588.0,person9,41.3906625,False,
24589.0,person2,71.026,False,
24589.0,person29,34.7147125,False,
24589.0,person50,46.4823125,False,
24589.0,person9,41.44256250000001,False,
24590.0,person2,70.9677625,False,
24590.0,person29,34.7145375,False,
24590.0,person50,46.4823125,False,
24590.0,person9,41.4944625,False,
24591.0,person2,70.909475,False,
24591.0,person29,34.71435,False,
24591.0,person50,46.4823125,False,
24591.0,person9,41.546362499999994,False,
24592.0,person2,71.091575,True,
24592.0,person29,34.7141625,False,
24592.0,person50,46.4823125,False,
24592.0,person9,41.5982625,False,
24593.0,person2,71.261925,True,
24593.0,person29,34.7139875,False,
24593.0,person50,46.4823125,False,
24593.0,person9,41.65016249999999,False,
24594.0,person2,71.1988875,False,
24594.0,person29,34.7138,False,
24594.0,person50,46.4823125,False,
24594.0,person9,41.70207500000001,False,
24595.0,person2,70.5937625,False,
24595.0,person29,34.713625,False,
24595.0,person50,46.4823125,False,
24595.0,person9,41.753975,False,
24596.0,person2,70.000775,False,
24596.0,person29,34.7134375,False,
24596.0,person50,46.4823125,False,
24596.0,person9,41.80587499999999,False,
24597.0,person2,69.9425375,False,
24597.0,person29,34.71325,False,
24597.0,person50,46.4823125,False,
24597.0,person9,41.857775,False,
24598.0,person2,69.8825625,False,
24598.0,person29,34.713075,False,
24598.0,person50,46.4823125,False,
24598.0,person9,41.909675,False,
24599.0,person2,69.8216375,False,
24599.0,person29,34.7128875,False,
24599.0,person50,46.4823125,False,
24599.0,person9,41.961575,False,
24600.0,person2,69.76335,False,
24600.0,person29,34.7127,False,
24600.0,person50,46.4823125,False,
24600.0,person9,42.013475,False,
24601.0,person2,69.7036,False,
24601.0,person29,34.712525,False,
24601.0,person50,46.4823125,False,
24601.0,person9,42.065375,False,
24602.0,person2,69.645225,False,
24602.0,person29,34.7123375,False,
24602.0,person50,46.4823125,False,
24602.0,person9,42.117275,False,
24603.0,person2,69.5869375,False,
24603.0,person29,34.7121625,False,
24603.0,person50,46.4823125,False,
24603.0,person9,42.169174999999996,False,
24604.0,person2,69.52865,False,
24604.0,person29,34.711975,False,
24604.0,person50,46.4823125,False,
24604.0,person9,42.221075,False,
24605.0,person2,69.47035,False,
24605.0,person29,34.7117875,False,
24605.0,person50,46.4823125,False,
24605.0,person9,42.272974999999995,False,
24606.0,person2,69.411975,False,
24606.0,person29,34.7116125,False,
24606.0,person50,46.4823125,False,
24606.0,person9,42.324875,False,
24607.0,person2,69.3534375,False,
24607.0,person29,34.711425,False,
24607.0,person50,46.4823125,False,
24607.0,person9,42.376775,False,
24608.0,person2,69.2952,False,
24608.0,person29,34.7112375,False,
24608.0,person50,46.4823125,False,
24608.0,person9,42.428675,False,
24609.0,person2,69.2367625,False,
24609.0,person29,34.7110625,False,
24609.0,person50,46.4823125,False,
24609.0,person9,42.480575,False,
24610.0,person2,69.178475,False,
24610.0,person29,34.710875,False,
24610.0,person50,46.4823125,False,
24610.0,person9,42.532475000000005,False,
24611.0,person2,69.120075,False,
24611.0,person29,34.7107,False,
24611.0,person50,46.4823125,False,
24611.0,person9,42.584375,False,
24612.0,person2,69.0612875,False,
24612.0,person29,34.7105125,False,
24612.0,person50,46.4823125,False,
24612.0,person9,42.636275,False,
24613.0,person2,69.0003,False,
24613.0,person29,34.710325,False,
24613.0,person50,46.4823125,False,
24613.0,person9,42.688175,False,
24614.0,person2,68.9399,False,
24614.0,person29,34.71015,False,
24614.0,person50,46.4823125,False,
24614.0,person9,42.740075,False,
24615.0,person2,68.88105,False,
24615.0,person29,34.7099625,False,
24615.0,person50,46.4823125,False,
24615.0,person9,42.7919875,False,
24616.0,person2,68.8227625,False,
24616.0,person29,34.709775,False,
24616.0,person50,46.4823125,False,
24616.0,person9,42.8438875,False,
24617.0,person2,68.764475,False,
24617.0,person29,34.7096,False,
24617.0,person50,46.4823125,False,
24617.0,person9,42.8957875,False,
24618.0,person2,68.702725,False,
24618.0,person29,34.7094125,False,
24618.0,person50,46.4823125,False,
24618.0,person9,42.9476875,False,
24619.0,person2,69.0347375,True,
24619.0,person29,34.7092375,False,
24619.0,person50,46.4823125,False,
24619.0,person9,42.9995875,False,
24620.0,person2,69.4503375,True,
24620.0,person29,34.70905,False,
24620.0,person50,46.4823125,False,
24620.0,person9,43.0514875,False,
24621.0,person2,69.6451375,True,
24621.0,person29,34.7088625,False,
24621.0,person50,46.4823125,False,
24621.0,person9,43.1033875,False,
24622.0,person2,69.6602,False,
24622.0,person29,34.7086875,False,
24622.0,person50,46.4823125,False,
24622.0,person9,43.15528750000001,False,
24623.0,person2,69.6600125,False,
24623.0,person29,34.7085,False,
24623.0,person50,46.4823125,False,
24623.0,person9,43.2071875,False,
24624.0,person2,69.6598375,False,
24624.0,person29,34.708325,False,
24624.0,person50,46.4823125,False,
24624.0,person9,43.25908749999999,False,
24625.0,person2,69.65965,False,
24625.0,person29,34.7081375,False,
24625.0,person50,46.4823125,False,
24625.0,person9,43.3109875,False,
24626.0,person2,69.6594625,False,
24626.0,person29,34.70795,False,
24626.0,person50,46.4823125,False,
24626.0,person9,43.3628875,False,
24627.0,person2,69.6592875,False,
24627.0,person29,34.707775,False,
24627.0,person50,46.4823125,False,
24627.0,person9,43.4147875,False,
24628.0,person2,69.6591,False,
24628.0,person29,34.7075875,False,
24628.0,person50,46.4823125,False,
24628.0,person9,43.4666875,False,
24629.0,person2,69.658925,False,
24629.0,person29,34.7074,False,
24629.0,person50,46.4823125,False,
24629.0,person9,43.5185875,False,
24630.0,person2,69.6587375,False,
24630.0,person29,34.707225,False,
24630.0,person50,46.4823125,False,
24630.0,person9,43.5704875,False,
24631.0,person2,69.65855,False,
24631.0,person29,34.7070375,False,
24631.0,person50,46.4823125,False,
24631.0,person9,43.62238750000001,False,
24632.0,person2,69.658375,False,
24632.0,person29,34.7068625,False,
24632.0,person50,46.4823125,False,
24632.0,person9,43.6742875,False,
24633.0,person2,69.6581875,False,
24633.0,person29,34.706675,False,
24633.0,person50,46.4823125,False,
24633.0,person9,43.726187499999995,False,
24634.0,person2,69.658,False,
24634.0,person29,34.7064875,False,
24634.0,person50,46.4823125,False,
24634.0,person9,43.7780875,False,
24635.0,person2,69.657825,False,
24635.0,person29,34.7063125,False,
24635.0,person50,46.4823125,False,
24635.0,person9,43.8299875,False,
24636.0,person2,69.6576375,False,
24636.0,person29,34.706125,False,
24636.0,person50,46.4823125,False,
24636.0,person9,43.881899999999995,False,
24637.0,person2,69.6574625,False,
24637.0,person29,34.7059375,False,
24637.0,person50,46.4823125,False,
24637.0,person9,43.9338,False,
24638.0,person2,69.6172625,False,
24638.0,person29,34.7057625,False,
24638.0,person50,46.4823125,False,
24638.0,person9,43.9857,False,
24639.0,person2,69.5036125,False,
24639.0,person29,34.705575,False,
24639.0,person50,46.4823125,False,
24639.0,person9,44.0376,False,
24640.0,person2,69.3164125,False,
24640.0,person29,34.7054,False,
24640.0,person50,46.4823125,False,
24640.0,person9,44.0895,False,
24641.0,person2,69.055675,False,
24641.0,person29,34.7052125,False,
24641.0,person50,46.4823125,False,
24641.0,person9,44.141400000000004,False,
24642.0,person2,68.721025,False,
24642.0,person29,34.705025,False,
24642.0,person50,46.4823125,False,
24642.0,person9,44.1933,False,
24643.0,person2,68.31075,False,
24643.0,person29,34.70485,False,
24643.0,person50,46.4823125,False,
24643.0,person9,44.245200000000004,False,
24644.0,person2,67.7464625,False,
24644.0,person29,34.7046625,False,
24644.0,person50,46.4823125,False,
24644.0,person9,44.2971,False,
24645.0,person2,67.1919125,False,
24645.0,person29,34.7044875,False,
24645.0,person50,46.4823125,False,
24645.0,person9,44.349,False,
24646.0,person2,66.7968,False,
24646.0,person29,34.7043,False,
24646.0,person50,46.4823125,False,
24646.0,person9,44.4009,False,
24647.0,person2,66.9838625,True,
24647.0,person29,34.7041125,False,
24647.0,person50,46.4823125,False,
24647.0,person9,44.4528,False,
24648.0,person2,67.148025,True,
24648.0,person29,34.7039375,False,
24648.0,person50,46.4823125,False,
24648.0,person9,44.5047,False,
24649.0,person2,67.2892625,True,
24649.0,person29,34.70375,False,
24649.0,person50,46.4823125,False,
24649.0,person9,44.5566,False,
24650.0,person2,67.407575,True,
24650.0,person29,34.7035625,False,
24650.0,person50,46.4823125,False,
24650.0,person9,44.60850000000001,False,
24651.0,person2,67.5029625,False,
24651.0,person29,34.7033875,False,
24651.0,person50,46.4823125,False,
24651.0,person9,44.6604,False,
24652.0,person2,67.575425,False,
24652.0,person29,34.7032,False,
24652.0,person50,46.4823125,False,
24652.0,person9,44.71229999999999,False,
24653.0,person2,67.3435625,False,
24653.0,person29,34.703025,False,
24653.0,person50,46.4823125,False,
24653.0,person9,44.7642,False,
24654.0,person2,67.0364875,False,
24654.0,person29,34.7028375,False,
24654.0,person50,46.4823125,False,
24654.0,person9,44.81609999999999,False,
24655.0,person2,66.6469375,False,
24655.0,person29,34.70265,False,
24655.0,person50,46.4823125,False,
24655.0,person9,44.868,False,
24656.0,person2,66.1551375,False,
24656.0,person29,34.702475,False,
24656.0,person50,46.4823125,False,
24656.0,person9,44.9199,False,
24657.0,person2,65.6082125,False,
24657.0,person29,34.7022875,False,
24657.0,person50,46.4823125,False,
24657.0,person9,44.9718,False,
24658.0,person2,64.975375,False,
24658.0,person29,34.7021,False,
24658.0,person50,46.4823125,False,
24658.0,person9,45.0237125,False,
24659.0,person2,64.3023125,False,
24659.0,person29,34.701925,False,
24659.0,person50,46.4823125,False,
24659.0,person9,45.0756125,False,
24660.0,person2,63.555875,False,
24660.0,person29,34.7017375,False,
24660.0,person50,46.4823125,False,
24660.0,person9,45.1275125,False,
24661.0,person2,63.7335625,True,
24661.0,person29,34.7015625,False,
24661.0,person50,46.4823125,False,
24661.0,person9,45.1794125,False,
24662.0,person2,63.9486,True,
24662.0,person29,34.701375,False,
24662.0,person50,46.4823125,False,
24662.0,person9,45.23131250000001,False,
24663.0,person2,63.8901375,False,
24663.0,person29,34.7011875,False,
24663.0,person50,46.4823125,False,
24663.0,person9,45.2832125,False,
24664.0,person2,63.83185,False,
24664.0,person29,34.7010125,False,
24664.0,person50,46.4823125,False,
24664.0,person9,45.335112499999994,False,
24665.0,person2,63.7735625,False,
24665.0,person29,34.700825,False,
24665.0,person50,46.4823125,False,
24665.0,person9,45.3870125,False,
24666.0,person2,63.7150375,False,
24666.0,person29,34.7006375,False,
24666.0,person50,46.4823125,False,
24666.0,person9,45.438912499999994,False,
24667.0,person2,63.65675,False,
24667.0,person29,34.7004625,False,
24667.0,person50,46.4823125,False,
24667.0,person9,45.4908125,False,
24668.0,person2,63.5970875,False,
24668.0,person29,34.700275,False,
24668.0,person50,46.4823125,False,
24668.0,person9,45.5427125,False,
24669.0,person2,63.5386125,False,
24669.0,person29,34.7001,False,
24669.0,person50,46.4823125,False,
24669.0,person9,45.5946125,False,
24670.0,person2,63.47985,False,
24670.0,person29,34.6999125,False,
24670.0,person50,46.4823125,False,
24670.0,person9,45.6465125,False,
24671.0,person2,63.4215625,False,
24671.0,person29,34.699725,False,
24671.0,person50,46.4823125,False,
24671.0,person9,45.6984125,False,
24672.0,person2,63.363275,False,
24672.0,person29,34.69955,False,
24672.0,person50,46.4823125,False,
24672.0,person9,45.7503125,False,
24673.0,person2,63.3049875,False,
24673.0,person29,34.6993625,False,
24673.0,person50,46.4823125,False,
24673.0,person9,45.802212499999996,False,
24674.0,person2,63.2466875,False,
24674.0,person29,34.6991875,False,
24674.0,person50,46.4823125,False,
24674.0,person9,45.8541125,False,
24675.0,person2,63.1875875,False,
24675.0,person29,34.699,False,
24675.0,person50,46.4823125,False,
24675.0,person9,45.9060125,False,
24676.0,person2,63.1260125,False,
24676.0,person29,34.6988125,False,
24676.0,person50,46.4823125,False,
24676.0,person9,45.9579125,False,
24677.0,person2,63.067775,False,
24677.0,person29,34.6986375,False,
24677.0,person50,46.4823125,False,
24677.0,person9,46.0098125,False,
24678.0,person2,63.1912375,True,
24678.0,person29,34.69845,False,
24678.0,person50,46.4823125,False,
24678.0,person9,46.061712500000006,False,
24679.0,person2,63.3681,True,
24679.0,person29,34.6982625,False,
24679.0,person50,46.4823125,False,
24679.0,person9,46.113625,False,
24680.0,person2,63.52205,True,
24680.0,person29,34.6980875,False,
24680.0,person50,46.4823125,False,
24680.0,person9,46.165525,False,
24681.0,person2,63.6530625,True,
24681.0,person29,34.6979,False,
24681.0,person50,46.4823125,False,
24681.0,person9,46.217425,False,
24682.0,person2,63.7611625,True,
24682.0,person29,34.697725,False,
24682.0,person50,46.4823125,False,
24682.0,person9,46.269325,False,
24683.0,person2,63.8463375,False,
24683.0,person29,34.6975375,False,
24683.0,person50,46.4823125,False,
24683.0,person9,46.321225000000005,False,
24684.0,person2,63.9085875,False,
24684.0,person29,34.69735,False,
24684.0,person50,46.4823125,False,
24684.0,person9,46.373125,False,
24685.0,person2,63.9479,False,
24685.0,person29,34.697175,False,
24685.0,person50,46.4823125,False,
24685.0,person9,46.42502499999999,False,
24686.0,person2,63.9643,False,
24686.0,person29,34.6969875,False,
24686.0,person50,46.4823125,False,
24686.0,person9,46.476925,False,
24687.0,person2,63.9645625,False,
24687.0,person29,34.6968,False,
24687.0,person50,46.4823125,False,
24687.0,person9,46.528825,False,
24688.0,person2,63.9645625,False,
24688.0,person29,34.696625,False,
24688.0,person50,46.4823125,False,
24688.0,person9,46.580725,False,
24689.0,person2,63.9645625,False,
24689.0,person29,34.6964375,False,
24689.0,person50,46.4823125,False,
24689.0,person9,46.632625,False,
24690.0,person2,63.9645625,False,
24690.0,person29,34.6962625,False,
24690.0,person50,46.4823125,False,
24690.0,person9,46.68452500000001,False,
24691.0,person2,63.9645625,False,
24691.0,person29,34.696075,False,
24691.0,person50,46.4823125,False,
24691.0,person9,46.736425,False,
24692.0,person2,63.9645625,False,
24692.0,person29,34.6958875,False,
24692.0,person50,46.4823125,False,
24692.0,person9,46.78832500000001,False,
24693.0,person2,63.9645625,False,
24693.0,person29,34.6957125,False,
24693.0,person50,46.4823125,False,
24693.0,person9,46.840225,False,
24694.0,person2,63.9645625,False,
24694.0,person29,34.695525,False,
24694.0,person50,46.4823125,False,
24694.0,person9,46.89212499999999,False,
24695.0,person2,63.9645625,False,
24695.0,person29,34.69535,False,
24695.0,person50,46.4823125,False,
24695.0,person9,46.944025,False,
24696.0,person2,63.9645625,False,
24696.0,person29,34.6951625,False,
24696.0,person50,46.4823125,False,
24696.0,person9,46.995925,False,
24697.0,person2,63.9645625,False,
24697.0,person29,34.694975,False,
24697.0,person50,46.4823125,False,
24697.0,person9,47.047825,False,
24698.0,person2,63.9645625,False,
24698.0,person29,34.6948,False,
24698.0,person50,46.4823125,False,
24698.0,person9,47.099725,False,
24699.0,person2,63.9645625,False,
24699.0,person29,34.6946125,False,
24699.0,person50,46.4823125,False,
24699.0,person9,47.151625,False,
24700.0,person2,63.9645625,False,
24700.0,person29,34.694425,False,
24700.0,person50,46.4823125,False,
24700.0,person9,47.2035375,False,
24701.0,person2,63.9645625,False,
24701.0,person29,34.69425,False,
24701.0,person50,46.4823125,False,
24701.0,person9,47.2554375,False,
24702.0,person2,63.9645625,False,
24702.0,person29,34.6940625,False,
24702.0,person50,46.4823125,False,
24702.0,person9,47.3073375,False,
24703.0,person2,63.9645625,False,
24703.0,person29,34.6938875,False,
24703.0,person50,46.4823125,False,
24703.0,person9,47.3592375,False,
24704.0,person2,63.9645625,False,
24704.0,person29,34.6937,False,
24704.0,person50,46.4823125,False,
24704.0,person9,47.4111375,False,
24705.0,person2,63.9645625,False,
24705.0,person29,34.6935125,False,
24705.0,person50,46.4823125,False,
24705.0,person9,47.4630375,False,
24706.0,person2,63.9645625,False,
24706.0,person29,34.6933375,False,
24706.0,person50,46.4823125,False,
24706.0,person9,47.514937499999995,False,
24707.0,person2,63.9645625,False,
24707.0,person29,34.69315,False,
24707.0,person50,46.4823125,False,
24707.0,person9,47.5668375,False,
24708.0,person2,63.9645625,False,
24708.0,person29,34.6929625,False,
24708.0,person50,46.4823125,False,
24708.0,person9,47.6187375,False,
24709.0,person2,63.9645625,False,
24709.0,person29,34.6927875,False,
24709.0,person50,46.4823125,False,
24709.0,person9,47.6706375,False,
24710.0,person2,63.9645625,False,
24710.0,person29,34.6926,False,
24710.0,person50,46.4823125,False,
24710.0,person9,47.7225375,False,
24711.0,person2,63.9645625,False,
24711.0,person29,34.692425,False,
24711.0,person50,46.4823125,False,
24711.0,person9,47.774437500000005,False,
24712.0,person2,63.9645625,False,
24712.0,person29,34.6922375,False,
24712.0,person50,46.4823125,False,
24712.0,person9,47.8263375,False,
24713.0,person2,63.9645625,False,
24713.0,person29,34.69205,False,
24713.0,person50,46.4823125,False,
24713.0,person9,47.8782375,False,
24714.0,person2,63.9645625,False,
24714.0,person29,34.691875,False,
24714.0,person50,46.4823125,False,
24714.0,person9,47.9301375,False,
24715.0,person2,63.9645625,False,
24715.0,person29,34.6916875,False,
24715.0,person50,46.4823125,False,
24715.0,person9,47.9820375,False,
24716.0,person2,63.9645625,False,
24716.0,person29,34.6915125,False,
24716.0,person50,46.4823125,False,
24716.0,person9,48.0339375,False,
24717.0,person2,63.9645625,False,
24717.0,person29,34.691325,False,
24717.0,person50,46.4823125,False,
24717.0,person9,48.0858375,False,
24718.0,person2,63.9645625,False,
24718.0,person29,34.6911375,False,
24718.0,person50,46.4823125,False,
24718.0,person9,48.1377375,False,
24719.0,person2,63.9645625,False,
24719.0,person29,34.6909625,False,
24719.0,person50,46.4823125,False,
24719.0,person9,48.1896375,False,
24720.0,person2,63.9645625,False,
24720.0,person29,34.690775,False,
24720.0,person50,46.4823125,False,
24720.0,person9,48.24153750000001,False,
24721.0,person2,63.9645625,False,
24721.0,person29,34.6905875,False,
24721.0,person50,46.4823125,False,
24721.0,person9,48.2934375,False,
24722.0,person2,63.9645625,False,
24722.0,person29,34.6904125,False,
24722.0,person50,46.4823125,False,
24722.0,person9,48.34535,False,
24723.0,person2,63.9645625,False,
24723.0,person29,34.690225,False,
24723.0,person50,46.4823125,False,
24723.0,person9,48.39725000000001,False,
24724.0,person2,63.9645625,False,
24724.0,person29,34.69005,False,
24724.0,person50,46.4823125,False,
24724.0,person9,48.44915,False,
24725.0,person2,63.9645625,False,
24725.0,person29,34.6898625,False,
24725.0,person50,46.4823125,False,
24725.0,person9,48.50104999999999,False,
24726.0,person2,63.9645625,False,
24726.0,person29,34.689675,False,
24726.0,person50,46.4823125,False,
24726.0,person9,48.55295,False,
24727.0,person2,63.9645625,False,
24727.0,person29,34.6895,False,
24727.0,person50,46.4823125,False,
24727.0,person9,48.60484999999999,False,
24728.0,person2,63.9645625,False,
24728.0,person29,34.6893125,False,
24728.0,person50,46.4823125,False,
24728.0,person9,48.65675,False,
24729.0,person2,63.9645625,False,
24729.0,person29,34.689125,False,
24729.0,person50,46.4823125,False,
24729.0,person9,48.70865,False,
24730.0,person2,63.9645625,False,
24730.0,person29,34.68895,False,
24730.0,person50,46.4823125,False,
24730.0,person9,48.76055,False,
24731.0,person2,63.9645625,False,
24731.0,person29,34.6887625,False,
24731.0,person50,46.4823125,False,
24731.0,person9,48.81245,False,
24732.0,person2,63.9645625,False,
24732.0,person29,34.6885875,False,
24732.0,person50,46.4823125,False,
24732.0,person9,48.86435000000001,False,
24733.0,person2,63.9645625,False,
24733.0,person29,34.6884,False,
24733.0,person50,46.4823125,False,
24733.0,person9,48.91625,False,
24734.0,person2,63.9645625,False,
24734.0,person29,34.6882125,False,
24734.0,person50,46.4823125,False,
24734.0,person9,48.968149999999994,False,
24735.0,person2,63.9645625,False,
24735.0,person29,34.6880375,False,
24735.0,person50,46.4823125,False,
24735.0,person9,49.02005,False,
24736.0,person2,63.9645625,False,
24736.0,person29,34.68785,False,
24736.0,person50,46.4823125,False,
24736.0,person9,49.07195,False,
24737.0,person2,63.9645625,False,
24737.0,person29,34.6876625,False,
24737.0,person50,46.4823125,False,
24737.0,person9,49.12385,False,
24738.0,person2,63.9645625,False,
24738.0,person29,34.6874875,False,
24738.0,person50,46.4823125,False,
24738.0,person9,49.17575,False,
24739.0,person2,63.9645625,False,
24739.0,person29,34.6873,False,
24739.0,person50,46.4823125,False,
24739.0,person9,49.227650000000004,False,
24740.0,person2,63.9645625,False,
24740.0,person29,34.687125,False,
24740.0,person50,46.4823125,False,
24740.0,person9,49.27955,False,
24741.0,person2,63.9645625,False,
24741.0,person29,34.6869375,False,
24741.0,person50,46.4823125,False,
24741.0,person9,49.331450000000004,False,
24742.0,person2,63.9645625,False,
24742.0,person29,34.68675,False,
24742.0,person50,46.4823125,False,
24742.0,person9,49.38335,False,
24743.0,person2,63.9645625,False,
24743.0,person29,34.686575,False,
24743.0,person50,46.4823125,False,
24743.0,person9,49.4352625,False,
24744.0,person2,63.9645625,False,
24744.0,person29,34.6863875,False,
24744.0,person50,46.4823125,False,
24744.0,person9,49.487162500000004,False,
24745.0,person2,63.9645625,False,
24745.0,person29,34.6862125,False,
24745.0,person50,46.4823125,False,
24745.0,person9,49.5390625,False,
24746.0,person2,63.9645625,False,
24746.0,person29,34.686025,False,
24746.0,person50,46.4823125,False,
24746.0,person9,49.590962499999996,False,
24747.0,person2,63.9645625,False,
24747.0,person29,34.6858375,False,
24747.0,person50,46.4823125,False,
24747.0,person9,49.6428625,False,
24748.0,person2,63.9645625,False,
24748.0,person29,34.6856625,False,
24748.0,person50,46.4823125,False,
24748.0,person9,49.6947625,False,
24749.0,person2,63.9645625,False,
24749.0,person29,34.685475,False,
24749.0,person50,46.4823125,False,
24749.0,person9,49.7466625,False,
24750.0,person2,63.9645625,False,
24750.0,person29,34.6852875,False,
24750.0,person50,46.4823125,False,
24750.0,person9,49.7985625,False,
24751.0,person2,63.9645625,False,
24751.0,person29,34.6851125,False,
24751.0,person50,46.4823125,False,
24751.0,person9,49.850462500000006,False,
24752.0,person2,63.9645625,False,
24752.0,person29,34.684925,False,
24752.0,person50,46.4823125,False,
24752.0,person9,49.9023625,False,
24753.0,person2,63.9645625,False,
24753.0,person29,34.68475,False,
24753.0,person50,46.4823125,False,
24753.0,person9,49.954262500000006,False,
24754.0,person2,63.9645625,False,
24754.0,person29,34.6845625,False,
24754.0,person50,46.4823125,False,
24754.0,person9,50.0061625,False,
24755.0,person2,63.9645625,False,
24755.0,person29,34.684375,False,
24755.0,person50,46.4823125,False,
24755.0,person9,50.05806249999999,False,
24756.0,person2,63.9645625,False,
24756.0,person29,34.6842,False,
24756.0,person50,46.4823125,False,
24756.0,person9,50.1099625,False,
24757.0,person2,63.9645625,False,
24757.0,person29,34.6840125,False,
24757.0,person50,46.4823125,False,
24757.0,person9,50.1618625,False,
24758.0,person2,63.9645625,False,
24758.0,person29,34.683825,False,
24758.0,person50,46.4823125,False,
24758.0,person9,50.2137625,False,
24759.0,person2,63.9645625,False,
24759.0,person29,34.68365,False,
24759.0,person50,46.4823125,False,
24759.0,person9,50.2656625,False,
24760.0,person2,63.9645625,False,
24760.0,person29,34.6834625,False,
24760.0,person50,46.4823125,False,
24760.0,person9,50.31756250000001,False,
24761.0,person2,63.9645625,False,
24761.0,person29,34.6832875,False,
24761.0,person50,46.4823125,False,
24761.0,person9,50.3694625,False,
24762.0,person2,63.9645625,False,
24762.0,person29,34.6831,False,
24762.0,person50,46.4823125,False,
24762.0,person9,50.421362499999994,False,
24763.0,person2,63.9645625,False,
24763.0,person29,34.6829125,False,
24763.0,person50,46.4823125,False,
24763.0,person9,50.4732625,False,
24764.0,person2,63.9645625,False,
24764.0,person29,34.6827375,False,
24764.0,person50,46.4823125,False,
24764.0,person9,50.52516249999999,False,
24765.0,person2,63.9645625,False,
24765.0,person29,34.68255,False,
24765.0,person50,46.4823125,False,
24765.0,person9,50.57707500000001,False,
24766.0,person2,63.9645625,False,
24766.0,person29,34.682375,False,
24766.0,person50,46.4823125,False,
24766.0,person9,50.628975,False,
24767.0,person2,63.9645625,False,
24767.0,person29,34.6821875,False,
24767.0,person50,46.4823125,False,
24767.0,person9,50.68087499999999,False,
24768.0,person2,63.9645625,False,
24768.0,person29,34.682,False,
24768.0,person50,46.4823125,False,
24768.0,person9,50.732775,False,
24769.0,person2,63.9645625,False,
24769.0,person29,34.681825,False,
24769.0,person50,46.4823125,False,
24769.0,person9,50.784675,False,
24770.0,person2,63.9645625,False,
24770.0,person29,34.6816375,False,
24770.0,person50,46.4823125,False,
24770.0,person9,50.836575,False,
24771.0,person2,63.9645625,False,
24771.0,person29,34.68145,False,
24771.0,person50,46.4823125,False,
24771.0,person9,50.888475,False,
24772.0,person2,63.9645625,False,
24772.0,person29,34.681275,False,
24772.0,person50,46.4823125,False,
24772.0,person9,50.940375,False,
24773.0,person2,63.9645625,False,
24773.0,person29,34.6810875,False,
24773.0,person50,46.4823125,False,
24773.0,person9,50.992275,False,
24774.0,person2,63.9645625,False,
24774.0,person29,34.6809125,False,
24774.0,person50,46.4823125,False,
24774.0,person9,51.044174999999996,False,
24775.0,person2,63.9645625,False,
24775.0,person29,34.680725,False,
24775.0,person50,46.4823125,False,
24775.0,person9,51.096075,False,
24776.0,person2,63.9645625,False,
24776.0,person29,34.6805375,False,
24776.0,person50,46.4823125,False,
24776.0,person9,51.147974999999995,False,
24777.0,person2,63.9645625,False,
24777.0,person29,34.6803625,False,
24777.0,person50,46.4823125,False,
24777.0,person9,51.199875,False,
24778.0,person2,63.9645625,False,
24778.0,person29,34.680175,False,
24778.0,person50,46.4823125,False,
24778.0,person9,51.251775,False,
24779.0,person2,63.9645625,False,
24779.0,person29,34.6799875,False,
24779.0,person50,46.4823125,False,
24779.0,person9,51.303675,False,
24780.0,person2,63.9645625,False,
24780.0,person29,34.6798125,False,
24780.0,person50,46.4823125,False,
24780.0,person9,51.355575,False,
24781.0,person2,63.9645625,False,
24781.0,person29,34.679625,False,
24781.0,person50,46.4823125,False,
24781.0,person9,51.407475000000005,False,
24782.0,person2,63.9645625,False,
24782.0,person29,34.67945,False,
24782.0,person50,46.4823125,False,
24782.0,person9,51.459375,False,
24783.0,person2,63.9645625,False,
24783.0,person29,34.6792625,False,
24783.0,person50,46.4823125,False,
24783.0,person9,51.511275,False,
24784.0,person2,63.9645625,False,
24784.0,person29,34.679075,False,
24784.0,person50,46.4823125,False,
24784.0,person9,51.563175,False,
24785.0,person2,63.9645625,False,
24785.0,person29,34.6789,False,
24785.0,person50,46.4823125,False,
24785.0,person9,51.615075,False,
24786.0,person2,63.9645625,False,
24786.0,person29,34.6787125,False,
24786.0,person50,46.4823125,False,
24786.0,person9,51.6669875,False,
24787.0,person2,63.9645625,False,
24787.0,person29,34.678525,False,
24787.0,person50,46.4823125,False,
24787.0,person9,51.7188875,False,
24788.0,person2,63.9645625,False,
24788.0,person29,34.67835,False,
24788.0,person50,46.4823125,False,
24788.0,person9,51.7707875,False,
24789.0,person2,63.9645625,False,
24789.0,person29,34.73025,False,
24789.0,person50,46.4823125,False,
24789.0,person9,51.8226875,False,
24790.0,person2,63.9645625,False,
24790.0,person29,34.78215,False,
24790.0,person50,46.4823125,False,
24790.0,person9,51.8745875,False,
24791.0,person2,63.9645625,False,
24791.0,person29,34.83405,False,
24791.0,person50,46.4823125,False,
24791.0,person9,51.9264875,False,
24792.0,person2,63.9645625,False,
24792.0,person29,34.88595,False,
24792.0,person50,46.4823125,False,
24792.0,person9,51.9783875,False,
24793.0,person2,63.9645625,False,
24793.0,person29,34.93785,False,
24793.0,person50,46.4823125,False,
24793.0,person9,52.03028750000001,False,
24794.0,person2,63.9645625,False,
24794.0,person29,34.98975,False,
24794.0,person50,46.4823125,False,
24794.0,person9,52.0821875,False,
24795.0,person2,63.9645625,False,
24795.0,person29,35.04165,False,
24795.0,person50,46.4823125,False,
24795.0,person9,52.13408749999999,False,
24796.0,person2,63.9645625,False,
24796.0,person29,35.09355,False,
24796.0,person50,46.4823125,False,
24796.0,person9,52.1859875,False,
24797.0,person2,63.9645625,False,
24797.0,person29,35.14545,False,
24797.0,person50,46.4823125,False,
24797.0,person9,52.2378875,False,
24798.0,person2,63.9645625,False,
24798.0,person29,35.19735,False,
24798.0,person50,46.4823125,False,
24798.0,person9,52.2897875,False,
24799.0,person2,63.9645625,False,
24799.0,person29,35.24925,False,
24799.0,person50,46.4823125,False,
24799.0,person9,52.3416875,False,
24800.0,person2,63.9645625,False,
24800.0,person29,35.30115,False,
24800.0,person50,46.4823125,False,
24800.0,person9,52.3935875,False,
24801.0,person2,63.9645625,False,
24801.0,person29,35.35305,False,
24801.0,person50,46.4823125,False,
24801.0,person6,50.0,False,
24801.0,person9,52.4454875,False,
24802.0,person2,63.9645625,False,
24802.0,person29,35.4049625,False,
24802.0,person50,46.4823125,False,
24802.0,person6,49.9598125,False,
24802.0,person9,52.4973875,False,
24803.0,person2,63.9645625,False,
24803.0,person29,35.4568625,False,
24803.0,person50,46.4823125,False,
24803.0,person6,49.84615,False,
24803.0,person9,52.5492875,False,
24804.0,person2,63.9645625,False,
24804.0,person29,35.5087625,False,
24804.0,person50,46.4823125,False,
24804.0,person6,49.659037500000004,False,
24804.0,person9,52.6011875,False,
24805.0,person2,63.9645625,False,
24805.0,person29,35.5606625,False,
24805.0,person50,46.4823125,False,
24805.0,person6,49.3984375,False,
24805.0,person9,52.6530875,False,
24806.0,person2,63.9645625,False,
24806.0,person29,35.6125625,False,
24806.0,person50,46.4823125,False,
24806.0,person6,49.0643625,False,
24806.0,person9,52.7049875,False,
24807.0,person2,63.9645625,False,
24807.0,person29,35.6644625,False,
24807.0,person50,46.4823125,False,
24807.0,person6,48.656812499999994,False,
24807.0,person9,52.7569,False,
24808.0,person2,63.9645625,False,
24808.0,person29,35.7163625,False,
24808.0,person50,46.4823125,False,
24808.0,person6,48.17575,False,
24808.0,person9,52.8088,False,
24809.0,person2,63.9645625,False,
24809.0,person29,35.7682625,False,
24809.0,person50,46.4823125,False,
24809.0,person6,47.9441125,False,
24809.0,person9,52.8607,False,
24810.0,person2,63.9645625,False,
24810.0,person29,35.8201625,False,
24810.0,person50,46.4823125,False,
24810.0,person6,47.8954,False,
24810.0,person9,52.9126,False,
24811.0,person2,63.9645625,False,
24811.0,person29,35.8720625,False,
24811.0,person50,46.4823125,False,
24811.0,person6,47.8466875,False,
24811.0,person9,52.9645,False,
24812.0,person2,63.9645625,False,
24812.0,person29,35.9239625,False,
24812.0,person50,46.4823125,False,
24812.0,person6,47.797974999999994,False,
24812.0,person9,53.0164,False,
24813.0,person2,63.9645625,False,
24813.0,person29,35.9758625,False,
24813.0,person50,46.4823125,False,
24813.0,person6,47.749275,False,
24813.0,person9,53.0683,False,
24814.0,person2,63.9645625,False,
24814.0,person29,36.0277625,False,
24814.0,person50,46.4823125,False,
24814.0,person6,47.7005625,False,
24814.0,person9,53.1202,False,
24815.0,person2,63.9645625,False,
24815.0,person29,36.0796625,False,
24815.0,person50,46.4823125,False,
24815.0,person6,47.65185,False,
24815.0,person9,53.1721,False,
24816.0,person2,63.9645625,False,
24816.0,person29,36.1315625,False,
24816.0,person50,46.4823125,False,
24816.0,person6,47.6031375,False,
24816.0,person9,53.224,False,
24817.0,person2,63.9645625,False,
24817.0,person29,36.1834625,False,
24817.0,person50,46.4823125,False,
24817.0,person6,47.554437500000006,False,
24817.0,person9,53.2759,False,
24818.0,person2,63.9645625,False,
24818.0,person29,36.2353625,False,
24818.0,person50,46.4823125,False,
24818.0,person6,47.505725,False,
24818.0,person9,53.3278,False,
24819.0,person2,63.9645625,False,
24819.0,person29,36.2872625,False,
24819.0,person50,46.4823125,False,
24819.0,person6,47.4570125,False,
24819.0,person9,53.3797,False,
24820.0,person2,63.9645625,False,
24820.0,person29,36.3391625,False,
24820.0,person50,46.4823125,False,
24820.0,person6,47.4083,False,
24820.0,person9,53.4316,False,
24821.0,person2,63.9645625,False,
24821.0,person29,36.3910625,False,
24821.0,person50,46.4823125,False,
24821.0,person6,47.3595875,False,
24821.0,person9,53.4835,False,
24822.0,person2,63.9645625,False,
24822.0,person29,36.4429625,False,
24822.0,person50,46.4823125,False,
24822.0,person6,47.3108875,False,
24822.0,person9,53.5354,False,
24823.0,person2,63.9645625,False,
24823.0,person29,36.494875,False,
24823.0,person50,46.4823125,False,
24823.0,person6,47.2622125,False,
24823.0,person9,53.5873,False,
24824.0,person2,63.9645625,False,
24824.0,person29,36.546775,False,
24824.0,person50,46.4823125,False,
24824.0,person6,47.2135,False,
24824.0,person9,53.6392,False,
24825.0,person2,63.9645625,False,
24825.0,person29,36.598675,False,
24825.0,person50,46.4823125,False,
24825.0,person6,47.1647875,False,
24825.0,person9,53.6911,False,
24826.0,person2,63.9645625,False,
24826.0,person29,36.650575,False,
24826.0,person50,46.4823125,False,
24826.0,person6,47.115625,False,
24826.0,person9,53.743,False,
24827.0,person2,63.9645625,False,
24827.0,person29,36.702475,False,
24827.0,person50,46.4823125,False,
24827.0,person6,47.0669125,False,
24827.0,person9,53.7949,False,
24828.0,person2,63.9645625,False,
24828.0,person29,36.754375,False,
24828.0,person50,46.4823125,False,
24828.0,person6,47.0177625,False,
24828.0,person9,53.8468,False,
24829.0,person2,63.9645625,False,
24829.0,person29,36.806275,False,
24829.0,person50,46.4823125,False,
24829.0,person6,46.9690625,False,
24829.0,person9,53.8987125,False,
24830.0,person2,63.9645625,False,
24830.0,person29,36.858175,False,
24830.0,person50,46.4823125,False,
24830.0,person6,46.898812500000005,False,
24830.0,person9,53.9506125,False,
24831.0,person2,63.9645625,False,
24831.0,person29,36.910075,False,
24831.0,person50,46.4823125,False,
24831.0,person6,46.839725,False,
24831.0,person9,54.0025125,False,
24832.0,person2,63.9645625,False,
24832.0,person29,36.961975,False,
24832.0,person50,46.4823125,False,
24832.0,person6,46.7910125,False,
24832.0,person9,54.0544125,False,
24833.0,person2,63.9645625,False,
24833.0,person29,37.013875,False,
24833.0,person50,46.4823125,False,
24833.0,person6,46.742337500000005,False,
24833.0,person9,54.1063125,False,
24834.0,person2,63.9645625,False,
24834.0,person29,37.065775,False,
24834.0,person50,46.4823125,False,
24834.0,person6,46.693625,False,
24834.0,person9,54.1582125,False,
24835.0,person2,63.9645625,False,
24835.0,person29,37.117675,False,
24835.0,person50,46.4823125,False,
24835.0,person6,46.6449125,False,
24835.0,person9,54.2101125,False,
24836.0,person2,63.9645625,False,
24836.0,person29,37.169575,False,
24836.0,person50,46.4823125,False,
24836.0,person6,46.5962125,False,
24836.0,person9,54.2620125,False,
24837.0,person2,63.9645625,False,
24837.0,person29,37.221475,False,
24837.0,person50,46.4823125,False,
24837.0,person6,46.5475,False,
24837.0,person9,54.3139125,False,
24838.0,person2,63.9645625,False,
24838.0,person29,37.273375,False,
24838.0,person50,46.4823125,False,
24838.0,person6,46.4987875,False,
24838.0,person9,54.3658125,False,
24839.0,person2,63.9645625,False,
24839.0,person29,37.325275,False,
24839.0,person50,46.4823125,False,
24839.0,person6,46.61877499999999,True,
24839.0,person9,54.4177125,False,
24840.0,person2,63.9645625,False,
24840.0,person29,37.377175,False,
24840.0,person50,46.4823125,False,
24840.0,person6,46.210649999999994,False,
24840.0,person9,54.4696125,False,
24841.0,person2,63.9645625,False,
24841.0,person29,37.429075,False,
24841.0,person50,46.4823125,False,
24841.0,person6,46.1596125,False,
24841.0,person9,54.5215125,False,
24842.0,person2,63.9645625,False,
24842.0,person29,37.480975,False,
24842.0,person50,46.4823125,False,
24842.0,person6,46.060225,False,
24842.0,person9,54.5734125,False,
24843.0,person2,63.9645625,False,
24843.0,person29,37.532875,False,
24843.0,person50,46.4823125,False,
24843.0,person6,46.00381250000001,False,
24843.0,person9,54.6253125,False,
24844.0,person2,63.9645625,False,
24844.0,person29,37.584775,False,
24844.0,person50,46.4823125,False,
24844.0,person6,45.952425,False,
24844.0,person9,54.6772125,False,
24845.0,person2,63.9645625,False,
24845.0,person29,37.6366875,False,
24845.0,person50,46.4823125,False,
24845.0,person6,45.902325,False,
24845.0,person9,54.7291125,False,
24846.0,person2,63.9645625,False,
24846.0,person29,37.6885875,False,
24846.0,person50,46.4823125,False,
24846.0,person6,45.853525,False,
24846.0,person9,54.7810125,False,
24847.0,person2,63.9645625,False,
24847.0,person29,37.7404875,False,
24847.0,person50,46.4823125,False,
24847.0,person6,45.8047875,False,
24847.0,person9,54.8329125,False,
24848.0,person2,63.9645625,False,
24848.0,person29,37.7923875,False,
24848.0,person50,46.4823125,False,
24848.0,person6,45.756049999999995,False,
24848.0,person9,54.8848125,False,
24849.0,person2,63.9645625,False,
24849.0,person29,37.8442875,False,
24849.0,person50,46.4823125,False,
24849.0,person6,45.70702500000001,False,
24849.0,person9,54.9367125,False,
24850.0,person2,63.9645625,False,
24850.0,person29,37.8961875,False,
24850.0,person50,46.4823125,False,
24850.0,person6,45.65823749999999,False,
24850.0,person9,54.988625,False,
24851.0,person2,63.9645625,False,
24851.0,person29,37.9480875,False,
24851.0,person50,46.4823125,False,
24851.0,person6,45.609525000000005,False,
24851.0,person9,55.040525,False,
24852.0,person2,63.9645625,False,
24852.0,person29,37.9999875,False,
24852.0,person50,46.4823125,False,
24852.0,person6,45.5608125,False,
24852.0,person9,55.092425,False,
24853.0,person2,63.9645625,False,
24853.0,person29,38.0518875,False,
24853.0,person50,46.4823125,False,
24853.0,person6,45.5121,False,
24853.0,person9,55.144325,False,
24854.0,person2,63.9645625,False,
24854.0,person29,38.1037875,False,
24854.0,person50,46.4823125,False,
24854.0,person6,45.4634375,False,
24854.0,person9,55.196225,False,
24855.0,person2,63.9645625,False,
24855.0,person29,38.1556875,False,
24855.0,person50,46.4823125,False,
24855.0,person6,45.414624999999994,False,
24855.0,person9,55.248125,False,
24856.0,person2,63.9645625,False,
24856.0,person29,38.2075875,False,
24856.0,person50,46.4823125,False,
24856.0,person6,45.365925,False,
24856.0,person9,55.300025,False,
24857.0,person2,63.9645625,False,
24857.0,person29,38.2594875,False,
24857.0,person50,46.4823125,False,
24857.0,person6,45.3172125,False,
24857.0,person9,55.351925,False,
24858.0,person2,63.9645625,False,
24858.0,person29,38.3113875,False,
24858.0,person50,46.4823125,False,
24858.0,person6,45.2685,False,
24858.0,person9,55.403825,False,
24859.0,person2,63.9645625,False,
24859.0,person29,38.3632875,False,
24859.0,person50,46.4823125,False,
24859.0,person6,45.2197875,False,
24859.0,person9,55.455725,False,
24860.0,person2,63.9645625,False,
24860.0,person29,38.4151875,False,
24860.0,person50,46.4823125,False,
24860.0,person6,45.1708875,False,
24860.0,person9,55.507625,False,
24861.0,person2,63.9645625,False,
24861.0,person29,38.4670875,False,
24861.0,person50,46.4823125,False,
24861.0,person6,45.1218875,False,
24861.0,person9,55.559525,False,
24862.0,person2,63.9645625,False,
24862.0,person29,38.5189875,False,
24862.0,person50,46.4823125,False,
24862.0,person6,45.147325,False,
24862.0,person9,55.611425,False,
24863.0,person2,63.9645625,False,
24863.0,person29,38.5708875,False,
24863.0,person50,46.4823125,False,
24863.0,person6,45.5674875,True,
24863.0,person9,55.663325,False,
24864.0,person2,63.9645625,False,
24864.0,person29,38.6227875,False,
24864.0,person50,46.4823125,False,
24864.0,person6,45.766325,True,
24864.0,person9,55.715225,False,
24865.0,person2,63.9645625,False,
24865.0,person29,38.6746875,False,
24865.0,person50,46.4823125,False,
24865.0,person6,45.7829375,False,
24865.0,person9,55.767125,False,
24866.0,person2,63.9645625,False,
24866.0,person29,38.7266,False,
24866.0,person50,46.4823125,False,
24866.0,person6,45.7827625,False,
24866.0,person9,55.819025,False,
24867.0,person2,63.9645625,False,
24867.0,person29,38.7785,False,
24867.0,person50,46.4823125,False,
24867.0,person6,45.782575,False,
24867.0,person9,55.870925,False,
24868.0,person2,63.9645625,False,
24868.0,person29,38.8304,False,
24868.0,person50,46.4823125,False,
24868.0,person6,45.782387500000006,False,
24868.0,person9,55.922825,False,
24869.0,person2,63.9645625,False,
24869.0,person29,38.8823,False,
24869.0,person50,46.4823125,False,
24869.0,person6,45.78221249999999,False,
24869.0,person9,55.974725,False,
24870.0,person2,63.9645625,False,
24870.0,person29,38.9342,False,
24870.0,person50,46.4823125,False,
24870.0,person6,45.782025000000004,False,
24870.0,person9,56.026625,False,
24871.0,person2,63.9645625,False,
24871.0,person29,38.9861,False,
24871.0,person50,46.4823125,False,
24871.0,person6,45.781850000000006,False,
24871.0,person9,56.0785375,False,
24872.0,person2,63.9645625,False,
24872.0,person29,39.038,False,
24872.0,person41,50.0,False,
24872.0,person50,46.4823125,False,
24872.0,person6,45.7816625,False,
24872.0,person9,56.1304375,False,
24873.0,person2,63.9645625,False,
24873.0,person29,39.0899,False,
24873.0,person41,49.9598125,False,
24873.0,person50,46.4823125,False,
24873.0,person6,45.781475,False,
24873.0,person9,56.1823375,False,
24874.0,person2,63.9645625,False,
24874.0,person29,39.1418,False,
24874.0,person41,49.84615,False,
24874.0,person50,46.4823125,False,
24874.0,person6,45.7813,False,
24874.0,person9,56.2342375,False,
24875.0,person2,63.9645625,False,
24875.0,person29,39.1937,False,
24875.0,person41,49.659025,False,
24875.0,person50,46.4823125,False,
24875.0,person6,45.7811125,False,
24875.0,person9,56.2861375,False,
24876.0,person2,63.9645625,False,
24876.0,person29,39.2456,False,
24876.0,person41,49.3984375,False,
24876.0,person50,46.4823125,False,
24876.0,person6,45.780925,False,
24876.0,person9,56.3380375,False,
24877.0,person2,63.9645625,False,
24877.0,person29,39.2975,False,
24877.0,person41,49.0643375,False,
24877.0,person50,46.4823125,False,
24877.0,person6,45.78075,False,
24877.0,person9,56.3899375,False,
24878.0,person2,63.9645625,False,
24878.0,person29,39.3494,False,
24878.0,person41,48.6567375,False,
24878.0,person50,46.4823125,False,
24878.0,person6,45.780562499999995,False,
24878.0,person9,56.4418375,False,
24879.0,person2,63.9645625,False,
24879.0,person29,39.4013,False,
24879.0,person41,48.1753625,False,
24879.0,person50,46.4823125,False,
24879.0,person6,45.7803875,False,
24879.0,person9,56.4937375,False,
24880.0,person2,63.9645625,False,
24880.0,person29,39.4532,False,
24880.0,person41,47.7618875,False,
24880.0,person50,46.4823125,False,
24880.0,person6,45.78020000000001,False,
24880.0,person9,56.5456375,False,
24881.0,person2,63.9645625,False,
24881.0,person29,39.5051,False,
24881.0,person41,47.66965,False,
24881.0,person50,46.4823125,False,
24881.0,person6,45.7800125,False,
24881.0,person9,56.5975375,False,
24882.0,person2,63.9645625,False,
24882.0,person29,39.557,False,
24882.0,person41,47.6180875,False,
24882.0,person50,46.4823125,False,
24882.0,person6,45.779837500000006,False,
24882.0,person9,56.6494375,False,
24883.0,person2,63.9645625,False,
24883.0,person29,39.6089,False,
24883.0,person41,47.9481375,True,
24883.0,person50,46.4823125,False,
24883.0,person6,45.77965,False,
24883.0,person9,56.7013375,False,
24884.0,person2,63.9645625,False,
24884.0,person29,39.6608,False,
24884.0,person41,48.2708125,True,
24884.0,person50,46.4823125,False,
24884.0,person6,45.7794625,False,
24884.0,person9,56.7532375,False,
24885.0,person2,63.9645625,False,
24885.0,person29,39.7127,False,
24885.0,person41,48.3721375,True,
24885.0,person50,46.4823125,False,
24885.0,person6,45.7792875,False,
24885.0,person9,56.8051375,False,
24886.0,person2,63.9645625,False,
24886.0,person29,39.7646,False,
24886.0,person41,48.3719625,False,
24886.0,person50,46.4823125,False,
24886.0,person6,45.7791,False,
24886.0,person9,56.8570375,False,
24887.0,person2,63.9645625,False,
24887.0,person29,39.8165125,False,
24887.0,person41,48.371775,False,
24887.0,person50,46.4823125,False,
24887.0,person6,45.73891249999999,False,
24887.0,person9,56.9089375,False,
24888.0,person2,63.9645625,False,
24888.0,person29,39.8684125,False,
24888.0,person41,48.3715875,False,
24888.0,person50,46.4823125,False,
24888.0,person6,45.625249999999994,False,
24888.0,person9,56.9608375,False,
24889.0,person2,63.9645625,False,
24889.0,person29,39.9203125,False,
24889.0,person41,48.37141249999999,False,
24889.0,person50,46.4823125,False,
24889.0,person6,45.4371,False,
24889.0,person9,57.0127375,False,
24890.0,person2,63.9645625,False,
24890.0,person29,39.9722125,False,
24890.0,person41,48.371225,False,
24890.0,person50,46.4823125,False,
24890.0,person6,45.17439999999999,False,
24890.0,person9,57.0646375,False,
24891.0,person2,63.9645625,False,
24891.0,person29,40.0241125,False,
24891.0,person41,48.3710375,False,
24891.0,person50,46.4823125,False,
24891.0,person6,44.83792499999999,False,
24891.0,person9,57.1165375,False,
24892.0,person2,63.9645625,False,
24892.0,person29,40.0760125,False,
24892.0,person41,48.3708625,False,
24892.0,person50,46.4823125,False,
24892.0,person6,44.4178375,False,
24892.0,person9,57.1684375,False,
24893.0,person2,63.9645625,False,
24893.0,person29,40.1279125,False,
24893.0,person41,48.370675,False,
24893.0,person50,46.4823125,False,
24893.0,person6,43.91233750000001,False,
24893.0,person9,57.22035,False,
24894.0,person2,63.9645625,False,
24894.0,person29,40.1798125,False,
24894.0,person41,48.3705,False,
24894.0,person50,46.4823125,False,
24894.0,person6,43.334087499999995,False,
24894.0,person9,57.27225,False,
24895.0,person2,63.9645625,False,
24895.0,person29,40.2317125,False,
24895.0,person41,48.3703125,False,
24895.0,person50,46.4823125,False,
24895.0,person6,42.6959,False,
24895.0,person9,57.32415,False,
24896.0,person2,63.9645625,False,
24896.0,person29,40.2836125,False,
24896.0,person41,48.370125,False,
24896.0,person50,46.4823125,False,
24896.0,person6,41.99431249999999,False,
24896.0,person9,57.37605,False,
24897.0,person2,63.9645625,False,
24897.0,person29,40.3355125,False,
24897.0,person41,48.36995,False,
24897.0,person50,46.4823125,False,
24897.0,person6,41.2191625,False,
24897.0,person9,57.42795,False,
24898.0,person2,63.9645625,False,
24898.0,person29,40.3874125,False,
24898.0,person41,48.3697625,False,
24898.0,person50,46.4823125,False,
24898.0,person6,40.370475,False,
24898.0,person9,57.47985,False,
24899.0,person2,63.9645625,False,
24899.0,person29,40.4393125,False,
24899.0,person41,48.369575000000005,False,
24899.0,person50,46.4823125,False,
24899.0,person6,40.0399625,False,
24899.0,person9,57.53175,False,
24900.0,person2,63.9645625,False,
24900.0,person29,40.4912125,False,
24900.0,person41,48.36939999999999,False,
24900.0,person50,46.4823125,False,
24900.0,person6,39.9580125,False,
24900.0,person9,57.58365,False,
24901.0,person2,63.9645625,False,
24901.0,person29,40.5431125,False,
24901.0,person41,48.3692125,False,
24901.0,person50,46.4823125,False,
24901.0,person6,39.8761125,False,
24901.0,person9,57.63555,False,
24902.0,person2,63.9645625,False,
24902.0,person29,40.5950125,False,
24902.0,person41,48.369037500000005,False,
24902.0,person50,46.4823125,False,
24902.0,person6,40.330525,True,
24902.0,person9,57.68745,False,
24903.0,person2,63.9645625,False,
24903.0,person29,40.6469125,False,
24903.0,person41,48.3288375,False,
24903.0,person50,46.4823125,False,
24903.0,person6,40.69305,True,
24903.0,person9,57.73935,False,
24904.0,person2,63.9645625,False,
24904.0,person29,40.6988125,False,
24904.0,person41,48.21506250000001,False,
24904.0,person50,46.4823125,False,
24904.0,person6,40.9347625,True,
24904.0,person9,57.79125,False,
24905.0,person2,63.9645625,False,
24905.0,person29,40.7507125,False,
24905.0,person41,48.0269625,False,
24905.0,person50,46.4823125,False,
24905.0,person6,41.1060125,True,
24905.0,person9,57.84315,False,
24906.0,person2,63.9645625,False,
24906.0,person29,40.8026125,False,
24906.0,person41,47.7614625,False,
24906.0,person50,46.4823125,False,
24906.0,person6,41.25435,True,
24906.0,person9,57.89505,False,
24907.0,person2,63.9645625,False,
24907.0,person29,40.8545125,False,
24907.0,person41,47.4105,False,
24907.0,person50,46.4823125,False,
24907.0,person6,41.37975000000001,True,
24907.0,person9,57.94695,False,
24908.0,person2,63.9645625,False,
24908.0,person29,40.9064125,False,
24908.0,person41,46.9821875,False,
24908.0,person50,46.4823125,False,
24908.0,person6,41.482225,True,
24908.0,person9,57.99885,False,
24909.0,person2,63.9645625,False,
24909.0,person29,40.958325,False,
24909.0,person41,46.4897,False,
24909.0,person50,46.4823125,False,
24909.0,person6,41.561775,False,
24909.0,person9,58.05075,False,
24910.0,person2,63.9645625,False,
24910.0,person29,41.010225,False,
24910.0,person41,46.034375,False,
24910.0,person50,46.4823125,False,
24910.0,person6,41.475424999999994,False,
24910.0,person9,58.10265,False,
24911.0,person2,63.9645625,False,
24911.0,person29,41.062124999999995,False,
24911.0,person41,45.982749999999996,False,
24911.0,person50,46.4823125,False,
24911.0,person6,41.4486125,False,
24911.0,person9,58.15455,False,
24912.0,person2,63.9645625,False,
24912.0,person29,41.114025,False,
24912.0,person41,45.9311125,False,
24912.0,person50,46.4823125,False,
24912.0,person6,41.129175,False,
24912.0,person9,58.20645,False,
24913.0,person2,63.9645625,False,
24913.0,person29,41.165925,False,
24913.0,person41,45.8793625,False,
24913.0,person50,46.4823125,False,
24913.0,person6,40.7298875,False,
24913.0,person9,58.25835,False,
24914.0,person2,63.9645625,False,
24914.0,person29,41.217825,False,
24914.0,person41,45.827562500000006,False,
24914.0,person50,46.4823125,False,
24914.0,person6,40.303125,False,
24914.0,person9,58.3102625,False,
24915.0,person2,63.9645625,False,
24915.0,person29,41.269725,False,
24915.0,person41,45.7760375,False,
24915.0,person50,46.4823125,False,
24915.0,person6,39.804875,False,
24915.0,person9,58.3621625,False,
24916.0,person2,63.9645625,False,
24916.0,person29,41.321625000000004,False,
24916.0,person41,45.7245125,False,
24916.0,person50,46.4823125,False,
24916.0,person6,39.233125,False,
24916.0,person9,58.4140625,False,
24917.0,person2,63.9645625,False,
24917.0,person29,41.373525,False,
24917.0,person41,45.6729875,False,
24917.0,person50,46.4823125,False,
24917.0,person6,38.5878625,False,
24917.0,person9,58.4659625,False,
24918.0,person2,63.9645625,False,
24918.0,person29,41.425425,False,
24918.0,person41,45.6214625,False,
24918.0,person50,46.4823125,False,
24918.0,person6,37.8690625,False,
24918.0,person9,58.5178625,False,
24919.0,person2,63.9645625,False,
24919.0,person29,41.477325,False,
24919.0,person41,45.569799999999994,False,
24919.0,person50,46.4823125,False,
24919.0,person6,37.1484,False,
24919.0,person9,58.5697625,False,
24920.0,person2,63.9645625,False,
24920.0,person29,41.529225,False,
24920.0,person41,45.518275,False,
24920.0,person50,46.4823125,False,
24920.0,person6,37.393425,True,
24920.0,person9,58.6216625,False,
24921.0,person2,63.9645625,False,
24921.0,person29,41.581125,False,
24921.0,person41,45.46671250000001,False,
24921.0,person50,46.4823125,False,
24921.0,person6,37.6155625,True,
24921.0,person9,58.6735625,False,
24922.0,person2,63.9645625,False,
24922.0,person29,41.633025,False,
24922.0,person41,45.4151875,False,
24922.0,person50,46.4823125,False,
24922.0,person6,37.808325,True,
24922.0,person9,58.7254625,False,
24923.0,person2,63.9645625,False,
24923.0,person29,41.684925,False,
24923.0,person41,45.363575,False,
24923.0,person50,46.4823125,False,
24923.0,person6,37.9797625,True,
24923.0,person9,58.7773625,False,
24924.0,person2,63.9645625,False,
24924.0,person29,41.736825,False,
24924.0,person41,45.3118,False,
24924.0,person50,46.4823125,False,
24924.0,person6,38.1322125,True,
24924.0,person9,58.8292625,False,
24925.0,person2,63.9645625,False,
24925.0,person29,41.78872500000001,False,
24925.0,person41,45.26002499999999,False,
24925.0,person50,46.4823125,False,
24925.0,person6,38.262675,True,
24925.0,person9,58.8811625,False,
24926.0,person2,63.9645625,False,
24926.0,person29,41.840625,False,
24926.0,person41,45.61033749999999,True,
24926.0,person50,46.4823125,False,
24926.0,person6,38.3702125,True,
24926.0,person9,58.9330625,False,
24927.0,person2,63.9645625,False,
24927.0,person29,41.89252499999999,False,
24927.0,person41,45.923,True,
24927.0,person50,46.4823125,False,
24927.0,person6,38.454825,False,
24927.0,person9,58.9849625,False,
24928.0,person2,63.9645625,False,
24928.0,person29,41.944425,False,
24928.0,person41,46.0147875,False,
24928.0,person50,46.4823125,False,
24928.0,person6,38.5165125,False,
24928.0,person9,59.0368625,False,
24929.0,person2,63.9645625,False,
24929.0,person29,41.996325,False,
24929.0,person41,46.0146125,False,
24929.0,person50,46.4823125,False,
24929.0,person6,38.555275,False,
24929.0,person9,59.0887625,False,
24930.0,person2,63.9645625,False,
24930.0,person29,42.04823749999999,False,
24930.0,person41,45.9744125,False,
24930.0,person50,46.4823125,False,
24930.0,person6,38.5711,False,
24930.0,person9,59.1406625,False,
24931.0,person2,63.9645625,False,
24931.0,person29,42.1001375,False,
24931.0,person41,45.86075,False,
24931.0,person50,46.4823125,False,
24931.0,person6,38.571275,False,
24931.0,person9,59.1925625,False,
24932.0,person2,63.9645625,False,
24932.0,person29,42.15203749999999,False,
24932.0,person41,45.6726,False,
24932.0,person50,46.4823125,False,
24932.0,person6,38.5711,False,
24932.0,person9,59.2444625,False,
24933.0,person2,63.9645625,False,
24933.0,person29,42.2039375,False,
24933.0,person41,45.4099125,False,
24933.0,person50,46.4823125,False,
24933.0,person6,38.5709125,False,
24933.0,person9,59.2963625,False,
24934.0,person2,63.9645625,False,
24934.0,person29,42.2558375,False,
24934.0,person41,45.073425,False,
24934.0,person50,46.4823125,False,
24934.0,person6,38.570725,False,
24934.0,person9,59.3482625,False,
24935.0,person2,63.9645625,False,
24935.0,person29,42.3077375,False,
24935.0,person41,44.6533375,False,
24935.0,person50,46.4823125,False,
24935.0,person6,38.57055,False,
24935.0,person9,59.4001625,False,
24936.0,person2,63.9645625,False,
24936.0,person29,42.3596375,False,
24936.0,person41,44.14785,False,
24936.0,person50,46.4823125,False,
24936.0,person6,38.5703625,False,
24936.0,person9,59.452075,False,
24937.0,person2,63.9645625,False,
24937.0,person29,42.41153750000001,False,
24937.0,person41,43.5696,False,
24937.0,person50,46.4823125,False,
24937.0,person6,38.5701875,False,
24937.0,person9,59.503975,False,
24938.0,person2,63.9645625,False,
24938.0,person29,42.4634375,False,
24938.0,person41,42.93141249999999,False,
24938.0,person50,46.4823125,False,
24938.0,person6,38.57,False,
24938.0,person9,59.555875,False,
24939.0,person2,63.9645625,False,
24939.0,person29,42.515337499999994,False,
24939.0,person41,42.2298125,False,
24939.0,person50,46.4823125,False,
24939.0,person6,38.5698125,False,
24939.0,person9,59.607775,False,
24940.0,person2,63.9645625,False,
24940.0,person29,42.5672375,False,
24940.0,person41,41.454675,False,
24940.0,person50,46.4823125,False,
24940.0,person6,38.5696375,False,
24940.0,person9,59.659675,False,
24941.0,person2,63.9645625,False,
24941.0,person29,42.6191375,False,
24941.0,person41,40.6059875,False,
24941.0,person50,46.4823125,False,
24941.0,person6,38.56945,False,
24941.0,person9,59.711575,False,
24942.0,person2,63.9645625,False,
24942.0,person29,42.6710375,False,
24942.0,person41,39.683825,False,
24942.0,person50,46.4823125,False,
24942.0,person6,38.569275,False,
24942.0,person9,59.763475,False,
24943.0,person2,63.9645625,False,
24943.0,person29,42.7229375,False,
24943.0,person41,39.5731625,False,
24943.0,person50,46.4823125,False,
24943.0,person6,38.5690875,False,
24943.0,person9,59.815375,False,
24944.0,person2,63.9645625,False,
24944.0,person29,42.774837500000004,False,
24944.0,person41,40.024675,True,
24944.0,person50,46.4823125,False,
24944.0,person6,38.5689,False,
24944.0,person9,59.867275,False,
24945.0,person2,63.9645625,False,
24945.0,person29,42.8267375,False,
24945.0,person41,40.3964625,True,
24945.0,person50,46.4823125,False,
24945.0,person6,38.568725,False,
24945.0,person9,59.919175,False,
24946.0,person2,63.9645625,False,
24946.0,person29,42.8786375,False,
24946.0,person41,40.6367625,True,
24946.0,person50,46.4823125,False,
24946.0,person6,38.5685375,False,
24946.0,person9,59.971075,False,
24947.0,person2,63.9645625,False,
24947.0,person29,42.9305375,False,
24947.0,person41,40.831525,True,
24947.0,person50,46.4823125,False,
24947.0,person6,38.56835,False,
24947.0,person9,60.022975,False,
24948.0,person2,63.9645625,False,
24948.0,person29,42.982437499999996,False,
24948.0,person41,41.0033875,True,
24948.0,person50,46.4823125,False,
24948.0,person6,38.568175,False,
24948.0,person9,60.074875,False,
24949.0,person2,63.9645625,False,
24949.0,person29,43.0343375,False,
24949.0,person41,41.152325,True,
24949.0,person50,46.4823125,False,
24949.0,person6,38.5679875,False,
24949.0,person9,60.126775,False,
24950.0,person2,63.9645625,False,
24950.0,person29,43.0862375,False,
24950.0,person41,41.2783375,True,
24950.0,person50,46.4823125,False,
24950.0,person6,38.5678125,False,
24950.0,person9,60.178675,False,
24951.0,person2,63.9645625,False,
24951.0,person29,43.1381375,False,
24951.0,person41,41.381425,True,
24951.0,person50,46.4823125,False,
24951.0,person6,38.567625,False,
24951.0,person9,60.230575,False,
24952.0,person2,63.9645625,False,
24952.0,person29,43.19005,False,
24952.0,person41,41.46158749999999,False,
24952.0,person50,46.4823125,False,
24952.0,person6,38.5674375,False,
24952.0,person9,60.282475,False,
24953.0,person2,63.9645625,False,
24953.0,person29,43.24195,False,
24953.0,person41,41.337,False,
24953.0,person50,46.4823125,False,
24953.0,person6,38.5672625,False,
24953.0,person9,60.334375,False,
24954.0,person2,63.9645625,False,
24954.0,person29,43.29385,False,
24954.0,person41,41.307925,False,
24954.0,person50,46.4823125,False,
24954.0,person6,38.567075,False,
24954.0,person9,60.386275,False,
24955.0,person2,63.9645625,False,
24955.0,person29,43.34575,False,
24955.0,person41,40.967962500000006,False,
24955.0,person50,46.4823125,False,
24955.0,person6,38.5668875,False,
24955.0,person9,60.438175,False,
24956.0,person2,63.9645625,False,
24956.0,person29,43.397650000000006,False,
24956.0,person41,40.558225,False,
24956.0,person50,46.4823125,False,
24956.0,person6,38.5667125,False,
24956.0,person9,60.490075,False,
24957.0,person2,63.9645625,False,
24957.0,person29,43.44955,False,
24957.0,person41,40.119525,False,
24957.0,person50,46.4823125,False,
24957.0,person6,38.566525,False,
24957.0,person9,60.5419875,False,
24958.0,person2,63.9645625,False,
24958.0,person29,43.501450000000006,False,
24958.0,person41,39.6073625,False,
24958.0,person50,46.4823125,False,
24958.0,person6,38.56635,False,
24958.0,person9,60.5938875,False,
24959.0,person2,63.9645625,False,
24959.0,person29,43.55335,False,
24959.0,person41,39.0216875,False,
24959.0,person50,46.4823125,False,
24959.0,person6,38.5661625,False,
24959.0,person9,60.6457875,False,
24960.0,person2,63.9645625,False,
24960.0,person29,43.60524999999999,False,
24960.0,person41,38.3624875,False,
24960.0,person50,46.4823125,False,
24960.0,person6,38.565975,False,
24960.0,person9,60.6976875,False,
24961.0,person2,63.9645625,False,
24961.0,person29,43.65715,False,
24961.0,person41,37.6297625,False,
24961.0,person50,46.4823125,False,
24961.0,person6,38.5658,False,
24961.0,person9,60.7495875,False,
24962.0,person2,63.9645625,False,
24962.0,person29,43.70905,False,
24962.0,person41,37.6312375,False,
24962.0,person50,46.4823125,False,
24962.0,person6,38.5656125,False,
24962.0,person9,60.8014875,False,
24963.0,person2,63.9645625,False,
24963.0,person29,43.76095,False,
24963.0,person41,37.8574875,True,
24963.0,person50,46.4823125,False,
24963.0,person6,38.5654375,False,
24963.0,person9,60.8533875,False,
24964.0,person2,63.9645625,False,
24964.0,person29,43.81285,False,
24964.0,person41,38.060825,True,
24964.0,person50,46.4823125,False,
24964.0,person6,38.56525,False,
24964.0,person9,60.9052875,False,
24965.0,person2,63.9645625,False,
24965.0,person29,43.86475000000001,False,
24965.0,person41,38.2411375,True,
24965.0,person50,46.4823125,False,
24965.0,person6,38.5650625,False,
24965.0,person9,60.9571875,False,
24966.0,person2,63.9645625,False,
24966.0,person29,43.91665,False,
24966.0,person41,38.39865,True,
24966.0,person50,46.4823125,False,
24966.0,person6,38.5648875,False,
24966.0,person9,61.0090875,False,
24967.0,person2,63.9645625,False,
24967.0,person29,43.96854999999999,False,
24967.0,person41,38.53315,True,
24967.0,person50,46.4823125,False,
24967.0,person6,38.5647,False,
24967.0,person9,61.0609875,False,
24968.0,person2,63.9645625,False,
24968.0,person29,44.02045,False,
24968.0,person41,38.644825,True,
24968.0,person50,46.4823125,False,
24968.0,person6,38.5645125,False,
24968.0,person9,61.1128875,False,
24969.0,person2,63.9645625,False,
24969.0,person29,44.07234999999999,False,
24969.0,person41,38.7335875,False,
24969.0,person50,46.4823125,False,
24969.0,person6,38.5643375,False,
24969.0,person9,61.1647875,False,
24970.0,person2,63.9645625,False,
24970.0,person29,44.12425,False,
24970.0,person41,38.7994125,False,
24970.0,person50,46.4823125,False,
24970.0,person6,38.56415,False,
24970.0,person9,61.2166875,False,
24971.0,person2,63.9645625,False,
24971.0,person29,44.17615,False,
24971.0,person41,38.8423,False,
24971.0,person50,46.4823125,False,
24971.0,person6,38.563975,False,
24971.0,person9,61.2685875,False,
24972.0,person2,63.9645625,False,
24972.0,person29,44.22805,False,
24972.0,person41,38.862275,False,
24972.0,person50,46.4823125,False,
24972.0,person6,38.5637875,False,
24972.0,person9,61.3204875,False,
24973.0,person2,63.9645625,False,
24973.0,person29,44.2799625,False,
24973.0,person41,38.8635,False,
24973.0,person50,46.4823125,False,
24973.0,person6,38.5636,False,
24973.0,person9,61.3723875,False,
24974.0,person2,63.9645625,False,
24974.0,person29,44.3318625,False,
24974.0,person41,38.8633125,False,
24974.0,person50,46.4823125,False,
24974.0,person6,38.563425,False,
24974.0,person9,61.4242875,False,
24975.0,person2,63.9645625,False,
24975.0,person29,44.3837625,False,
24975.0,person41,38.8631375,False,
24975.0,person50,46.4823125,False,
24975.0,person6,38.5632375,False,
24975.0,person9,61.4761875,False,
24976.0,person2,63.9645625,False,
24976.0,person29,44.4356625,False,
24976.0,person41,38.86295,False,
24976.0,person50,46.4823125,False,
24976.0,person6,38.56305,False,
24976.0,person9,61.5280875,False,
24977.0,person2,63.9645625,False,
24977.0,person29,44.4875625,False,
24977.0,person41,38.862775,False,
24977.0,person50,46.4823125,False,
24977.0,person6,38.562875,False,
24977.0,person9,61.5799875,False,
24978.0,person2,63.9645625,False,
24978.0,person29,44.5394625,False,
24978.0,person41,38.8625875,False,
24978.0,person50,46.4823125,False,
24978.0,person6,38.5626875,False,
24978.0,person9,61.6319,False,
24979.0,person2,63.9645625,False,
24979.0,person29,44.591362499999995,False,
24979.0,person41,38.8624,False,
24979.0,person50,46.4823125,False,
24979.0,person6,38.5625125,False,
24979.0,person9,61.6838,False,
24980.0,person2,63.9645625,False,
24980.0,person29,44.6432625,False,
24980.0,person41,38.862225,False,
24980.0,person50,46.4823125,False,
24980.0,person6,38.562325,False,
24980.0,person9,61.7357,False,
24981.0,person2,63.9645625,False,
24981.0,person29,44.695162499999995,False,
24981.0,person41,38.8620375,False,
24981.0,person50,46.4823125,False,
24981.0,person6,38.5621375,False,
24981.0,person9,61.7876,False,
24982.0,person2,63.9645625,False,
24982.0,person29,44.7470625,False,
24982.0,person41,38.86185,False,
24982.0,person50,46.4823125,False,
24982.0,person6,38.5619625,False,
24982.0,person9,61.8395,False,
24983.0,person2,63.9645625,False,
24983.0,person29,44.7989625,False,
24983.0,person41,38.861675,False,
24983.0,person50,46.4823125,False,
24983.0,person6,38.561775,False,
24983.0,person9,61.8914,False,
24984.0,person2,63.9645625,False,
24984.0,person29,44.8508625,False,
24984.0,person41,38.8614875,False,
24984.0,person50,46.4823125,False,
24984.0,person6,38.5615875,False,
24984.0,person9,61.9433,False,
24985.0,person2,63.9645625,False,
24985.0,person29,44.9027625,False,
24985.0,person41,38.8613125,False,
24985.0,person50,46.4823125,False,
24985.0,person6,38.5614125,False,
24985.0,person9,61.9952,False,
24986.0,person2,63.9645625,False,
24986.0,person29,44.954662500000005,False,
24986.0,person41,38.861125,False,
24986.0,person50,46.4823125,False,
24986.0,person6,38.561225,False,
24986.0,person9,62.0471,False,
24987.0,person2,63.9645625,False,
24987.0,person29,45.0065625,False,
24987.0,person41,38.8609375,False,
24987.0,person50,46.4823125,False,
24987.0,person6,38.56105,False,
24987.0,person9,62.099,False,
24988.0,person2,63.9645625,False,
24988.0,person29,45.0584625,False,
24988.0,person41,38.8607625,False,
24988.0,person50,46.4823125,False,
24988.0,person6,38.5608625,False,
24988.0,person9,62.1509,False,
24989.0,person2,63.9645625,False,
24989.0,person29,45.1103625,False,
24989.0,person41,38.860575,False,
24989.0,person50,46.4823125,False,
24989.0,person6,38.560675,False,
24989.0,person9,62.2028,False,
24990.0,person2,63.9645625,False,
24990.0,person29,45.1622625,False,
24990.0,person41,38.8604,False,
24990.0,person50,46.4823125,False,
24990.0,person6,38.5605,False,
24990.0,person9,62.2547,False,
24991.0,person2,63.9645625,False,
24991.0,person29,45.2141625,False,
24991.0,person41,38.8602125,False,
24991.0,person50,46.4823125,False,
24991.0,person6,38.5603125,False,
24991.0,person9,62.3066,False,
24992.0,person2,63.9645625,False,
24992.0,person29,45.2660625,False,
24992.0,person41,38.860025,False,
24992.0,person50,46.4823125,False,
24992.0,person6,38.5601375,False,
24992.0,person9,62.3585,False,
24993.0,person2,63.9645625,False,
24993.0,person29,45.31796250000001,False,
24993.0,person41,38.85985,False,
24993.0,person50,46.4823125,False,
24993.0,person6,38.55995,False,
24993.0,person9,62.4104,False,
24994.0,person2,63.9645625,False,
24994.0,person29,45.369875,False,
24994.0,person41,38.8596625,False,
24994.0,person50,46.4823125,False,
24994.0,person6,38.5597625,False,
24994.0,person9,62.4623,False,
24995.0,person2,63.9645625,False,
24995.0,person29,45.421775,False,
24995.0,person41,38.859475,False,
24995.0,person50,46.4823125,False,
24995.0,person6,38.5595875,False,
24995.0,person9,62.5142,False,
24996.0,person2,63.9645625,False,
24996.0,person29,45.473675,False,
24996.0,person41,38.8593,False,
24996.0,person50,46.4823125,False,
24996.0,person6,38.5594,False,
24996.0,person9,62.5661,False,
24997.0,person2,63.9645625,False,
24997.0,person29,45.525575,False,
24997.0,person41,38.8591125,False,
24997.0,person50,46.4823125,False,
24997.0,person6,38.5592125,False,
24997.0,person9,62.618,False,
24998.0,person2,63.9645625,False,
24998.0,person29,45.57747500000001,False,
24998.0,person41,38.8589375,False,
24998.0,person50,46.4823125,False,
24998.0,person6,38.5590375,False,
24998.0,person9,62.6699,False,
24999.0,person2,63.9645625,False,
24999.0,person29,45.629375,False,
24999.0,person41,38.85875,False,
24999.0,person50,46.4823125,False,
24999.0,person6,38.55885,False,
24999.0,person9,62.7218,False,
25000.0,person2,63.9645625,False,
25000.0,person29,45.68127499999999,False,
25000.0,person41,38.8585625,False,
25000.0,person50,46.4823125,False,
25000.0,person6,38.558675,False,
25000.0,person9,62.7737125,False,
25001.0,person2,63.9645625,False,
25001.0,person29,45.733175,False,
25001.0,person41,38.8583875,False,
25001.0,person50,46.4823125,False,
25001.0,person6,38.5584875,False,
25001.0,person9,62.8256125,False,
25002.0,person2,63.9645625,False,
25002.0,person29,45.785075,False,
25002.0,person41,38.8582,False,
25002.0,person50,46.4823125,False,
25002.0,person6,38.5583,False,
25002.0,person9,62.8775125,False,
25003.0,person2,63.9645625,False,
25003.0,person29,45.836975,False,
25003.0,person41,38.8580125,False,
25003.0,person50,46.4823125,False,
25003.0,person6,38.558125,False,
25003.0,person9,62.9294125,False,
25004.0,person2,63.9645625,False,
25004.0,person29,45.888875,False,
25004.0,person41,38.8578375,False,
25004.0,person50,46.4823125,False,
25004.0,person6,38.5579375,False,
25004.0,person9,62.9813125,False,
25005.0,person2,63.9645625,False,
25005.0,person29,45.94077500000001,False,
25005.0,person41,38.85765,False,
25005.0,person50,46.4823125,False,
25005.0,person6,38.55775,False,
25005.0,person9,63.0332125,False,
25006.0,person2,63.9645625,False,
25006.0,person29,45.992675,False,
25006.0,person41,38.857475,False,
25006.0,person50,46.4823125,False,
25006.0,person6,38.557575,False,
25006.0,person9,63.0851125,False,
25007.0,person2,63.9645625,False,
25007.0,person29,46.04457500000001,False,
25007.0,person41,38.8572875,False,
25007.0,person50,46.4823125,False,
25007.0,person6,38.5573875,False,
25007.0,person9,63.1370125,False,
25008.0,person2,63.9645625,False,
25008.0,person29,46.096475,False,
25008.0,person41,38.8571,False,
25008.0,person50,46.4823125,False,
25008.0,person6,38.5572125,False,
25008.0,person9,63.1889125,False,
25009.0,person2,63.9645625,False,
25009.0,person29,46.148374999999994,False,
25009.0,person41,38.856925,False,
25009.0,person50,46.4823125,False,
25009.0,person6,38.557025,False,
25009.0,person9,63.2408125,False,
25010.0,person2,63.9645625,False,
25010.0,person29,46.200275,False,
25010.0,person41,38.8567375,False,
25010.0,person50,46.4823125,False,
25010.0,person6,38.5568375,False,
25010.0,person9,63.2927125,False,
25011.0,person2,63.9645625,False,
25011.0,person29,46.252175,False,
25011.0,person41,38.85655,False,
25011.0,person50,46.4823125,False,
25011.0,person6,38.5566625,False,
25011.0,person9,63.3446125,False,
25012.0,person2,63.9645625,False,
25012.0,person29,46.304075,False,
25012.0,person41,38.856375,False,
25012.0,person50,46.4823125,False,
25012.0,person6,38.556475,False,
25012.0,person9,63.3965125,False,
25013.0,person2,63.9645625,False,
25013.0,person29,46.355975,False,
25013.0,person41,38.8561875,False,
25013.0,person50,46.4823125,False,
25013.0,person6,38.5563,False,
25013.0,person9,63.4484125,False,
25014.0,person2,63.9645625,False,
25014.0,person29,46.407875000000004,False,
25014.0,person41,38.8560125,False,
25014.0,person50,46.4823125,False,
25014.0,person6,38.5561125,False,
25014.0,person9,63.5003125,False,
25015.0,person2,63.9645625,False,
25015.0,person29,46.459775,False,
25015.0,person41,38.855825,False,
25015.0,person50,46.4823125,False,
25015.0,person6,38.555925,False,
25015.0,person9,63.5522125,False,
25016.0,person2,63.9645625,False,
25016.0,person29,46.5116875,False,
25016.0,person41,38.8556375,False,
25016.0,person50,46.4823125,False,
25016.0,person6,38.55575,False,
25016.0,person9,63.6041125,False,
25017.0,person2,63.9645625,False,
25017.0,person29,46.563587500000004,False,
25017.0,person41,38.8554625,False,
25017.0,person50,46.4823125,False,
25017.0,person6,38.5555625,False,
25017.0,person9,63.6560125,False,
25018.0,person2,63.9645625,False,
25018.0,person29,46.6154875,False,
25018.0,person41,38.855275,False,
25018.0,person50,46.4823125,False,
25018.0,person6,38.555375,False,
25018.0,person9,63.7079125,False,
25019.0,person2,63.9645625,False,
25019.0,person29,46.667387500000004,False,
25019.0,person41,38.8551,False,
25019.0,person50,46.4823125,False,
25019.0,person6,38.5552,False,
25019.0,person9,63.7598125,False,
25020.0,person2,63.9645625,False,
25020.0,person29,46.7192875,False,
25020.0,person41,38.8549125,False,
25020.0,person50,46.4823125,False,
25020.0,person6,38.5550125,False,
25020.0,person9,63.8117125,False,
25021.0,person2,63.9645625,False,
25021.0,person29,46.771187499999996,False,
25021.0,person41,38.854725,False,
25021.0,person50,46.4823125,False,
25021.0,person6,38.5548375,False,
25021.0,person9,63.863625,False,
25022.0,person2,63.9645625,False,
25022.0,person29,46.8230875,False,
25022.0,person41,38.85455,False,
25022.0,person50,46.4823125,False,
25022.0,person6,38.55465,False,
25022.0,person9,63.915525,False,
25023.0,person2,63.9645625,False,
25023.0,person29,46.8749875,False,
25023.0,person41,38.8543625,False,
25023.0,person50,46.4823125,False,
25023.0,person6,38.5544625,False,
25023.0,person9,63.967425,False,
25024.0,person2,63.9645625,False,
25024.0,person29,46.9268875,False,
25024.0,person41,38.854175,False,
25024.0,person50,46.4823125,False,
25024.0,person6,38.5542875,False,
25024.0,person9,64.019325,False,
25025.0,person2,63.9645625,False,
25025.0,person29,46.9787875,False,
25025.0,person41,38.854,False,
25025.0,person50,46.4823125,False,
25025.0,person6,38.5541,False,
25025.0,person9,64.071225,False,
25026.0,person2,63.9645625,False,
25026.0,person29,47.030687500000006,False,
25026.0,person41,38.8538125,False,
25026.0,person50,46.4823125,False,
25026.0,person6,38.5539125,False,
25026.0,person9,64.123125,False,
25027.0,person2,63.9645625,False,
25027.0,person29,47.0825875,False,
25027.0,person41,38.8536375,False,
25027.0,person50,46.4823125,False,
25027.0,person6,38.5537375,False,
25027.0,person9,64.175025,False,
25028.0,person2,63.9645625,False,
25028.0,person29,47.13448749999999,False,
25028.0,person41,38.85345,False,
25028.0,person50,46.4823125,False,
25028.0,person6,38.55355,False,
25028.0,person9,64.226925,False,
25029.0,person2,63.9645625,False,
25029.0,person29,47.1863875,False,
25029.0,person41,38.8532625,False,
25029.0,person50,46.4823125,False,
25029.0,person6,38.553375,False,
25029.0,person9,64.278825,False,
25030.0,person2,63.9645625,False,
25030.0,person29,47.23828749999999,False,
25030.0,person41,38.8530875,False,
25030.0,person50,46.4823125,False,
25030.0,person6,38.5531875,False,
25030.0,person9,64.330725,False,
25031.0,person2,63.9645625,False,
25031.0,person29,47.2901875,False,
25031.0,person41,38.8529,False,
25031.0,person50,46.4823125,False,
25031.0,person6,38.553,False,
25031.0,person9,64.382625,False,
25032.0,person2,63.9645625,False,
25032.0,person29,47.3420875,False,
25032.0,person41,38.8527125,False,
25032.0,person50,46.4823125,False,
25032.0,person6,38.552825,False,
25032.0,person9,64.434525,False,
25033.0,person2,63.9645625,False,
25033.0,person29,47.3939875,False,
25033.0,person41,38.8525375,False,
25033.0,person50,46.4823125,False,
25033.0,person6,38.5526375,False,
25033.0,person9,64.486425,False,
25034.0,person2,63.9645625,False,
25034.0,person29,47.4458875,False,
25034.0,person41,38.85235,False,
25034.0,person50,46.4823125,False,
25034.0,person6,38.55245,False,
25034.0,person9,64.538325,False,
25035.0,person2,63.9645625,False,
25035.0,person29,47.49778750000001,False,
25035.0,person41,38.852175,False,
25035.0,person50,46.4823125,False,
25035.0,person6,38.552275,False,
25035.0,person9,64.590225,False,
25036.0,person2,63.9645625,False,
25036.0,person29,47.5496875,False,
25036.0,person41,38.8519875,False,
25036.0,person50,46.4823125,False,
25036.0,person6,38.5520875,False,
25036.0,person9,64.642125,False,
25037.0,person2,63.9645625,False,
25037.0,person29,47.6016,False,
25037.0,person41,38.8518,False,
25037.0,person50,46.4823125,False,
25037.0,person6,38.5519125,False,
25037.0,person9,64.694025,False,
25038.0,person2,63.9645625,False,
25038.0,person29,47.65350000000001,False,
25038.0,person41,38.851625,False,
25038.0,person50,46.4823125,False,
25038.0,person6,38.551725,False,
25038.0,person9,64.745925,False,
25039.0,person2,63.9645625,False,
25039.0,person29,47.7054,False,
25039.0,person41,38.8514375,False,
25039.0,person50,46.4823125,False,
25039.0,person6,38.5515375,False,
25039.0,person9,64.797825,False,
25040.0,person2,63.9645625,False,
25040.0,person29,47.757299999999994,False,
25040.0,person41,38.8512625,False,
25040.0,person50,46.4823125,False,
25040.0,person6,38.5513625,False,
25040.0,person9,64.849725,False,
25041.0,person2,63.9645625,False,
25041.0,person29,47.8092,False,
25041.0,person41,38.851075,False,
25041.0,person50,46.4823125,False,
25041.0,person6,38.551175,False,
25041.0,person9,64.901625,False,
25042.0,person2,63.9645625,False,
25042.0,person29,47.86109999999999,False,
25042.0,person41,38.8508875,False,
25042.0,person50,46.4823125,False,
25042.0,person6,38.551,False,
25042.0,person9,64.9535375,False,
25043.0,person2,63.9645625,False,
25043.0,person29,47.913,False,
25043.0,person41,38.8507125,False,
25043.0,person50,46.4823125,False,
25043.0,person6,38.5508125,False,
25043.0,person9,65.0054375,False,
25044.0,person2,63.9645625,False,
25044.0,person29,47.9649,False,
25044.0,person41,38.850525,False,
25044.0,person50,46.4823125,False,
25044.0,person6,38.550625,False,
25044.0,person9,65.0573375,False,
25045.0,person2,63.9645625,False,
25045.0,person29,48.0168,False,
25045.0,person41,38.8503375,False,
25045.0,person50,46.4823125,False,
25045.0,person6,38.55045,False,
25045.0,person9,65.1092375,False,
25046.0,person2,63.9645625,False,
25046.0,person29,48.0687,False,
25046.0,person41,38.8501625,False,
25046.0,person50,46.4823125,False,
25046.0,person6,38.5502625,False,
25046.0,person9,65.1611375,False,
25047.0,person2,63.9645625,False,
25047.0,person29,48.1206,False,
25047.0,person41,38.849975,False,
25047.0,person50,46.4823125,False,
25047.0,person6,38.550075,False,
25047.0,person9,65.2130375,False,
25048.0,person2,63.9645625,False,
25048.0,person29,48.1725,False,
25048.0,person41,38.8498,False,
25048.0,person50,46.4823125,False,
25048.0,person6,38.5499,False,
25048.0,person9,65.2649375,False,
25049.0,person2,63.9645625,False,
25049.0,person29,48.224399999999996,False,
25049.0,person41,38.8496125,False,
25049.0,person50,46.4823125,False,
25049.0,person6,38.5497125,False,
25049.0,person9,65.3168375,False,
25050.0,person2,63.9645625,False,
25050.0,person29,48.2763,False,
25050.0,person41,38.849425,False,
25050.0,person50,46.4823125,False,
25050.0,person6,38.5495375,False,
25050.0,person9,65.3687375,False,
25051.0,person2,63.9645625,False,
25051.0,person29,48.3282,False,
25051.0,person41,38.84925,False,
25051.0,person50,46.4823125,False,
25051.0,person6,38.54935,False,
25051.0,person9,65.4206375,False,
25052.0,person2,63.9645625,False,
25052.0,person29,48.3801,False,
25052.0,person41,38.8490625,False,
25052.0,person50,46.4823125,False,
25052.0,person6,38.5491625,False,
25052.0,person9,65.4725375,False,
25053.0,person2,63.9645625,False,
25053.0,person29,48.432,False,
25053.0,person41,38.848875,False,
25053.0,person50,46.4823125,False,
25053.0,person6,38.5489875,False,
25053.0,person9,65.5244375,False,
25054.0,person2,63.9645625,False,
25054.0,person29,48.483900000000006,False,
25054.0,person41,38.8487,False,
25054.0,person50,46.4823125,False,
25054.0,person6,38.5488,False,
25054.0,person9,65.5763375,False,
25055.0,person2,63.9645625,False,
25055.0,person29,48.5358,False,
25055.0,person41,38.8485125,False,
25055.0,person50,46.4823125,False,
25055.0,person6,38.5486125,False,
25055.0,person9,65.6282375,False,
25056.0,person2,63.9645625,False,
25056.0,person29,48.587700000000005,False,
25056.0,person41,38.8483375,False,
25056.0,person50,46.4823125,False,
25056.0,person6,38.5484375,False,
25056.0,person9,65.6801375,False,
25057.0,person2,63.9645625,False,
25057.0,person29,48.6396,False,
25057.0,person41,38.84815,False,
25057.0,person50,46.4823125,False,
25057.0,person6,38.54825,False,
25057.0,person9,65.7320375,False,
25058.0,person2,63.9645625,False,
25058.0,person29,48.6915125,False,
25058.0,person41,38.8479625,False,
25058.0,person50,46.4823125,False,
25058.0,person6,38.548075,False,
25058.0,person9,65.7839375,False,
25059.0,person2,63.9645625,False,
25059.0,person29,48.743412500000005,False,
25059.0,person41,38.8477875,False,
25059.0,person50,46.4823125,False,
25059.0,person6,38.5478875,False,
25059.0,person9,65.8358375,False,
25060.0,person2,63.9645625,False,
25060.0,person29,48.7953125,False,
25060.0,person41,38.8476,False,
25060.0,person50,46.4823125,False,
25060.0,person6,38.5477,False,
25060.0,person9,65.8877375,False,
25061.0,person2,63.9645625,False,
25061.0,person29,48.8472125,False,
25061.0,person41,38.8474125,False,
25061.0,person50,46.4823125,False,
25061.0,person6,38.547525,False,
25061.0,person9,65.9396375,False,
25062.0,person2,63.9645625,False,
25062.0,person29,48.8991125,False,
25062.0,person41,38.8472375,False,
25062.0,person50,46.4823125,False,
25062.0,person6,38.5473375,False,
25062.0,person9,65.9915375,False,
25063.0,person2,63.9645625,False,
25063.0,person29,48.9510125,False,
25063.0,person41,38.84705,False,
25063.0,person50,46.4823125,False,
25063.0,person6,38.5471625,False,
25063.0,person9,66.0434375,False,
25064.0,person2,63.9645625,False,
25064.0,person29,49.0029125,False,
25064.0,person41,38.846875,False,
25064.0,person50,46.4823125,False,
25064.0,person6,38.546975,False,
25064.0,person9,66.09535,False,
25065.0,person2,63.9645625,False,
25065.0,person29,49.0548125,False,
25065.0,person41,38.8466875,False,
25065.0,person50,46.4823125,False,
25065.0,person6,38.5467875,False,
25065.0,person9,66.14725,False,
25066.0,person2,63.9645625,False,
25066.0,person29,49.10671250000001,False,
25066.0,person41,38.8465,False,
25066.0,person50,46.4823125,False,
25066.0,person6,38.5466125,False,
25066.0,person9,66.19915,False,
25067.0,person2,63.9645625,False,
25067.0,person29,49.1586125,False,
25067.0,person41,38.846325,False,
25067.0,person50,46.4823125,False,
25067.0,person6,38.546425,False,
25067.0,person9,66.25105,False,
25068.0,person2,63.9645625,False,
25068.0,person29,49.21051250000001,False,
25068.0,person41,38.8461375,False,
25068.0,person50,46.4823125,False,
25068.0,person6,38.5462375,False,
25068.0,person9,66.30295,False,
25069.0,person2,63.9645625,False,
25069.0,person29,49.2624125,False,
25069.0,person41,38.8459625,False,
25069.0,person50,46.4823125,False,
25069.0,person6,38.5460625,False,
25069.0,person9,66.35485,False,
25070.0,person2,63.9645625,False,
25070.0,person29,49.31431249999999,False,
25070.0,person41,38.845775,False,
25070.0,person50,46.4823125,False,
25070.0,person6,38.545875,False,
25070.0,person9,66.40675,False,
25071.0,person2,63.9645625,False,
25071.0,person29,49.3662125,False,
25071.0,person41,38.8455875,False,
25071.0,person50,46.4823125,False,
25071.0,person6,38.5457,False,
25071.0,person9,66.45865,False,
25072.0,person2,63.9645625,False,
25072.0,person29,49.4181125,False,
25072.0,person41,38.8454125,False,
25072.0,person50,46.4823125,False,
25072.0,person6,38.5455125,False,
25072.0,person9,66.51055,False,
25073.0,person2,63.9645625,False,
25073.0,person29,49.4700125,False,
25073.0,person41,38.845225,False,
25073.0,person50,46.4823125,False,
25073.0,person6,38.545325,False,
25073.0,person9,66.56245,False,
25074.0,person2,63.9645625,False,
25074.0,person29,49.5219125,False,
25074.0,person41,38.8450375,False,
25074.0,person50,46.4823125,False,
25074.0,person6,38.54515,False,
25074.0,person9,66.61435,False,
25075.0,person2,63.9645625,False,
25075.0,person29,49.5738125,False,
25075.0,person41,38.8448625,False,
25075.0,person50,46.4823125,False,
25075.0,person6,38.5449625,False,
25075.0,person9,66.66625,False,
25076.0,person2,63.9645625,False,
25076.0,person29,49.6257125,False,
25076.0,person41,38.844675,False,
25076.0,person50,46.4823125,False,
25076.0,person6,38.544775,False,
25076.0,person9,66.71815,False,
25077.0,person2,63.9645625,False,
25077.0,person29,49.677612499999995,False,
25077.0,person41,38.8445,False,
25077.0,person50,46.4823125,False,
25077.0,person6,38.5446,False,
25077.0,person9,66.77005,False,
25078.0,person2,63.9645625,False,
25078.0,person29,49.7295125,False,
25078.0,person41,38.8443125,False,
25078.0,person50,46.4823125,False,
25078.0,person6,38.5444125,False,
25078.0,person9,66.82195,False,
25079.0,person2,63.9645625,False,
25079.0,person29,49.781412499999995,False,
25079.0,person41,38.844125,False,
25079.0,person50,46.4823125,False,
25079.0,person6,38.5442375,False,
25079.0,person9,66.87385,False,
25080.0,person2,63.9645625,False,
25080.0,person29,49.83332500000001,False,
25080.0,person41,38.84395,False,
25080.0,person50,46.4823125,False,
25080.0,person6,38.54405,False,
25080.0,person9,66.92575,False,
25081.0,person2,63.9645625,False,
25081.0,person29,49.885225,False,
25081.0,person41,38.8437625,False,
25081.0,person50,46.4823125,False,
25081.0,person6,38.5438625,False,
25081.0,person9,66.97765,False,
25082.0,person2,63.9645625,False,
25082.0,person29,49.937124999999995,False,
25082.0,person41,38.843575,False,
25082.0,person50,46.4823125,False,
25082.0,person6,38.5436875,False,
25082.0,person9,67.02955,False,
25083.0,person2,63.9645625,False,
25083.0,person29,49.989025,False,
25083.0,person41,38.8434,False,
25083.0,person50,46.4823125,False,
25083.0,person6,38.5435,False,
25083.0,person9,67.08145,False,
25084.0,person2,63.9645625,False,
25084.0,person29,50.040925,False,
25084.0,person41,38.8432125,False,
25084.0,person50,46.4823125,False,
25084.0,person6,38.5433125,False,
25084.0,person9,67.13335,False,
25085.0,person2,63.9645625,False,
25085.0,person29,50.092825,False,
25085.0,person41,38.8430375,False,
25085.0,person50,46.4823125,False,
25085.0,person6,38.5431375,False,
25085.0,person9,67.1852625,False,
25086.0,person2,63.9645625,False,
25086.0,person29,50.144725,False,
25086.0,person41,38.84285,False,
25086.0,person50,46.4823125,False,
25086.0,person6,38.54295,False,
25086.0,person9,67.2371625,False,
25087.0,person2,63.9645625,False,
25087.0,person29,50.196625000000004,False,
25087.0,person41,38.8426625,False,
25087.0,person50,46.4823125,False,
25087.0,person6,38.542775,False,
25087.0,person9,67.2890625,False,
25088.0,person2,63.9645625,False,
25088.0,person29,50.248525,False,
25088.0,person41,38.8424875,False,
25088.0,person50,46.4823125,False,
25088.0,person6,38.5425875,False,
25088.0,person9,67.3409625,False,
25089.0,person2,63.9645625,False,
25089.0,person29,50.300425,False,
25089.0,person41,38.8423,False,
25089.0,person50,46.4823125,False,
25089.0,person6,38.5424,False,
25089.0,person9,67.3928625,False,
25090.0,person2,63.9645625,False,
25090.0,person29,50.352325,False,
25090.0,person41,38.842125,False,
25090.0,person50,46.4823125,False,
25090.0,person6,38.542225,False,
25090.0,person9,67.4447625,False,
25091.0,person2,63.9645625,False,
25091.0,person29,50.404225,False,
25091.0,person41,38.8419375,False,
25091.0,person50,46.4823125,False,
25091.0,person6,38.5420375,False,
25091.0,person9,67.4966625,False,
25092.0,person2,63.9645625,False,
25092.0,person29,50.456125,False,
25092.0,person41,38.84175,False,
25092.0,person50,46.4823125,False,
25092.0,person6,38.5418625,False,
25092.0,person9,67.5485625,False,
25093.0,person2,63.9645625,False,
25093.0,person29,50.508025,False,
25093.0,person41,38.841575,False,
25093.0,person50,46.4823125,False,
25093.0,person6,38.541675,False,
25093.0,person9,67.6004625,False,
25094.0,person2,63.9645625,False,
25094.0,person29,50.559925,False,
25094.0,person41,38.8413875,False,
25094.0,person50,46.4823125,False,
25094.0,person6,38.5414875,False,
25094.0,person9,67.6523625,False,
25095.0,person2,63.9645625,False,
25095.0,person29,50.611825,False,
25095.0,person41,38.8412,False,
25095.0,person50,46.4823125,False,
25095.0,person6,38.5413125,False,
25095.0,person9,67.7042625,False,
25096.0,person2,63.9645625,False,
25096.0,person29,50.66372500000001,False,
25096.0,person41,38.841025,False,
25096.0,person50,46.4823125,False,
25096.0,person6,38.541125,False,
25096.0,person9,67.7561625,False,
25097.0,person2,63.9645625,False,
25097.0,person29,50.715625,False,
25097.0,person41,38.8408375,False,
25097.0,person50,46.4823125,False,
25097.0,person6,38.5409375,False,
25097.0,person9,67.8080625,False,
25098.0,person2,63.9645625,False,
25098.0,person29,50.76752499999999,False,
25098.0,person41,38.8406625,False,
25098.0,person50,46.4823125,False,
25098.0,person6,38.5407625,False,
25098.0,person9,67.8599625,False,
25099.0,person2,63.9645625,False,
25099.0,person29,50.819425,False,
25099.0,person41,38.840475,False,
25099.0,person50,46.4823125,False,
25099.0,person6,38.540575,False,
25099.0,person9,67.9118625,False,
25100.0,person2,63.9645625,False,
25100.0,person29,50.871325,False,
25100.0,person41,38.8402875,False,
25100.0,person50,46.4823125,False,
25100.0,person6,38.5404,False,
25100.0,person9,67.9637625,False,
25101.0,person2,63.9645625,False,
25101.0,person29,50.92323749999999,False,
25101.0,person41,38.8401125,False,
25101.0,person50,46.4823125,False,
25101.0,person6,38.5402125,False,
25101.0,person9,68.0156625,False,
25102.0,person2,63.9645625,False,
25102.0,person29,50.9751375,False,
25102.0,person41,38.839925,False,
25102.0,person50,46.4823125,False,
25102.0,person6,38.540025,False,
25102.0,person9,68.0675625,False,
25103.0,person2,63.9645625,False,
25103.0,person29,51.02703749999999,False,
25103.0,person41,38.8397375,False,
25103.0,person50,46.4823125,False,
25103.0,person6,38.53985,False,
25103.0,person9,68.1194625,False,
25104.0,person2,63.9645625,False,
25104.0,person29,51.0789375,False,
25104.0,person41,38.8395625,False,
25104.0,person50,46.4823125,False,
25104.0,person6,38.5396625,False,
25104.0,person9,68.1713625,False,
25105.0,person2,63.9645625,False,
25105.0,person29,51.1308375,False,
25105.0,person41,38.839375,False,
25105.0,person50,46.4823125,False,
25105.0,person6,38.539475,False,
25105.0,person9,68.2232625,False,
25106.0,person2,63.9645625,False,
25106.0,person29,51.1827375,False,
25106.0,person41,38.8392,False,
25106.0,person50,46.4823125,False,
25106.0,person6,38.5393,False,
25106.0,person9,68.2751625,False,
25107.0,person2,63.9645625,False,
25107.0,person29,51.2346375,False,
25107.0,person41,38.8390125,False,
25107.0,person50,46.4823125,False,
25107.0,person6,38.5391125,False,
25107.0,person9,68.327075,False,
25108.0,person2,63.9645625,False,
25108.0,person29,51.28653750000001,False,
25108.0,person41,38.838825,False,
25108.0,person50,46.4823125,False,
25108.0,person6,38.5389375,False,
25108.0,person9,68.378975,False,
25109.0,person2,63.9645625,False,
25109.0,person29,51.3384375,False,
25109.0,person41,38.83865,False,
25109.0,person50,46.4823125,False,
25109.0,person6,38.53875,False,
25109.0,person9,68.430875,False,
25110.0,person2,63.9645625,False,
25110.0,person29,51.390337499999994,False,
25110.0,person41,38.8384625,False,
25110.0,person50,46.4823125,False,
25110.0,person6,38.5385625,False,
25110.0,person9,68.482775,False,
25111.0,person2,63.9645625,False,
25111.0,person29,51.4422375,False,
25111.0,person41,38.8382875,False,
25111.0,person50,46.4823125,False,
25111.0,person6,38.5383875,False,
25111.0,person9,68.534675,False,
25112.0,person2,63.9645625,False,
25112.0,person29,51.4941375,False,
25112.0,person41,38.8381,False,
25112.0,person50,46.4823125,False,
25112.0,person6,38.5382,False,
25112.0,person9,68.586575,False,
25113.0,person2,63.9645625,False,
25113.0,person29,51.5460375,False,
25113.0,person41,38.8379125,False,
25113.0,person50,46.4823125,False,
25113.0,person6,38.538025,False,
25113.0,person9,68.638475,False,
25114.0,person2,63.9645625,False,
25114.0,person29,51.5979375,False,
25114.0,person41,38.8377375,False,
25114.0,person50,46.4823125,False,
25114.0,person6,38.5378375,False,
25114.0,person9,68.690375,False,
25115.0,person2,63.9645625,False,
25115.0,person29,51.649837500000004,False,
25115.0,person41,38.83755,False,
25115.0,person50,46.4823125,False,
25115.0,person6,38.53765,False,
25115.0,person9,68.742275,False,
25116.0,person2,63.9645625,False,
25116.0,person29,51.7017375,False,
25116.0,person41,38.8373625,False,
25116.0,person50,46.4823125,False,
25116.0,person6,38.537475,False,
25116.0,person9,68.794175,False,
25117.0,person2,63.9645625,False,
25117.0,person29,51.7536375,False,
25117.0,person41,38.8371875,False,
25117.0,person50,46.4823125,False,
25117.0,person6,38.5372875,False,
25117.0,person9,68.846075,False,
25118.0,person2,63.9645625,False,
25118.0,person29,51.8055375,False,
25118.0,person41,38.837,False,
25118.0,person50,46.4823125,False,
25118.0,person6,38.5371,False,
25118.0,person9,68.897975,False,
25119.0,person2,63.9645625,False,
25119.0,person29,51.857437499999996,False,
25119.0,person41,38.836825,False,
25119.0,person50,46.4823125,False,
25119.0,person6,38.536925,False,
25119.0,person9,68.949875,False,
25120.0,person2,63.9645625,False,
25120.0,person29,51.9093375,False,
25120.0,person41,38.8366375,False,
25120.0,person50,46.4823125,False,
25120.0,person6,38.5367375,False,
25120.0,person9,69.001775,False,
25121.0,person2,63.9645625,False,
25121.0,person29,51.9612375,False,
25121.0,person41,38.83645,False,
25121.0,person50,46.4823125,False,
25121.0,person6,38.5365625,False,
25121.0,person9,69.053675,False,
25122.0,person2,63.9645625,False,
25122.0,person29,52.0131375,False,
25122.0,person41,38.836275,False,
25122.0,person50,46.4823125,False,
25122.0,person6,38.536375,False,
25122.0,person9,69.105575,False,
25123.0,person2,63.9645625,False,
25123.0,person29,52.06505,False,
25123.0,person41,38.8360875,False,
25123.0,person50,46.4823125,False,
25123.0,person6,38.5361875,False,
25123.0,person9,69.157475,False,
25124.0,person2,63.9645625,False,
25124.0,person29,52.11695,False,
25124.0,person41,38.8359,False,
25124.0,person50,46.4823125,False,
25124.0,person6,38.5360125,False,
25124.0,person9,69.209375,False,
25125.0,person2,63.9645625,False,
25125.0,person29,52.16885,False,
25125.0,person41,38.835725,False,
25125.0,person50,46.4823125,False,
25125.0,person6,38.535825,False,
25125.0,person9,69.261275,False,
25126.0,person2,63.9645625,False,
25126.0,person29,52.22075,False,
25126.0,person41,38.8355375,False,
25126.0,person50,46.4823125,False,
25126.0,person6,38.5356375,False,
25126.0,person9,69.313175,False,
25127.0,person2,63.9645625,False,
25127.0,person29,52.272650000000006,False,
25127.0,person41,38.8353625,False,
25127.0,person50,46.4823125,False,
25127.0,person6,38.5354625,False,
25127.0,person9,69.365075,False,
25128.0,person2,63.9645625,False,
25128.0,person29,52.32455,False,
25128.0,person41,38.835175,False,
25128.0,person50,46.4823125,False,
25128.0,person6,38.535275,False,
25128.0,person9,69.4169875,False,
25129.0,person2,63.9645625,False,
25129.0,person29,52.376450000000006,False,
25129.0,person41,38.8349875,False,
25129.0,person50,46.4823125,False,
25129.0,person6,38.5351,False,
25129.0,person9,69.4688875,False,
25130.0,person2,63.9645625,False,
25130.0,person29,52.42835,False,
25130.0,person41,38.8348125,False,
25130.0,person50,46.4823125,False,
25130.0,person6,38.5349125,False,
25130.0,person9,69.5207875,False,
25131.0,person2,63.9645625,False,
25131.0,person29,52.48025,False,
25131.0,person41,38.834625,False,
25131.0,person50,46.4823125,False,
25131.0,person6,38.5868125,False,
25131.0,person9,69.5726875,False,
25132.0,person2,63.9645625,False,
25132.0,person29,52.53215,False,
25132.0,person41,38.8344375,False,
25132.0,person50,46.4823125,False,
25132.0,person6,38.6387125,False,
25132.0,person9,69.6245875,False,
25133.0,person2,63.9645625,False,
25133.0,person29,52.58405,False,
25133.0,person41,38.8342625,False,
25133.0,person50,46.4823125,False,
25133.0,person6,38.6906125,False,
25133.0,person9,69.6764875,False,
25134.0,person2,63.9645625,False,
25134.0,person29,52.63595,False,
25134.0,person41,38.834075,False,
25134.0,person50,46.4823125,False,
25134.0,person6,38.7425125,False,
25134.0,person9,69.7283875,False,
25135.0,person2,63.9645625,False,
25135.0,person29,52.68785,False,
25135.0,person41,38.8339,False,
25135.0,person50,46.4823125,False,
25135.0,person6,38.7944125,False,
25135.0,person9,69.7802875,False,
25136.0,person2,63.9645625,False,
25136.0,person29,52.73975,False,
25136.0,person41,38.8337125,False,
25136.0,person50,46.4823125,False,
25136.0,person6,38.8463125,False,
25136.0,person9,69.8321875,False,
25137.0,person2,63.9645625,False,
25137.0,person29,52.79165,False,
25137.0,person41,38.833525,False,
25137.0,person50,46.4823125,False,
25137.0,person6,38.8982125,False,
25137.0,person9,69.8840875,False,
25138.0,person2,63.9645625,False,
25138.0,person29,52.84355,False,
25138.0,person41,38.83335,False,
25138.0,person50,46.4823125,False,
25138.0,person6,38.9501125,False,
25138.0,person9,69.9359875,False,
25139.0,person2,63.9645625,False,
25139.0,person29,52.89545,False,
25139.0,person41,38.8331625,False,
25139.0,person50,46.4823125,False,
25139.0,person6,39.0020125,False,
25139.0,person9,69.9878875,False,
25140.0,person2,63.9645625,False,
25140.0,person29,52.94735,False,
25140.0,person41,38.8329875,False,
25140.0,person50,46.4823125,False,
25140.0,person6,39.0539125,False,
25140.0,person9,70.0397875,False,
25141.0,person2,63.9645625,False,
25141.0,person29,52.99925,False,
25141.0,person41,38.8328,False,
25141.0,person50,46.4823125,False,
25141.0,person6,39.1058125,False,
25141.0,person9,70.0916875,False,
25142.0,person2,63.9645625,False,
25142.0,person29,53.05115,False,
25142.0,person41,38.8326125,False,
25142.0,person50,46.4823125,False,
25142.0,person6,39.157725,False,
25142.0,person9,70.1435875,False,
25143.0,person2,63.9645625,False,
25143.0,person29,53.10305,False,
25143.0,person41,38.8324375,False,
25143.0,person50,46.4823125,False,
25143.0,person6,39.209625,False,
25143.0,person9,70.1954875,False,
25144.0,person2,63.9645625,False,
25144.0,person29,53.1549625,False,
25144.0,person41,38.83225,False,
25144.0,person50,46.4823125,False,
25144.0,person6,39.261525,False,
25144.0,person9,70.2473875,False,
25145.0,person2,63.9645625,False,
25145.0,person29,53.2068625,False,
25145.0,person41,38.8320625,False,
25145.0,person50,46.4823125,False,
25145.0,person6,39.313425,False,
25145.0,person9,70.2992875,False,
25146.0,person2,63.9645625,False,
25146.0,person29,53.2587625,False,
25146.0,person41,38.8318875,False,
25146.0,person50,46.4823125,False,
25146.0,person6,39.365325,False,
25146.0,person9,70.3511875,False,
25147.0,person2,63.9645625,False,
25147.0,person29,53.3106625,False,
25147.0,person41,38.8317,False,
25147.0,person50,46.4823125,False,
25147.0,person6,39.417225,False,
25147.0,person9,70.4030875,False,
25148.0,person2,63.9645625,False,
25148.0,person29,53.3625625,False,
25148.0,person41,38.831525,False,
25148.0,person50,46.4823125,False,
25148.0,person6,39.469125,False,
25148.0,person9,70.4549875,False,
25149.0,person2,63.9645625,False,
25149.0,person29,53.4144625,False,
25149.0,person41,38.8313375,False,
25149.0,person50,46.4823125,False,
25149.0,person6,39.521025,False,
25149.0,person9,70.5069,False,
25150.0,person2,63.9645625,False,
25150.0,person29,53.4663625,False,
25150.0,person41,38.83115,False,
25150.0,person50,46.4823125,False,
25150.0,person6,39.572925,False,
25150.0,person9,70.5588,False,
25151.0,person2,63.9645625,False,
25151.0,person29,53.5182625,False,
25151.0,person41,38.830975,False,
25151.0,person50,46.4823125,False,
25151.0,person6,39.624825,False,
25151.0,person9,70.6107,False,
25152.0,person2,63.9645625,False,
25152.0,person29,53.5701625,False,
25152.0,person41,38.8307875,False,
25152.0,person50,46.4823125,False,
25152.0,person6,39.676725,False,
25152.0,person9,70.6626,False,
25153.0,person2,63.9645625,False,
25153.0,person29,53.6220625,False,
25153.0,person41,38.8306,False,
25153.0,person50,46.4823125,False,
25153.0,person6,39.728625,False,
25153.0,person9,70.7145,False,
25154.0,person2,63.9645625,False,
25154.0,person29,53.6739625,False,
25154.0,person41,38.830425,False,
25154.0,person50,46.4823125,False,
25154.0,person6,39.780525,False,
25154.0,person9,70.7664,False,
25155.0,person2,63.9645625,False,
25155.0,person29,53.7258625,False,
25155.0,person41,38.8302375,False,
25155.0,person50,46.4823125,False,
25155.0,person6,39.832425,False,
25155.0,person9,70.8183,False,
25156.0,person2,63.9645625,False,
25156.0,person29,53.7777625,False,
25156.0,person41,38.8300625,False,
25156.0,person50,46.4823125,False,
25156.0,person6,39.884325,False,
25156.0,person9,70.8702,False,
25157.0,person2,63.9645625,False,
25157.0,person29,53.8296625,False,
25157.0,person41,38.829875,False,
25157.0,person50,46.4823125,False,
25157.0,person6,39.936225,False,
25157.0,person9,70.9221,False,
25158.0,person2,63.9645625,False,
25158.0,person29,53.8815625,False,
25158.0,person41,38.8296875,False,
25158.0,person50,46.4823125,False,
25158.0,person6,39.988125,False,
25158.0,person9,70.974,False,
25159.0,person2,63.9645625,False,
25159.0,person29,53.9334625,False,
25159.0,person41,38.8295125,False,
25159.0,person50,46.4823125,False,
25159.0,person6,40.040025,False,
25159.0,person9,71.0259,False,
25160.0,person2,63.9645625,False,
25160.0,person29,53.9853625,False,
25160.0,person41,38.829325,False,
25160.0,person50,46.4823125,False,
25160.0,person6,40.091925,False,
25160.0,person9,71.0778,False,
25161.0,person2,63.9645625,False,
25161.0,person29,54.0372625,False,
25161.0,person41,38.82915,False,
25161.0,person50,46.4823125,False,
25161.0,person6,40.143825,False,
25161.0,person9,71.1297,False,
25162.0,person2,63.9645625,False,
25162.0,person29,54.0891625,False,
25162.0,person41,38.8289625,False,
25162.0,person50,46.4823125,False,
25162.0,person6,40.195725,False,
25162.0,person9,71.1816,False,
25163.0,person2,63.9645625,False,
25163.0,person29,54.1410625,False,
25163.0,person41,38.828775,False,
25163.0,person50,46.4823125,False,
25163.0,person6,40.2476375,False,
25163.0,person9,71.2335,False,
25164.0,person2,63.9645625,False,
25164.0,person29,54.1929625,False,
25164.0,person41,38.8286,False,
25164.0,person50,46.4823125,False,
25164.0,person6,40.2995375,False,
25164.0,person9,71.2854,False,
25165.0,person2,63.9645625,False,
25165.0,person29,54.244875,False,
25165.0,person41,38.8284125,False,
25165.0,person50,46.4823125,False,
25165.0,person6,40.3514375,False,
25165.0,person9,71.3373,False,
25166.0,person2,63.9645625,False,
25166.0,person29,54.296775,False,
25166.0,person41,38.828225,False,
25166.0,person50,46.4823125,False,
25166.0,person6,40.4033375,False,
25166.0,person9,71.3892,False,
25167.0,person2,63.9645625,False,
25167.0,person29,54.348675,False,
25167.0,person41,38.82805,False,
25167.0,person50,46.4823125,False,
25167.0,person6,40.4552375,False,
25167.0,person9,71.4411,False,
25168.0,person2,63.9645625,False,
25168.0,person29,54.400575,False,
25168.0,person41,38.8278625,False,
25168.0,person50,46.4823125,False,
25168.0,person6,40.5071375,False,
25168.0,person9,71.493,False,
25169.0,person2,63.9645625,False,
25169.0,person29,54.452475,False,
25169.0,person41,38.8276875,False,
25169.0,person50,46.4823125,False,
25169.0,person6,40.5590375,False,
25169.0,person9,71.5449,False,
25170.0,person2,63.9645625,False,
25170.0,person29,54.504375,False,
25170.0,person41,38.8275,False,
25170.0,person50,46.4823125,False,
25170.0,person6,40.6109375,False,
25170.0,person9,71.5968,False,
25171.0,person2,63.9645625,False,
25171.0,person29,54.556275,False,
25171.0,person41,38.8273125,False,
25171.0,person50,46.4823125,False,
25171.0,person6,40.6628375,False,
25171.0,person9,71.6487125,False,
25172.0,person2,63.9645625,False,
25172.0,person29,54.608175,False,
25172.0,person41,38.8271375,False,
25172.0,person50,46.4823125,False,
25172.0,person6,40.7147375,False,
25172.0,person9,71.7006125,False,
25173.0,person2,63.9645625,False,
25173.0,person29,54.660075,False,
25173.0,person41,38.82695,False,
25173.0,person50,46.4823125,False,
25173.0,person6,40.7666375,False,
25173.0,person9,71.7525125,False,
25174.0,person2,63.9645625,False,
25174.0,person29,54.711975,False,
25174.0,person41,38.8267625,False,
25174.0,person50,46.4823125,False,
25174.0,person6,40.8185375,False,
25174.0,person9,71.8044125,False,
25175.0,person2,63.9645625,False,
25175.0,person29,54.763875,False,
25175.0,person41,38.8265875,False,
25175.0,person50,46.4823125,False,
25175.0,person6,40.8704375,False,
25175.0,person9,71.8563125,False,
25176.0,person2,63.9645625,False,
25176.0,person29,54.815775,False,
25176.0,person41,38.8264,False,
25176.0,person50,46.4823125,False,
25176.0,person6,40.9223375,False,
25176.0,person9,71.9082125,False,
25177.0,person2,63.9645625,False,
25177.0,person29,54.867675,False,
25177.0,person41,38.826225,False,
25177.0,person50,46.4823125,False,
25177.0,person6,40.9742375,False,
25177.0,person9,71.9601125,False,
25178.0,person2,63.9645625,False,
25178.0,person29,54.919575,False,
25178.0,person41,38.8260375,False,
25178.0,person50,46.4823125,False,
25178.0,person6,41.026137500000004,False,
25178.0,person9,72.0120125,False,
25179.0,person2,63.9645625,False,
25179.0,person29,54.971475,False,
25179.0,person41,38.82585,False,
25179.0,person50,46.4823125,False,
25179.0,person6,41.0780375,False,
25179.0,person9,72.0639125,False,
25180.0,person2,63.9645625,False,
25180.0,person29,55.023375,False,
25180.0,person41,38.825675,False,
25180.0,person50,46.4823125,False,
25180.0,person6,41.1299375,False,
25180.0,person9,72.1158125,False,
25181.0,person2,63.9645625,False,
25181.0,person29,55.075275,False,
25181.0,person41,38.8254875,False,
25181.0,person50,46.4823125,False,
25181.0,person6,41.1818375,False,
25181.0,person9,72.1677125,False,
25182.0,person2,63.9645625,False,
25182.0,person29,55.127175,False,
25182.0,person41,38.8253,False,
25182.0,person50,46.4823125,False,
25182.0,person6,41.2337375,False,
25182.0,person9,72.2196125,False,
25183.0,person2,63.9645625,False,
25183.0,person29,55.179075,False,
25183.0,person41,38.825125,False,
25183.0,person50,46.4823125,False,
25183.0,person6,41.2856375,False,
25183.0,person9,72.2715125,False,
25184.0,person2,63.9645625,False,
25184.0,person29,55.230975,False,
25184.0,person41,38.8249375,False,
25184.0,person50,46.4823125,False,
25184.0,person6,41.33755,False,
25184.0,person9,72.3234125,False,
25185.0,person2,63.9645625,False,
25185.0,person29,55.282875,False,
25185.0,person41,38.8247625,False,
25185.0,person50,46.4823125,False,
25185.0,person6,41.38945,False,
25185.0,person9,72.3753125,False,
25186.0,person2,63.9645625,False,
25186.0,person29,55.334775,False,
25186.0,person41,38.824575,False,
25186.0,person50,46.4823125,False,
25186.0,person6,41.44135,False,
25186.0,person9,72.4272125,False,
25187.0,person2,63.9645625,False,
25187.0,person29,55.3866875,False,
25187.0,person41,38.8243875,False,
25187.0,person50,46.4823125,False,
25187.0,person6,41.49325,False,
25187.0,person9,72.4791125,False,
25188.0,person2,63.9645625,False,
25188.0,person29,55.4385875,False,
25188.0,person41,38.8242125,False,
25188.0,person50,46.4823125,False,
25188.0,person6,41.54515000000001,False,
25188.0,person9,72.5310125,False,
25189.0,person2,63.9645625,False,
25189.0,person29,55.4904875,False,
25189.0,person41,38.824025,False,
25189.0,person50,46.4823125,False,
25189.0,person6,41.59705,False,
25189.0,person9,72.5829125,False,
25190.0,person2,63.9645625,False,
25190.0,person29,55.5423875,False,
25190.0,person41,38.82385,False,
25190.0,person50,46.4823125,False,
25190.0,person6,41.648950000000006,False,
25190.0,person9,72.6348125,False,
25191.0,person2,63.9645625,False,
25191.0,person29,55.5942875,False,
25191.0,person41,38.8236625,False,
25191.0,person50,46.4823125,False,
25191.0,person6,41.70085,False,
25191.0,person9,72.6867125,False,
25192.0,person2,63.9645625,False,
25192.0,person29,55.6461875,False,
25192.0,person41,38.823475,False,
25192.0,person50,46.4823125,False,
25192.0,person6,41.75274999999999,False,
25192.0,person9,72.738625,False,
25193.0,person2,63.9645625,False,
25193.0,person29,55.6980875,False,
25193.0,person41,38.8233,False,
25193.0,person50,46.4823125,False,
25193.0,person6,41.80465,False,
25193.0,person9,72.790525,False,
25194.0,person2,63.9645625,False,
25194.0,person29,55.7499875,False,
25194.0,person41,38.8231125,False,
25194.0,person50,46.4823125,False,
25194.0,person6,41.85655,False,
25194.0,person9,72.842425,False,
25195.0,person2,63.9645625,False,
25195.0,person29,55.8018875,False,
25195.0,person41,38.822925,False,
25195.0,person50,46.4823125,False,
25195.0,person6,41.90845,False,
25195.0,person9,72.894325,False,
25196.0,person2,63.9645625,False,
25196.0,person29,55.8537875,False,
25196.0,person41,38.82275,False,
25196.0,person50,46.4823125,False,
25196.0,person6,41.96035,False,
25196.0,person9,72.946225,False,
25197.0,person2,63.9645625,False,
25197.0,person29,55.9056875,False,
25197.0,person41,38.8225625,False,
25197.0,person50,46.4823125,False,
25197.0,person6,42.01225000000001,False,
25197.0,person9,72.998125,False,
25198.0,person2,63.9645625,False,
25198.0,person29,55.9575875,False,
25198.0,person41,38.8223875,False,
25198.0,person50,46.4823125,False,
25198.0,person6,42.06415,False,
25198.0,person9,73.050025,False,
25199.0,person2,63.9645625,False,
25199.0,person29,56.0094875,False,
25199.0,person41,38.8222,False,
25199.0,person50,46.4823125,False,
25199.0,person6,42.116049999999994,False,
25199.0,person9,73.101925,False,
25200.0,person2,63.9645625,False,
25200.0,person29,56.0613875,False,
25200.0,person41,38.8220125,False,
25200.0,person50,46.4823125,False,
25200.0,person6,42.16795,False,
25200.0,person9,73.153825,False,
25201.0,person2,63.9645625,False,
25201.0,person29,56.1132875,False,
25201.0,person41,38.8218375,False,
25201.0,person50,46.4823125,False,
25201.0,person6,42.219849999999994,False,
25201.0,person9,73.205725,False,
25202.0,person2,63.9645625,False,
25202.0,person29,56.1651875,False,
25202.0,person41,38.82165,False,
25202.0,person50,46.4823125,False,
25202.0,person6,42.27175,False,
25202.0,person9,73.257625,False,
25203.0,person2,63.9645625,False,
25203.0,person29,56.2170875,False,
25203.0,person41,38.8214625,False,
25203.0,person50,46.4823125,False,
25203.0,person6,42.32365,False,
25203.0,person9,73.309525,False,
25204.0,person2,63.9645625,False,
25204.0,person29,56.2689875,False,
25204.0,person41,38.8212875,False,
25204.0,person50,46.4823125,False,
25204.0,person6,42.37555,False,
25204.0,person9,73.361425,False,
25205.0,person2,63.9645625,False,
25205.0,person29,56.3208875,False,
25205.0,person41,38.8211,False,
25205.0,person50,46.4823125,False,
25205.0,person6,42.42745,False,
25205.0,person9,73.413325,False,
25206.0,person2,63.9645625,False,
25206.0,person29,56.3727875,False,
25206.0,person41,38.820925,False,
25206.0,person50,46.4823125,False,
25206.0,person6,42.4793625,False,
25206.0,person9,73.465225,False,
25207.0,person2,63.9645625,False,
25207.0,person29,56.4246875,False,
25207.0,person41,38.8207375,False,
25207.0,person50,46.4823125,False,
25207.0,person6,42.5312625,False,
25207.0,person9,73.517125,False,
25208.0,person2,63.9645625,False,
25208.0,person29,56.4766,False,
25208.0,person41,38.82055,False,
25208.0,person50,46.4823125,False,
25208.0,person6,42.5831625,False,
25208.0,person9,73.569025,False,
25209.0,person2,63.9645625,False,
25209.0,person29,56.5285,False,
25209.0,person41,38.820375,False,
25209.0,person50,46.4823125,False,
25209.0,person6,42.635062500000004,False,
25209.0,person9,73.620925,False,
25210.0,person2,63.9645625,False,
25210.0,person29,56.5804,False,
25210.0,person41,38.8201875,False,
25210.0,person50,46.4823125,False,
25210.0,person6,42.6869625,False,
25210.0,person9,73.672825,False,
25211.0,person2,63.9645625,False,
25211.0,person29,56.6323,False,
25211.0,person41,38.8200125,False,
25211.0,person50,46.4823125,False,
25211.0,person6,42.738862499999996,False,
25211.0,person9,73.724725,False,
25212.0,person2,63.9645625,False,
25212.0,person29,56.6842,False,
25212.0,person41,38.819825,False,
25212.0,person50,46.4823125,False,
25212.0,person6,42.7907625,False,
25212.0,person9,73.776625,False,
25213.0,person2,63.9645625,False,
25213.0,person29,56.7361,False,
25213.0,person41,38.8196375,False,
25213.0,person50,46.4823125,False,
25213.0,person6,42.842662499999996,False,
25213.0,person9,73.8285375,False,
25214.0,person2,63.9645625,False,
25214.0,person29,56.788,False,
25214.0,person41,38.8194625,False,
25214.0,person50,46.4823125,False,
25214.0,person6,42.8945625,False,
25214.0,person9,73.8804375,False,
25215.0,person2,63.9645625,False,
25215.0,person29,56.8399,False,
25215.0,person41,38.819275,False,
25215.0,person50,46.4823125,False,
25215.0,person6,42.9464625,False,
25215.0,person9,73.9323375,False,
25216.0,person2,63.9645625,False,
25216.0,person29,56.8918,False,
25216.0,person41,38.8190875,False,
25216.0,person50,46.4823125,False,
25216.0,person6,42.9983625,False,
25216.0,person9,73.9842375,False,
25217.0,person2,63.9645625,False,
25217.0,person29,56.9437,False,
25217.0,person41,38.8189125,False,
25217.0,person50,46.4823125,False,
25217.0,person6,43.0502625,False,
25217.0,person9,74.0361375,False,
25218.0,person2,63.9645625,False,
25218.0,person29,56.9956,False,
25218.0,person41,38.818725,False,
25218.0,person50,46.4823125,False,
25218.0,person6,43.102162500000006,False,
25218.0,person9,74.0880375,False,
25219.0,person2,63.9645625,False,
25219.0,person29,57.0475,False,
25219.0,person41,38.81855,False,
25219.0,person50,46.4823125,False,
25219.0,person6,43.1540625,False,
25219.0,person9,74.1399375,False,
25220.0,person2,63.9645625,False,
25220.0,person29,57.0994,False,
25220.0,person41,38.8183625,False,
25220.0,person50,46.4823125,False,
25220.0,person6,43.20596249999999,False,
25220.0,person9,74.1918375,False,
25221.0,person2,63.9645625,False,
25221.0,person29,57.1513,False,
25221.0,person41,38.818175,False,
25221.0,person50,46.4823125,False,
25221.0,person6,43.2578625,False,
25221.0,person9,74.2437375,False,
25222.0,person2,63.9645625,False,
25222.0,person29,57.2032,False,
25222.0,person41,38.818,False,
25222.0,person50,46.4823125,False,
25222.0,person6,43.3097625,False,
25222.0,person9,74.2956375,False,
25223.0,person2,63.9645625,False,
25223.0,person29,57.2551,False,
25223.0,person41,38.8178125,False,
25223.0,person50,46.4823125,False,
25223.0,person6,43.3616625,False,
25223.0,person9,74.3475375,False,
25224.0,person2,63.9645625,False,
25224.0,person29,57.307,False,
25224.0,person41,38.817625,False,
25224.0,person50,46.4823125,False,
25224.0,person6,43.4135625,False,
25224.0,person9,74.3994375,False,
25225.0,person2,63.9645625,False,
25225.0,person29,57.3589,False,
25225.0,person41,38.81745,False,
25225.0,person50,46.4823125,False,
25225.0,person6,43.46546250000001,False,
25225.0,person9,74.4513375,False,
25226.0,person2,63.9645625,False,
25226.0,person29,57.4108,False,
25226.0,person41,38.8172625,False,
25226.0,person50,46.4823125,False,
25226.0,person6,43.5173625,False,
25226.0,person9,74.5032375,False,
25227.0,person2,63.9645625,False,
25227.0,person29,57.4627,False,
25227.0,person41,38.8170875,False,
25227.0,person50,46.4823125,False,
25227.0,person6,43.569275,False,
25227.0,person9,74.5551375,False,
25228.0,person2,63.9645625,False,
25228.0,person29,57.5146,False,
25228.0,person41,38.8169,False,
25228.0,person50,46.4823125,False,
25228.0,person6,43.621175,False,
25228.0,person9,74.6070375,False,
25229.0,person2,63.9645625,False,
25229.0,person29,57.5665125,False,
25229.0,person41,38.8167125,False,
25229.0,person50,46.4823125,False,
25229.0,person6,43.673075,False,
25229.0,person9,74.6589375,False,
25230.0,person2,63.9645625,False,
25230.0,person29,57.6184125,False,
25230.0,person41,38.8165375,False,
25230.0,person50,46.4823125,False,
25230.0,person6,43.72497500000001,False,
25230.0,person9,74.7108375,False,
25231.0,person2,63.9645625,False,
25231.0,person29,57.6703125,False,
25231.0,person41,38.81635,False,
25231.0,person50,46.4823125,False,
25231.0,person6,43.776875,False,
25231.0,person9,74.7627375,False,
25232.0,person2,63.9645625,False,
25232.0,person29,57.7222125,False,
25232.0,person41,38.8161625,False,
25232.0,person50,46.4823125,False,
25232.0,person6,43.82877499999999,False,
25232.0,person9,74.8146375,False,
25233.0,person2,63.9645625,False,
25233.0,person29,57.7741125,False,
25233.0,person41,38.8159875,False,
25233.0,person50,46.4823125,False,
25233.0,person6,43.880675,False,
25233.0,person9,74.8665375,False,
25234.0,person2,63.9645625,False,
25234.0,person29,57.8260125,False,
25234.0,person41,38.8158,False,
25234.0,person50,46.4823125,False,
25234.0,person6,43.932575,False,
25234.0,person9,74.9184375,False,
25235.0,person2,63.9645625,False,
25235.0,person29,57.8779125,False,
25235.0,person41,38.815625,False,
25235.0,person50,46.4823125,False,
25235.0,person6,43.984475,False,
25235.0,person9,74.97035,False,
25236.0,person2,63.9645625,False,
25236.0,person29,57.9298125,False,
25236.0,person41,38.8154375,False,
25236.0,person50,46.4823125,False,
25236.0,person6,44.036375,False,
25236.0,person9,75.02225,False,
25237.0,person2,63.9645625,False,
25237.0,person29,57.9817125,False,
25237.0,person41,38.81525,False,
25237.0,person50,46.4823125,False,
25237.0,person6,44.088275,False,
25237.0,person9,75.07415,False,
25238.0,person2,63.9645625,False,
25238.0,person29,58.0336125,False,
25238.0,person41,38.815075,False,
25238.0,person50,46.4823125,False,
25238.0,person6,44.140175,False,
25238.0,person9,75.12605,False,
25239.0,person2,63.9645625,False,
25239.0,person29,58.0855125,False,
25239.0,person41,38.8148875,False,
25239.0,person50,46.4823125,False,
25239.0,person6,44.192075,False,
25239.0,person9,75.17795,False,
25240.0,person2,63.9645625,False,
25240.0,person29,58.1374125,False,
25240.0,person41,38.8147125,False,
25240.0,person50,46.4823125,False,
25240.0,person6,44.243975,False,
25240.0,person9,75.22985,False,
25241.0,person2,63.9645625,False,
25241.0,person29,58.1893125,False,
25241.0,person41,38.814525,False,
25241.0,person50,46.4823125,False,
25241.0,person6,44.295874999999995,False,
25241.0,person9,75.28175,False,
25242.0,person2,63.9645625,False,
25242.0,person29,58.2412125,False,
25242.0,person41,38.8143375,False,
25242.0,person50,46.4823125,False,
25242.0,person6,44.347775,False,
25242.0,person9,75.33365,False,
25243.0,person2,63.9645625,False,
25243.0,person29,58.2931125,False,
25243.0,person41,38.8141625,False,
25243.0,person50,46.4823125,False,
25243.0,person6,44.399675,False,
25243.0,person9,75.38555,False,
25244.0,person2,63.9645625,False,
25244.0,person29,58.3450125,False,
25244.0,person41,38.813975,False,
25244.0,person50,46.4823125,False,
25244.0,person6,44.451575,False,
25244.0,person9,75.43745,False,
25245.0,person2,63.9645625,False,
25245.0,person29,58.3969125,False,
25245.0,person41,38.8137875,False,
25245.0,person50,46.4823125,False,
25245.0,person6,44.503475,False,
25245.0,person9,75.48935,False,
25246.0,person2,63.9645625,False,
25246.0,person29,58.4488125,False,
25246.0,person41,38.8136125,False,
25246.0,person50,46.4823125,False,
25246.0,person6,44.555375000000005,False,
25246.0,person9,75.54125,False,
25247.0,person2,63.9645625,False,
25247.0,person29,58.5007125,False,
25247.0,person41,38.813425,False,
25247.0,person50,46.4823125,False,
25247.0,person6,44.607275,False,
25247.0,person9,75.59315,False,
25248.0,person2,63.9645625,False,
25248.0,person29,58.5526125,False,
25248.0,person41,38.81325,False,
25248.0,person50,46.4823125,False,
25248.0,person6,44.6591875,False,
25248.0,person9,75.64505,False,
25249.0,person2,63.9645625,False,
25249.0,person29,58.6045125,False,
25249.0,person41,38.8130625,False,
25249.0,person50,46.4823125,False,
25249.0,person6,44.711087500000005,False,
25249.0,person9,75.69695,False,
25250.0,person2,63.9645625,False,
25250.0,person29,58.6564125,False,
25250.0,person41,38.812875,False,
25250.0,person50,46.4823125,False,
25250.0,person6,44.7629875,False,
25250.0,person9,75.74885,False,
25251.0,person2,63.9645625,False,
25251.0,person29,58.708325,False,
25251.0,person41,38.8127,False,
25251.0,person50,46.4823125,False,
25251.0,person6,44.814887500000005,False,
25251.0,person9,75.80075,False,
25252.0,person2,63.9645625,False,
25252.0,person29,58.760225,False,
25252.0,person41,38.8125125,False,
25252.0,person50,46.4823125,False,
25252.0,person6,44.8667875,False,
25252.0,person9,75.85265,False,
25253.0,person2,63.9645625,False,
25253.0,person29,58.812125,False,
25253.0,person41,38.812325,False,
25253.0,person50,46.4823125,False,
25253.0,person6,44.9186875,False,
25253.0,person9,75.90455,False,
25254.0,person2,63.9645625,False,
25254.0,person29,58.864025,False,
25254.0,person41,38.81215,False,
25254.0,person50,46.4823125,False,
25254.0,person6,44.9705875,False,
25254.0,person9,75.95645,False,
25255.0,person2,63.9645625,False,
25255.0,person29,58.915925,False,
25255.0,person41,38.8119625,False,
25255.0,person50,46.4823125,False,
25255.0,person6,45.0224875,False,
25255.0,person9,76.00835,False,
25256.0,person2,63.9645625,False,
25256.0,person29,58.967825,False,
25256.0,person41,38.8117875,False,
25256.0,person50,46.4823125,False,
25256.0,person6,45.0743875,False,
25256.0,person9,76.0602625,False,
25257.0,person2,63.9645625,False,
25257.0,person29,59.019725,False,
25257.0,person41,38.8116,False,
25257.0,person50,46.4823125,False,
25257.0,person6,45.1262875,False,
25257.0,person9,76.1121625,False,
25258.0,person2,63.9645625,False,
25258.0,person29,59.071625,False,
25258.0,person41,38.8114125,False,
25258.0,person50,46.4823125,False,
25258.0,person6,45.17818750000001,False,
25258.0,person9,76.1640625,False,
25259.0,person2,63.9645625,False,
25259.0,person29,59.123525,False,
25259.0,person41,38.8112375,False,
25259.0,person50,46.4823125,False,
25259.0,person6,45.2300875,False,
25259.0,person9,76.2159625,False,
25260.0,person2,63.9645625,False,
25260.0,person29,59.175425,False,
25260.0,person41,38.81105,False,
25260.0,person50,46.4823125,False,
25260.0,person6,45.28198749999999,False,
25260.0,person9,76.2678625,False,
25261.0,person2,63.9645625,False,
25261.0,person29,59.227325,False,
25261.0,person41,38.810875,False,
25261.0,person50,46.4823125,False,
25261.0,person6,45.3338875,False,
25261.0,person9,76.3197625,False,
25262.0,person2,63.9645625,False,
25262.0,person29,59.279225,False,
25262.0,person41,38.8106875,False,
25262.0,person50,46.4823125,False,
25262.0,person6,45.38578749999999,False,
25262.0,person9,76.3716625,False,
25263.0,person2,63.9645625,False,
25263.0,person29,59.331125,False,
25263.0,person41,38.8105,False,
25263.0,person50,46.4823125,False,
25263.0,person6,45.4376875,False,
25263.0,person9,76.4235625,False,
25264.0,person2,63.9645625,False,
25264.0,person29,59.383025,False,
25264.0,person41,38.810325,False,
25264.0,person50,46.4823125,False,
25264.0,person6,45.4895875,False,
25264.0,person9,76.4754625,False,
25265.0,person2,63.9645625,False,
25265.0,person29,59.434925,False,
25265.0,person41,38.8101375,False,
25265.0,person50,46.4823125,False,
25265.0,person6,45.5414875,False,
25265.0,person9,76.5273625,False,
25266.0,person2,63.9645625,False,
25266.0,person29,59.486825,False,
25266.0,person41,38.80995,False,
25266.0,person50,46.4823125,False,
25266.0,person6,45.5933875,False,
25266.0,person9,76.5792625,False,
25267.0,person2,63.9645625,False,
25267.0,person29,59.538725,False,
25267.0,person41,38.809775,False,
25267.0,person50,46.4823125,False,
25267.0,person6,45.64528750000001,False,
25267.0,person9,76.6311625,False,
25268.0,person2,63.9645625,False,
25268.0,person29,59.590625,False,
25268.0,person41,38.8095875,False,
25268.0,person50,46.4823125,False,
25268.0,person6,45.6971875,False,
25268.0,person9,76.6830625,False,
25269.0,person2,63.9645625,False,
25269.0,person29,59.642525,False,
25269.0,person41,38.8094125,False,
25269.0,person50,46.4823125,False,
25269.0,person6,45.749087499999995,False,
25269.0,person9,76.7349625,False,
25270.0,person2,63.9645625,False,
25270.0,person29,59.694425,False,
25270.0,person41,38.809225,False,
25270.0,person50,46.4823125,False,
25270.0,person6,45.80100000000001,False,
25270.0,person9,76.7868625,False,
25271.0,person2,63.9645625,False,
25271.0,person29,59.746325,False,
25271.0,person41,38.8090375,False,
25271.0,person50,46.4823125,False,
25271.0,person6,45.8529,False,
25271.0,person9,76.8387625,False,
25272.0,person2,63.9645625,False,
25272.0,person29,59.7982375,False,
25272.0,person41,38.8088625,False,
25272.0,person50,46.4823125,False,
25272.0,person6,45.904799999999994,False,
25272.0,person9,76.8906625,False,
25273.0,person2,63.9645625,False,
25273.0,person29,59.8501375,False,
25273.0,person41,38.808675,False,
25273.0,person50,46.4823125,False,
25273.0,person6,45.9567,False,
25273.0,person9,76.9425625,False,
25274.0,person2,63.9645625,False,
25274.0,person29,59.9020375,False,
25274.0,person41,38.7640625,False,
25274.0,person50,46.4823125,False,
25274.0,person6,46.008599999999994,False,
25274.0,person9,76.9944625,False,
25275.0,person2,63.9645625,False,
25275.0,person29,59.9539375,False,
25275.0,person41,38.8626875,False,
25275.0,person50,46.4823125,False,
25275.0,person6,46.0605,False,
25275.0,person9,77.0463625,False,
25276.0,person2,63.9645625,False,
25276.0,person29,60.0058375,False,
25276.0,person41,38.9843125,True,
25276.0,person50,46.4823125,False,
25276.0,person6,46.1124,False,
25276.0,person9,77.0982625,False,
25277.0,person2,63.9645625,False,
25277.0,person29,60.0577375,False,
25277.0,person41,39.083025,False,
25277.0,person50,46.4823125,False,
25277.0,person6,46.1643,False,
25277.0,person9,77.1501625,False,
25278.0,person2,63.9645625,False,
25278.0,person29,60.1096375,False,
25278.0,person41,39.1588,False,
25278.0,person50,46.4823125,False,
25278.0,person6,46.2162,False,
25278.0,person9,77.202075,False,
25279.0,person2,63.9645625,False,
25279.0,person29,60.1615375,False,
25279.0,person41,39.21165,False,
25279.0,person50,46.4823125,False,
25279.0,person6,46.268100000000004,False,
25279.0,person9,77.253975,False,
25280.0,person2,63.9645625,False,
25280.0,person29,60.2134375,False,
25280.0,person41,39.2415625,False,
25280.0,person50,46.4823125,False,
25280.0,person6,46.32,False,
25280.0,person9,77.305875,False,
25281.0,person2,63.9645625,False,
25281.0,person29,60.2653375,False,
25281.0,person41,39.2487125,False,
25281.0,person50,46.4823125,False,
25281.0,person6,46.3719,False,
25281.0,person9,77.357775,False,
25282.0,person2,63.9645625,False,
25282.0,person29,60.3172375,False,
25282.0,person41,39.2485375,False,
25282.0,person50,46.4823125,False,
25282.0,person6,46.4238,False,
25282.0,person9,77.409675,False,
25283.0,person2,63.9645625,False,
25283.0,person29,60.3691375,False,
25283.0,person41,39.24835,False,
25283.0,person50,46.4823125,False,
25283.0,person6,46.4757,False,
25283.0,person9,77.461575,False,
25284.0,person2,63.9645625,False,
25284.0,person29,60.4210375,False,
25284.0,person41,39.2481625,False,
25284.0,person50,46.4823125,False,
25284.0,person6,46.5276,False,
25284.0,person9,77.513475,False,
25285.0,person2,63.9645625,False,
25285.0,person29,60.4729375,False,
25285.0,person41,39.2479875,False,
25285.0,person50,46.4823125,False,
25285.0,person6,46.5795,False,
25285.0,person9,77.565375,False,
25286.0,person2,63.9645625,False,
25286.0,person29,60.5248375,False,
25286.0,person41,39.2478,False,
25286.0,person50,46.4823125,False,
25286.0,person6,46.631400000000006,False,
25286.0,person9,77.617275,False,
25287.0,person2,63.9645625,False,
25287.0,person29,60.5767375,False,
25287.0,person34,50.0,False,
25287.0,person41,39.2476125,False,
25287.0,person50,46.4823125,False,
25287.0,person6,46.6833,False,
25287.0,person9,77.669175,False,
25288.0,person2,63.9645625,False,
25288.0,person29,60.6286375,False,
25288.0,person34,49.9598125,False,
25288.0,person41,39.2474375,False,
25288.0,person50,46.4823125,False,
25288.0,person6,46.735200000000006,False,
25288.0,person9,77.721075,False,
25289.0,person2,63.9645625,False,
25289.0,person29,60.6805375,False,
25289.0,person34,49.84615,False,
25289.0,person41,39.24725,False,
25289.0,person50,46.4823125,False,
25289.0,person6,46.7871,False,
25289.0,person9,77.772975,False,
25290.0,person2,63.9645625,False,
25290.0,person29,60.7324375,False,
25290.0,person34,49.659025,False,
25290.0,person41,39.247075,False,
25290.0,person50,46.4823125,False,
25290.0,person6,46.83899999999999,False,
25290.0,person9,77.824875,False,
25291.0,person2,63.9645625,False,
25291.0,person29,60.7843375,False,
25291.0,person34,49.4714375,False,
25291.0,person41,39.2468875,False,
25291.0,person50,46.4823125,False,
25291.0,person6,46.890912500000006,False,
25291.0,person9,77.876775,False,
25292.0,person2,63.9645625,False,
25292.0,person29,60.8362375,False,
25292.0,person34,49.639212500000006,True,
25292.0,person41,39.2467,False,
25292.0,person50,46.4823125,False,
25292.0,person6,46.9428125,False,
25292.0,person9,77.928675,False,
25293.0,person2,63.9645625,False,
25293.0,person29,60.8881375,False,
25293.0,person34,49.6458125,False,
25293.0,person41,39.246525,False,
25293.0,person50,46.4823125,False,
25293.0,person6,46.99471249999999,False,
25293.0,person9,77.980575,False,
25294.0,person2,63.9645625,False,
25294.0,person29,60.94005,False,
25294.0,person34,49.645625,False,
25294.0,person41,39.2463375,False,
25294.0,person50,46.4823125,False,
25294.0,person6,47.0466125,False,
25294.0,person9,78.032475,False,
25295.0,person2,63.9645625,False,
25295.0,person29,60.99195,False,
25295.0,person34,49.64545,False,
25295.0,person41,39.24615,False,
25295.0,person50,46.4823125,False,
25295.0,person6,47.0985125,False,
25295.0,person9,78.084375,False,
25296.0,person2,63.9645625,False,
25296.0,person29,61.04385,False,
25296.0,person34,49.6452625,False,
25296.0,person41,39.245975,False,
25296.0,person50,46.4823125,False,
25296.0,person6,47.1504125,False,
25296.0,person9,78.136275,False,
25297.0,person2,63.9645625,False,
25297.0,person29,61.09575,False,
25297.0,person34,49.6450875,False,
25297.0,person41,39.2457875,False,
25297.0,person50,46.4823125,False,
25297.0,person6,47.2023125,False,
25297.0,person9,78.188175,False,
25298.0,person2,63.9645625,False,
25298.0,person29,61.14765,False,
25298.0,person34,49.6449,False,
25298.0,person41,39.2456125,False,
25298.0,person50,46.4823125,False,
25298.0,person6,47.25421250000001,False,
25298.0,person9,78.240075,False,
25299.0,person2,63.9645625,False,
25299.0,person29,61.19955,False,
25299.0,person34,49.6447125,False,
25299.0,person41,39.245425,False,
25299.0,person50,46.4823125,False,
25299.0,person6,47.3061125,False,
25299.0,person9,78.2919875,False,
25300.0,person2,63.9645625,False,
25300.0,person29,61.25145,False,
25300.0,person34,49.64453749999999,False,
25300.0,person41,39.2452375,False,
25300.0,person50,46.4823125,False,
25300.0,person6,47.35801250000001,False,
25300.0,person9,78.3438875,False,
25301.0,person2,63.9645625,False,
25301.0,person29,61.30335,False,
25301.0,person34,49.64435,False,
25301.0,person41,39.2450625,False,
25301.0,person50,46.4823125,False,
25301.0,person6,47.4099125,False,
25301.0,person9,78.3957875,False,
25302.0,person2,63.9645625,False,
25302.0,person29,61.35525,False,
25302.0,person34,49.644175,False,
25302.0,person41,39.244875,False,
25302.0,person50,46.4823125,False,
25302.0,person6,47.46181249999999,False,
25302.0,person9,78.4476875,False,
25303.0,person2,63.9645625,False,
25303.0,person29,61.40715,False,
25303.0,person34,49.6439875,False,
25303.0,person41,39.2447,False,
25303.0,person50,46.4823125,False,
25303.0,person6,47.5137125,False,
25303.0,person9,78.4995875,False,
25304.0,person2,63.9645625,False,
25304.0,person29,61.45905,False,
25304.0,person34,49.6438,False,
25304.0,person41,39.2445125,False,
25304.0,person50,46.4823125,False,
25304.0,person6,47.5656125,False,
25304.0,person9,78.4593875,False,
25305.0,person2,63.9645625,False,
25305.0,person29,61.51095,False,
25305.0,person34,49.6036125,False,
25305.0,person41,39.244325,False,
25305.0,person50,46.4823125,False,
25305.0,person6,47.6175125,False,
25305.0,person9,78.3457375,False,
25306.0,person2,63.9645625,False,
25306.0,person29,61.56285,False,
25306.0,person34,49.4899625,False,
25306.0,person41,39.24415,False,
25306.0,person50,46.4823125,False,
25306.0,person6,47.6694125,False,
25306.0,person9,78.1586125,False,
25307.0,person2,63.9645625,False,
25307.0,person29,61.61475,False,
25307.0,person34,49.30216250000001,False,
25307.0,person41,39.2439625,False,
25307.0,person50,46.4823125,False,
25307.0,person6,47.7213125,False,
25307.0,person9,77.898025,False,
25308.0,person2,63.9645625,False,
25308.0,person29,61.66665,False,
25308.0,person34,49.0399125,False,
25308.0,person41,39.243775,False,
25308.0,person50,46.4823125,False,
25308.0,person6,47.7732125,False,
25308.0,person9,77.563975,False,
25309.0,person2,63.9645625,False,
25309.0,person29,61.71855,False,
25309.0,person34,48.6964875,False,
25309.0,person41,39.2436,False,
25309.0,person50,46.4823125,False,
25309.0,person6,47.825112499999996,False,
25309.0,person9,77.581725,False,
25310.0,person2,63.9645625,False,
25310.0,person29,61.77045,False,
25310.0,person34,48.2551625,False,
25310.0,person41,39.2434125,False,
25310.0,person50,46.4823125,False,
25310.0,person6,47.8770125,False,
25310.0,person9,77.6805875,False,
25311.0,person2,63.9645625,False,
25311.0,person29,61.82235,False,
25311.0,person34,47.7522625,False,
25311.0,person41,39.2432375,False,
25311.0,person50,46.4823125,False,
25311.0,person6,47.928912499999996,False,
25311.0,person9,77.647225,False,
25312.0,person2,63.9645625,False,
25312.0,person29,61.87425,False,
25312.0,person34,47.19774999999999,False,
25312.0,person41,39.24305,False,
25312.0,person50,46.4823125,False,
25312.0,person6,47.9808125,False,
25312.0,person9,77.2694875,False,
25313.0,person2,63.9645625,False,
25313.0,person29,61.92615,False,
25313.0,person34,46.569725,False,
25313.0,person41,39.2428625,False,
25313.0,person50,46.4823125,False,
25313.0,person6,48.032725,False,
25313.0,person9,76.9693625,False,
25314.0,person2,63.9645625,False,
25314.0,person29,61.97805,False,
25314.0,person34,45.8682,False,
25314.0,person41,39.2426875,False,
25314.0,person50,46.4823125,False,
25314.0,person6,48.084624999999996,False,
25314.0,person9,77.083825,True,
25315.0,person2,63.9645625,False,
25315.0,person29,62.0299625,False,
25315.0,person34,45.093062499999995,False,
25315.0,person41,39.2425,False,
25315.0,person50,46.4823125,False,
25315.0,person6,48.136525,False,
25315.0,person9,77.1753625,False,
25316.0,person2,63.9645625,False,
25316.0,person29,62.0818625,False,
25316.0,person34,44.2441375,False,
25316.0,person41,39.2423125,False,
25316.0,person50,46.4823125,False,
25316.0,person6,48.188425,False,
25316.0,person9,77.243975,False,
25317.0,person2,63.9645625,False,
25317.0,person29,62.1337625,False,
25317.0,person34,43.3218,False,
25317.0,person41,39.2421375,False,
25317.0,person50,46.4823125,False,
25317.0,person6,48.240325,False,
25317.0,person9,77.2896625,False,
25318.0,person2,63.9645625,False,
25318.0,person29,62.1856625,False,
25318.0,person34,42.32595,False,
25318.0,person41,39.24195,False,
25318.0,person50,46.4823125,False,
25318.0,person6,48.292225,False,
25318.0,person9,77.3124125,False,
25319.0,person2,63.9645625,False,
25319.0,person29,62.2375625,False,
25319.0,person34,41.2562,False,
25319.0,person41,39.241775,False,
25319.0,person50,46.4823125,False,
25319.0,person6,48.344125000000005,False,
25319.0,person9,77.314825,False,
25320.0,person2,63.9645625,False,
25320.0,person29,62.2894625,False,
25320.0,person34,41.0045,False,
25320.0,person41,39.2415875,False,
25320.0,person50,46.4823125,False,
25320.0,person6,48.396025,False,
25320.0,person9,77.3146375,False,
25321.0,person2,63.9645625,False,
25321.0,person29,62.3413625,False,
25321.0,person34,40.9033875,False,
25321.0,person41,39.2414,False,
25321.0,person50,46.4823125,False,
25321.0,person6,48.44792499999999,False,
25321.0,person9,77.31445,False,
25322.0,person2,63.9645625,False,
25322.0,person29,62.3932625,False,
25322.0,person34,40.8024875,False,
25322.0,person41,39.241225,False,
25322.0,person50,46.4823125,False,
25322.0,person6,48.499825,False,
25322.0,person9,77.314275,False,
25323.0,person2,63.9645625,False,
25323.0,person29,62.4451625,False,
25323.0,person34,40.70125,False,
25323.0,person41,39.2410375,False,
25323.0,person50,46.4823125,False,
25323.0,person6,48.551725,False,
25323.0,person9,77.3140875,False,
25324.0,person2,63.9645625,False,
25324.0,person29,62.4970625,False,
25324.0,person34,40.6008375,False,
25324.0,person41,39.2408625,False,
25324.0,person50,46.4823125,False,
25324.0,person6,48.603625,False,
25324.0,person9,77.3139125,False,
25325.0,person2,63.9645625,False,
25325.0,person29,62.5489625,False,
25325.0,person34,40.5004375,False,
25325.0,person41,39.240675,False,
25325.0,person50,46.4823125,False,
25325.0,person6,48.655525,False,
25325.0,person9,77.313725,False,
25326.0,person2,63.9645625,False,
25326.0,person29,62.6008625,False,
25326.0,person34,40.4000375,False,
25326.0,person41,39.2404875,False,
25326.0,person50,46.4823125,False,
25326.0,person6,48.707425,False,
25326.0,person9,77.3135375,False,
25327.0,person2,63.9645625,False,
25327.0,person29,62.6527625,False,
25327.0,person34,41.08528750000001,True,
25327.0,person41,39.2403125,False,
25327.0,person50,46.4823125,False,
25327.0,person6,48.759325,False,
25327.0,person9,77.3133625,False,
25328.0,person2,63.9645625,False,
25328.0,person29,62.7046625,False,
25328.0,person34,41.93243749999999,True,
25328.0,person41,39.240125,False,
25328.0,person50,46.4823125,False,
25328.0,person6,48.81122500000001,False,
25328.0,person9,77.313175,False,
25329.0,person2,63.9645625,False,
25329.0,person29,62.7565625,False,
25329.0,person34,42.570525,True,
25329.0,person41,39.2399375,False,
25329.0,person50,46.4823125,False,
25329.0,person6,48.863125,False,
25329.0,person9,77.3129875,False,
25330.0,person2,63.9645625,False,
25330.0,person29,62.8084625,False,
25330.0,person34,42.0077625,False,
25330.0,person41,39.2397625,False,
25330.0,person50,46.4823125,False,
25330.0,person6,48.91502499999999,False,
25330.0,person9,77.3128125,False,
25331.0,person2,63.9645625,False,
25331.0,person29,62.768275,False,
25331.0,person34,41.3669125,False,
25331.0,person41,39.239575,False,
25331.0,person50,46.4823125,False,
25331.0,person6,48.966925,False,
25331.0,person9,77.312625,False,
25332.0,person2,63.9645625,False,
25332.0,person29,62.6546125,False,
25332.0,person34,40.8819875,False,
25332.0,person41,39.2394,False,
25332.0,person50,46.4823125,False,
25332.0,person6,49.018825,False,
25332.0,person9,77.31245,False,
25333.0,person2,63.9645625,False,
25333.0,person29,62.4674875,False,
25333.0,person34,40.10465,False,
25333.0,person41,39.2392125,False,
25333.0,person50,46.4823125,False,
25333.0,person6,49.070725,False,
25333.0,person9,77.3122625,False,
25334.0,person2,63.9645625,False,
25334.0,person29,62.2069125,False,
25334.0,person34,39.2765875,False,
25334.0,person41,39.239025,False,
25334.0,person50,46.4823125,False,
25334.0,person6,49.1226375,False,
25334.0,person9,77.312075,False,
25335.0,person2,63.9645625,False,
25335.0,person29,61.87285,False,
25335.0,person34,38.379875,False,
25335.0,person41,39.23885,False,
25335.0,person50,46.4823125,False,
25335.0,person6,49.17453749999999,False,
25335.0,person9,77.3119,False,
25336.0,person2,63.9645625,False,
25336.0,person29,61.4652875,False,
25336.0,person34,37.79335,False,
25336.0,person41,39.2386625,False,
25336.0,person50,46.4823125,False,
25336.0,person6,49.2264375,False,
25336.0,person9,77.3117125,False,
25337.0,person2,63.9645625,False,
25337.0,person29,60.9842375,False,
25337.0,person34,38.0860875,True,
25337.0,person41,39.238475,False,
25337.0,person50,46.4823125,False,
25337.0,person6,49.2783375,False,
25337.0,person9,77.311525,False,
25338.0,person2,63.9645625,False,
25338.0,person29,60.429675,False,
25338.0,person34,38.3560375,True,
25338.0,person41,39.2383,False,
25338.0,person50,46.4823125,False,
25338.0,person6,49.3302375,False,
25338.0,person9,77.31135,False,
25339.0,person2,63.9645625,False,
25339.0,person29,59.9739625,False,
25339.0,person34,38.5998375,True,
25339.0,person41,39.2381125,False,
25339.0,person50,46.4823125,False,
25339.0,person6,49.3821375,False,
25339.0,person9,77.3111625,False,
25340.0,person2,63.9645625,False,
25340.0,person29,60.160175,True,
25340.0,person34,38.8238,True,
25340.0,person41,39.2379375,False,
25340.0,person50,46.4823125,False,
25340.0,person6,49.4340375,False,
25340.0,person9,77.3109875,False,
25341.0,person2,63.9645625,False,
25341.0,person29,60.62325,True,
25341.0,person34,39.0250375,True,
25341.0,person41,39.23775,False,
25341.0,person50,46.4823125,False,
25341.0,person6,49.4859375,False,
25341.0,person9,77.3108,False,
25342.0,person2,63.9645625,False,
25342.0,person29,60.865025,True,
25342.0,person34,39.2024625,True,
25342.0,person41,39.2375625,False,
25342.0,person50,46.4823125,False,
25342.0,person6,49.537837499999995,False,
25342.0,person9,77.3106125,False,
25343.0,person2,63.9645625,False,
25343.0,person29,60.9028875,False,
25343.0,person34,39.3575,True,
25343.0,person41,39.2373875,False,
25343.0,person50,46.4823125,False,
25343.0,person6,49.5897375,False,
25343.0,person9,77.3104375,False,
25344.0,person2,63.9645625,False,
25344.0,person29,60.8627,False,
25344.0,person34,39.49,True,
25344.0,person41,39.2372,False,
25344.0,person50,46.4823125,False,
25344.0,person6,49.6416375,False,
25344.0,person9,77.31025,False,
25345.0,person2,63.9645625,False,
25345.0,person29,60.7490375,False,
25345.0,person34,39.599575,True,
25345.0,person41,39.237025,False,
25345.0,person50,46.4823125,False,
25345.0,person6,49.6935375,False,
25345.0,person9,77.3100625,False,
25346.0,person2,63.9645625,False,
25346.0,person29,60.5562,False,
25346.0,person34,39.686225,False,
25346.0,person41,39.2368375,False,
25346.0,person50,46.4823125,False,
25346.0,person6,49.7454375,False,
25346.0,person9,77.3098875,False,
25347.0,person2,63.9645625,False,
25347.0,person29,60.25845,False,
25347.0,person34,39.4088875,False,
25347.0,person41,39.23665,False,
25347.0,person50,46.4823125,False,
25347.0,person6,49.797337500000005,False,
25347.0,person9,77.3097,False,
25348.0,person2,63.9645625,False,
25348.0,person29,59.8778375,False,
25348.0,person34,39.057725,False,
25348.0,person41,39.236475,False,
25348.0,person50,46.4823125,False,
25348.0,person6,49.8492375,False,
25348.0,person9,77.309525,False,
25349.0,person2,63.9645625,False,
25349.0,person29,59.46725,False,
25349.0,person34,38.620575,False,
25349.0,person41,39.2362875,False,
25349.0,person50,46.4823125,False,
25349.0,person6,49.901137500000004,False,
25349.0,person9,77.3093375,False,
25350.0,person2,63.9645625,False,
25350.0,person29,58.9861,False,
25350.0,person34,38.0725375,False,
25350.0,person41,39.2361,False,
25350.0,person50,46.4823125,False,
25350.0,person6,49.9530375,False,
25350.0,person9,77.30915,False,
25351.0,person2,63.9645625,False,
25351.0,person29,58.4315,False,
25351.0,person34,37.4927,False,
25351.0,person41,39.235925,False,
25351.0,person50,46.4823125,False,
25351.0,person6,50.0049375,False,
25351.0,person9,77.308975,False,
25352.0,person2,63.9645625,False,
25352.0,person29,57.97625,False,
25352.0,person34,36.8328,False,
25352.0,person41,39.2357375,False,
25352.0,person50,46.4823125,False,
25352.0,person6,50.0568375,False,
25352.0,person9,77.3087875,False,
25353.0,person2,63.9645625,False,
25353.0,person29,57.9182375,False,
25353.0,person34,36.1142125,False,
25353.0,person41,39.2355625,False,
25353.0,person50,46.4823125,False,
25353.0,person6,50.1087375,False,
25353.0,person9,77.3086125,False,
25354.0,person2,63.9645625,False,
25354.0,person29,57.8607375,False,
25354.0,person34,36.1256625,False,
25354.0,person41,39.235375,False,
25354.0,person50,46.4823125,False,
25354.0,person6,50.1606375,False,
25354.0,person9,77.308425,False,
25355.0,person2,63.9645625,False,
25355.0,person29,57.803225,False,
25355.0,person34,36.3465,True,
25355.0,person41,39.2351875,False,
25355.0,person50,46.4823125,False,
25355.0,person6,50.21255,False,
25355.0,person9,77.3082375,False,
25356.0,person2,63.9645625,False,
25356.0,person29,57.7457625,False,
25356.0,person34,36.2863625,False,
25356.0,person41,39.2350125,False,
25356.0,person50,46.4823125,False,
25356.0,person6,50.26445,False,
25356.0,person9,77.3080625,False,
25357.0,person2,63.9645625,False,
25357.0,person29,57.6883125,False,
25357.0,person34,36.2263875,False,
25357.0,person41,39.234825,False,
25357.0,person50,46.4823125,False,
25357.0,person6,50.31635,False,
25357.0,person9,77.307875,False,
25358.0,person2,63.9645625,False,
25358.0,person29,57.6307,False,
25358.0,person34,36.1664,False,
25358.0,person41,39.2346375,False,
25358.0,person50,46.4823125,False,
25358.0,person6,50.36825,False,
25358.0,person9,77.3076875,False,
25359.0,person2,63.9645625,False,
25359.0,person29,57.5732,False,
25359.0,person34,36.1063625,False,
25359.0,person41,39.2344625,False,
25359.0,person50,46.4823125,False,
25359.0,person6,50.42015000000001,False,
25359.0,person9,77.3075125,False,
25360.0,person2,63.9645625,False,
25360.0,person29,57.5157375,False,
25360.0,person34,36.04625,False,
25360.0,person41,39.234275,False,
25360.0,person50,46.4823125,False,
25360.0,person6,50.47205,False,
25360.0,person9,77.307325,False,
25361.0,person2,63.9645625,False,
25361.0,person29,57.4985,False,
25361.0,person34,35.985275,False,
25361.0,person41,39.2341,False,
25361.0,person50,46.4823125,False,
25361.0,person6,50.523950000000006,False,
25361.0,person9,77.30715,False,
25362.0,person2,63.9645625,False,
25362.0,person29,57.6862625,True,
25362.0,person34,35.9249375,False,
25362.0,person41,39.2339125,False,
25362.0,person50,46.4823125,False,
25362.0,person6,50.57585,False,
25362.0,person9,77.3069625,False,
25363.0,person2,63.9645625,False,
25363.0,person29,57.8511,True,
25363.0,person34,35.8641,False,
25363.0,person41,39.233725,False,
25363.0,person50,46.4823125,False,
25363.0,person6,50.62774999999999,False,
25363.0,person9,77.306775,False,
25364.0,person2,63.9645625,False,
25364.0,person29,57.9931125,True,
25364.0,person34,35.804025,False,
25364.0,person41,39.23355,False,
25364.0,person50,46.4823125,False,
25364.0,person6,50.67965,False,
25364.0,person9,77.3066,False,
25365.0,person2,63.9645625,False,
25365.0,person29,58.1122,True,
25365.0,person34,35.7441,False,
25365.0,person41,39.2333625,False,
25365.0,person50,46.4823125,False,
25365.0,person6,50.73155,False,
25365.0,person9,77.3064125,False,
25366.0,person2,63.9645625,False,
25366.0,person29,58.208375,False,
25366.0,person34,35.6841125,False,
25366.0,person41,39.233175,False,
25366.0,person50,46.4823125,False,
25366.0,person6,50.78345,False,
25366.0,person9,77.306225,False,
25367.0,person2,63.9645625,False,
25367.0,person29,58.2816,False,
25367.0,person34,35.6241375,False,
25367.0,person41,39.233,False,
25367.0,person50,46.4823125,False,
25367.0,person6,50.83535,False,
25367.0,person9,77.30605,False,
25368.0,person2,63.9645625,False,
25368.0,person29,58.0455875,False,
25368.0,person34,35.5642125,False,
25368.0,person41,39.2328125,False,
25368.0,person50,46.4823125,False,
25368.0,person6,50.88725000000001,False,
25368.0,person9,77.3058625,False,
25369.0,person2,63.9645625,False,
25369.0,person29,57.7359625,False,
25369.0,person34,35.4999625,False,
25369.0,person41,39.2326375,False,
25369.0,person50,46.4823125,False,
25369.0,person6,50.93915,False,
25369.0,person9,77.3056875,False,
25370.0,person2,63.9645625,False,
25370.0,person29,57.3458125,False,
25370.0,person34,35.439975,False,
25370.0,person41,39.23245,False,
25370.0,person50,46.4823125,False,
25370.0,person6,50.991049999999994,False,
25370.0,person9,77.3055,False,
25371.0,person2,63.9645625,False,
25371.0,person29,56.8735625,False,
25371.0,person34,35.38005,False,
25371.0,person41,39.2322625,False,
25371.0,person50,46.4823125,False,
25371.0,person6,51.04295,False,
25371.0,person9,77.3053125,False,
25372.0,person2,63.9645625,False,
25372.0,person29,56.9597,False,
25372.0,person34,35.3200625,False,
25372.0,person41,39.2320875,False,
25372.0,person50,46.4823125,False,
25372.0,person6,51.094849999999994,False,
25372.0,person9,77.3051375,False,
25373.0,person2,63.9645625,False,
25373.0,person29,57.0831375,True,
25373.0,person34,35.3392125,False,
25373.0,person41,39.2319,False,
25373.0,person50,46.4823125,False,
25373.0,person6,51.14675,False,
25373.0,person9,77.30495,False,
25374.0,person2,63.9645625,False,
25374.0,person29,57.185375,True,
25374.0,person34,35.5330375,True,
25374.0,person41,39.231725,False,
25374.0,person50,46.4823125,False,
25374.0,person6,51.19865,False,
25374.0,person9,77.304775,False,
25375.0,person2,63.9645625,False,
25375.0,person29,57.2659125,False,
25375.0,person34,35.70395,True,
25375.0,person41,39.2315375,False,
25375.0,person50,46.4823125,False,
25375.0,person6,51.25055,False,
25375.0,person9,77.3045875,False,
25376.0,person2,63.9645625,False,
25376.0,person29,57.323525,False,
25376.0,person34,35.646975,False,
25376.0,person41,39.23135,False,
25376.0,person50,46.4823125,False,
25376.0,person6,51.30245,False,
25376.0,person9,77.3044,False,
25377.0,person2,63.9645625,False,
25377.0,person29,57.3582125,False,
25377.0,person34,35.0274875,False,
25377.0,person41,39.231175,False,
25377.0,person50,46.4823125,False,
25377.0,person6,51.3543625,False,
25377.0,person9,77.304225,False,
25378.0,person2,63.9645625,False,
25378.0,person29,57.3698875,False,
25378.0,person34,34.38765,False,
25378.0,person41,39.2309875,False,
25378.0,person50,46.4823125,False,
25378.0,person6,51.4062625,False,
25378.0,person9,77.3040375,False,
25379.0,person2,63.9645625,False,
25379.0,person29,57.3697,False,
25379.0,person34,34.2185125,False,
25379.0,person41,39.2308,False,
25379.0,person50,46.4823125,False,
25379.0,person6,51.4581625,False,
25379.0,person9,77.30385,False,
25380.0,person2,63.9645625,False,
25380.0,person29,57.369525,False,
25380.0,person34,34.158525,False,
25380.0,person41,39.230625,False,
25380.0,person50,46.4823125,False,
25380.0,person6,51.510062500000004,False,
25380.0,person9,77.303675,False,
25381.0,person2,63.9645625,False,
25381.0,person29,57.3693375,False,
25381.0,person34,34.09855,False,
25381.0,person41,39.2304375,False,
25381.0,person50,46.4823125,False,
25381.0,person6,51.5619625,False,
25381.0,person9,77.3034875,False,
25382.0,person2,63.9645625,False,
25382.0,person29,57.3691625,False,
25382.0,person34,34.0385625,False,
25382.0,person41,39.2302625,False,
25382.0,person50,46.4823125,False,
25382.0,person6,51.613862499999996,False,
25382.0,person9,77.3033125,False,
25383.0,person2,63.9645625,False,
25383.0,person29,57.368975,False,
25383.0,person34,33.978575,False,
25383.0,person41,39.230075,False,
25383.0,person50,46.4823125,False,
25383.0,person6,51.6657625,False,
25383.0,person9,77.303125,False,
25384.0,person2,63.9645625,False,
25384.0,person29,57.3687875,False,
25384.0,person34,33.9186,False,
25384.0,person41,39.2298875,False,
25384.0,person50,46.4823125,False,
25384.0,person6,51.717662499999996,False,
25384.0,person9,77.3029375,False,
25385.0,person2,63.9645625,False,
25385.0,person29,57.3686125,False,
25385.0,person34,33.8586125,False,
25385.0,person41,39.2297125,False,
25385.0,person50,46.4823125,False,
25385.0,person6,51.7695625,False,
25385.0,person9,77.3027625,False,
25386.0,person2,63.9645625,False,
25386.0,person29,57.368425,False,
25386.0,person34,33.7986375,False,
25386.0,person41,39.229525,False,
25386.0,person50,46.4823125,False,
25386.0,person6,51.8214625,False,
25386.0,person9,77.302575,False,
25387.0,person2,63.9645625,False,
25387.0,person29,57.3682375,False,
25387.0,person34,33.73865,False,
25387.0,person41,39.2293375,False,
25387.0,person50,46.4823125,False,
25387.0,person6,51.8733625,False,
25387.0,person9,77.3023875,False,
25388.0,person2,63.9645625,False,
25388.0,person29,57.3680625,False,
25388.0,person34,33.6786625,False,
25388.0,person41,39.2291625,False,
25388.0,person50,46.4823125,False,
25388.0,person6,51.9252625,False,
25388.0,person9,77.3022125,False,
25389.0,person2,63.9645625,False,
25389.0,person29,57.367875,False,
25389.0,person34,33.618625,False,
25389.0,person41,39.228975,False,
25389.0,person50,46.4823125,False,
25389.0,person6,51.977162500000006,False,
25389.0,person9,77.302025,False,
25390.0,person2,63.9645625,False,
25390.0,person29,57.3677,False,
25390.0,person34,33.5586,False,
25390.0,person41,39.2288,False,
25390.0,person50,46.4823125,False,
25390.0,person6,52.0290625,False,
25390.0,person9,77.30185,False,
25391.0,person2,63.9645625,False,
25391.0,person29,57.3675125,False,
25391.0,person34,33.498625,False,
25391.0,person41,39.2286125,False,
25391.0,person50,46.4823125,False,
25391.0,person6,52.08096249999999,False,
25391.0,person9,77.3016625,False,
25392.0,person2,63.9645625,False,
25392.0,person29,57.367325,False,
25392.0,person34,33.4386875,False,
25392.0,person41,39.228425,False,
25392.0,person50,46.4823125,False,
25392.0,person6,52.1328625,False,
25392.0,person9,77.301475,False,
25393.0,person2,63.9645625,False,
25393.0,person29,57.36715,False,
25393.0,person34,33.3786625,False,
25393.0,person41,39.22825,False,
25393.0,person50,46.4823125,False,
25393.0,person6,52.1847625,False,
25393.0,person9,77.3013,False,
25394.0,person2,63.9645625,False,
25394.0,person29,57.3669625,False,
25394.0,person34,33.318575,False,
25394.0,person41,39.2280625,False,
25394.0,person50,46.4823125,False,
25394.0,person6,52.2366625,False,
25394.0,person9,77.3011125,False,
25395.0,person2,63.9645625,False,
25395.0,person29,57.3667875,False,
25395.0,person34,33.2585875,False,
25395.0,person41,39.2278875,False,
25395.0,person50,46.4823125,False,
25395.0,person6,52.2885625,False,
25395.0,person9,77.3009375,False,
25396.0,person2,63.9645625,False,
25396.0,person29,57.3666,False,
25396.0,person34,33.1986,False,
25396.0,person41,39.2277,False,
25396.0,person50,46.4823125,False,
25396.0,person6,52.34046250000001,False,
25396.0,person9,77.30075,False,
25397.0,person2,63.9645625,False,
25397.0,person29,57.3664125,False,
25397.0,person34,33.229075,False,
25397.0,person41,39.2275125,False,
25397.0,person50,46.4823125,False,
25397.0,person6,52.3923625,False,
25397.0,person9,77.3005625,False,
25398.0,person2,63.9645625,False,
25398.0,person29,57.3662375,False,
25398.0,person34,33.421775,True,
25398.0,person41,39.2273375,False,
25398.0,person50,46.4823125,False,
25398.0,person6,52.444275,False,
25398.0,person9,77.3003875,False,
25399.0,person2,63.9645625,False,
25399.0,person29,57.36605,False,
25399.0,person34,33.59155,True,
25399.0,person41,39.22715,False,
25399.0,person50,46.4823125,False,
25399.0,person6,52.496175,False,
25399.0,person9,77.3002,False,
25400.0,person2,63.9645625,False,
25400.0,person29,57.3658625,False,
25400.0,person34,33.7384125,True,
25400.0,person41,39.2269625,False,
25400.0,person50,46.4823125,False,
25400.0,person6,52.548075,False,
25400.0,person9,77.3000125,False,
25401.0,person2,63.9645625,False,
25401.0,person29,57.3656875,False,
25401.0,person34,33.8623625,True,
25401.0,person41,39.2267875,False,
25401.0,person50,46.4823125,False,
25401.0,person6,52.599975,False,
25401.0,person9,77.2998375,False,
25402.0,person2,63.9645625,False,
25402.0,person29,57.3655,False,
25402.0,person34,33.963375,True,
25402.0,person41,39.2266,False,
25402.0,person50,46.4823125,False,
25402.0,person6,52.651875,False,
25402.0,person9,77.29965,False,
25403.0,person2,63.9645625,False,
25403.0,person29,57.365325,False,
25403.0,person34,34.0414625,False,
25403.0,person41,39.226425,False,
25403.0,person50,46.4823125,False,
25403.0,person6,52.703775,False,
25403.0,person9,77.299475,False,
25404.0,person2,63.9645625,False,
25404.0,person29,57.3651375,False,
25404.0,person34,34.096625,False,
25404.0,person41,39.2262375,False,
25404.0,person50,46.4823125,False,
25404.0,person6,52.755675,False,
25404.0,person9,77.2992875,False,
25405.0,person2,63.9645625,False,
25405.0,person29,57.36495,False,
25405.0,person34,34.1288625,False,
25405.0,person41,39.22605,False,
25405.0,person50,46.4823125,False,
25405.0,person6,52.807575,False,
25405.0,person9,77.2991,False,
25406.0,person2,63.9645625,False,
25406.0,person29,57.364775,False,
25406.0,person34,34.138075,False,
25406.0,person41,39.225875,False,
25406.0,person50,46.4823125,False,
25406.0,person6,52.859475,False,
25406.0,person9,77.298925,False,
25407.0,person2,63.9645625,False,
25407.0,person29,57.3645875,False,
25407.0,person34,34.138075,False,
25407.0,person41,39.2256875,False,
25407.0,person50,46.4823125,False,
25407.0,person6,52.911375,False,
25407.0,person9,77.2987375,False,
25408.0,person2,63.9645625,False,
25408.0,person29,57.3644,False,
25408.0,person34,34.138075,False,
25408.0,person41,39.2255,False,
25408.0,person50,46.4823125,False,
25408.0,person6,52.963275,False,
25408.0,person9,77.29855,False,
25409.0,person2,63.9645625,False,
25409.0,person29,57.364225,False,
25409.0,person34,34.138075,False,
25409.0,person41,39.225325,False,
25409.0,person50,46.4823125,False,
25409.0,person6,53.015175,False,
25409.0,person9,77.298375,False,
25410.0,person2,63.9645625,False,
25410.0,person29,57.3640375,False,
25410.0,person34,34.138075,False,
25410.0,person41,39.2251375,False,
25410.0,person50,46.4823125,False,
25410.0,person6,53.067075,False,
25410.0,person9,77.2981875,False,
25411.0,person2,63.9645625,False,
25411.0,person29,57.3638625,False,
25411.0,person34,34.138075,False,
25411.0,person41,39.2249625,False,
25411.0,person50,46.4823125,False,
25411.0,person6,53.118975,False,
25411.0,person9,77.2980125,False,
25412.0,person2,63.9645625,False,
25412.0,person29,57.363675,False,
25412.0,person34,34.138075,False,
25412.0,person41,39.224775,False,
25412.0,person50,46.4823125,False,
25412.0,person6,53.170875,False,
25412.0,person9,77.297825,False,
25413.0,person2,63.9645625,False,
25413.0,person29,57.3634875,False,
25413.0,person34,34.138075,False,
25413.0,person41,39.2245875,False,
25413.0,person50,46.4823125,False,
25413.0,person6,53.222775,False,
25413.0,person9,77.2976375,False,
25414.0,person2,63.9645625,False,
25414.0,person29,57.3633125,False,
25414.0,person34,34.138075,False,
25414.0,person41,39.2244125,False,
25414.0,person50,46.4823125,False,
25414.0,person6,53.274675,False,
25414.0,person9,77.2974625,False,
25415.0,person2,63.9645625,False,
25415.0,person29,57.363125,False,
25415.0,person34,34.138075,False,
25415.0,person41,39.224225,False,
25415.0,person50,46.4823125,False,
25415.0,person6,53.326575,False,
25415.0,person9,77.297275,False,
25416.0,person2,63.9645625,False,
25416.0,person29,57.36295,False,
25416.0,person34,34.138075,False,
25416.0,person41,39.2240375,False,
25416.0,person50,46.4823125,False,
25416.0,person6,53.378475,False,
25416.0,person9,77.2970875,False,
25417.0,person2,63.9645625,False,
25417.0,person29,57.3627625,False,
25417.0,person34,34.138075,False,
25417.0,person41,39.2238625,False,
25417.0,person50,46.4823125,False,
25417.0,person6,53.430375,False,
25417.0,person9,77.2969125,False,
25418.0,person2,63.9645625,False,
25418.0,person29,57.362575,False,
25418.0,person34,34.138075,False,
25418.0,person41,39.223675,False,
25418.0,person50,46.4823125,False,
25418.0,person6,53.482275,False,
25418.0,person9,77.296725,False,
25419.0,person2,63.9645625,False,
25419.0,person29,57.3624,False,
25419.0,person34,34.138075,False,
25419.0,person41,39.2235,False,
25419.0,person50,46.4823125,False,
25419.0,person6,53.5341875,False,
25419.0,person9,77.29655,False,
25420.0,person2,63.9645625,False,
25420.0,person29,57.3622125,False,
25420.0,person34,34.138075,False,
25420.0,person41,39.2233125,False,
25420.0,person50,46.4823125,False,
25420.0,person6,53.5860875,False,
25420.0,person9,77.2963625,False,
25421.0,person2,63.9645625,False,
25421.0,person29,57.362025,False,
25421.0,person34,34.138075,False,
25421.0,person41,39.223125,False,
25421.0,person50,46.4823125,False,
25421.0,person6,53.6379875,False,
25421.0,person9,77.296175,False,
25422.0,person2,63.9645625,False,
25422.0,person29,57.36185,False,
25422.0,person34,34.138075,False,
25422.0,person41,39.22295,False,
25422.0,person50,46.4823125,False,
25422.0,person6,53.6898875,False,
25422.0,person9,77.296,False,
25423.0,person2,63.9645625,False,
25423.0,person29,57.3616625,False,
25423.0,person34,34.138075,False,
25423.0,person41,39.2227625,False,
25423.0,person50,46.4823125,False,
25423.0,person6,53.7417875,False,
25423.0,person9,77.2958125,False,
25424.0,person2,63.9645625,False,
25424.0,person29,57.3614875,False,
25424.0,person34,34.138075,False,
25424.0,person41,39.2225875,False,
25424.0,person50,46.4823125,False,
25424.0,person6,53.7936875,False,
25424.0,person9,77.2956375,False,
25425.0,person2,63.9645625,False,
25425.0,person29,57.3613,False,
25425.0,person34,34.138075,False,
25425.0,person41,39.2224,False,
25425.0,person50,46.4823125,False,
25425.0,person6,53.8455875,False,
25425.0,person9,77.29545,False,
25426.0,person2,63.9645625,False,
25426.0,person29,57.3611125,False,
25426.0,person34,34.138075,False,
25426.0,person41,39.2222125,False,
25426.0,person50,46.4823125,False,
25426.0,person6,53.8974875,False,
25426.0,person9,77.2952625,False,
25427.0,person2,63.9645625,False,
25427.0,person29,57.3609375,False,
25427.0,person34,34.138075,False,
25427.0,person41,39.2220375,False,
25427.0,person50,46.4823125,False,
25427.0,person6,53.9493875,False,
25427.0,person9,77.2950875,False,
25428.0,person2,63.9645625,False,
25428.0,person29,57.36075,False,
25428.0,person34,34.138075,False,
25428.0,person41,39.22185,False,
25428.0,person50,46.4823125,False,
25428.0,person6,54.0012875,False,
25428.0,person9,77.2949,False,
25429.0,person2,63.9645625,False,
25429.0,person29,57.3605625,False,
25429.0,person34,34.138075,False,
25429.0,person41,39.2216625,False,
25429.0,person50,46.4823125,False,
25429.0,person6,54.0531875,False,
25429.0,person9,77.2947125,False,
25430.0,person2,63.9645625,False,
25430.0,person29,57.3603875,False,
25430.0,person34,34.138075,False,
25430.0,person41,39.2214875,False,
25430.0,person50,46.4823125,False,
25430.0,person6,54.1050875,False,
25430.0,person9,77.2945375,False,
25431.0,person2,63.9645625,False,
25431.0,person29,57.3602,False,
25431.0,person34,34.138075,False,
25431.0,person41,39.2213,False,
25431.0,person50,46.4823125,False,
25431.0,person6,54.1569875,False,
25431.0,person9,77.29435,False,
25432.0,person2,63.9645625,False,
25432.0,person29,57.360025,False,
25432.0,person34,34.138075,False,
25432.0,person41,39.221125,False,
25432.0,person50,46.4823125,False,
25432.0,person6,54.2088875,False,
25432.0,person9,77.294175,False,
25433.0,person2,63.9645625,False,
25433.0,person29,57.3598375,False,
25433.0,person34,34.138075,False,
25433.0,person41,39.2209375,False,
25433.0,person50,46.4823125,False,
25433.0,person6,54.2607875,False,
25433.0,person9,77.2939875,False,
25434.0,person2,63.9645625,False,
25434.0,person29,57.35965,False,
25434.0,person34,34.138075,False,
25434.0,person41,39.22075,False,
25434.0,person50,46.4823125,False,
25434.0,person6,54.3126875,False,
25434.0,person9,77.2938,False,
25435.0,person2,63.9645625,False,
25435.0,person29,57.359475,False,
25435.0,person34,34.138075,False,
25435.0,person41,39.220575,False,
25435.0,person50,46.4823125,False,
25435.0,person6,54.3645875,False,
25435.0,person9,77.293625,False,
25436.0,person2,63.9645625,False,
25436.0,person29,57.3592875,False,
25436.0,person34,34.138075,False,
25436.0,person41,39.2203875,False,
25436.0,person50,46.4823125,False,
25436.0,person6,54.4164875,False,
25436.0,person9,77.2934375,False,
25437.0,person2,63.9645625,False,
25437.0,person29,57.3591,False,
25437.0,person34,34.138075,False,
25437.0,person41,39.2202,False,
25437.0,person50,46.4823125,False,
25437.0,person6,54.4683875,False,
25437.0,person9,77.29325,False,
25438.0,person2,63.9645625,False,
25438.0,person29,57.358925,False,
25438.0,person34,34.138075,False,
25438.0,person41,39.220025,False,
25438.0,person50,46.4823125,False,
25438.0,person6,54.5202875,False,
25438.0,person9,77.293075,False,
25439.0,person2,63.9645625,False,
25439.0,person29,57.3587375,False,
25439.0,person34,34.138075,False,
25439.0,person41,39.2198375,False,
25439.0,person50,46.4823125,False,
25439.0,person6,54.5721875,False,
25439.0,person9,77.2928875,False,
25440.0,person2,63.9645625,False,
25440.0,person29,57.3585625,False,
25440.0,person34,34.138075,False,
25440.0,person41,39.2196625,False,
25440.0,person50,46.4823125,False,
25440.0,person6,54.6240875,False,
25440.0,person9,77.2927125,False,
25441.0,person2,63.9645625,False,
25441.0,person29,57.358375,False,
25441.0,person34,34.138075,False,
25441.0,person41,39.219475,False,
25441.0,person50,46.4823125,False,
25441.0,person6,54.676,False,
25441.0,person9,77.292525,False,
25442.0,person2,63.9645625,False,
25442.0,person29,57.3581875,False,
25442.0,person34,34.138075,False,
25442.0,person41,39.2192875,False,
25442.0,person50,46.4823125,False,
25442.0,person6,54.7279,False,
25442.0,person9,77.2923375,False,
25443.0,person2,63.9645625,False,
25443.0,person29,57.3580125,False,
25443.0,person34,34.138075,False,
25443.0,person41,39.2191125,False,
25443.0,person50,46.4823125,False,
25443.0,person6,54.7798,False,
25443.0,person9,77.2921625,False,
25444.0,person2,63.9645625,False,
25444.0,person29,57.357825,False,
25444.0,person34,34.138075,False,
25444.0,person41,39.218925,False,
25444.0,person50,46.4823125,False,
25444.0,person6,54.8317,False,
25444.0,person9,77.291975,False,
25445.0,person2,63.9645625,False,
25445.0,person29,57.35765,False,
25445.0,person34,34.138075,False,
25445.0,person41,39.21875,False,
25445.0,person50,46.4823125,False,
25445.0,person6,54.8836,False,
25445.0,person9,77.2918,False,
25446.0,person2,63.9645625,False,
25446.0,person29,57.3574625,False,
25446.0,person34,34.138075,False,
25446.0,person41,39.2185625,False,
25446.0,person50,46.4823125,False,
25446.0,person6,54.9355,False,
25446.0,person9,77.2916125,False,
25447.0,person2,63.9645625,False,
25447.0,person29,57.357275,False,
25447.0,person34,34.138075,False,
25447.0,person41,39.218375,False,
25447.0,person50,46.4823125,False,
25447.0,person6,54.9874,False,
25447.0,person9,77.291425,False,
25448.0,person2,63.9645625,False,
25448.0,person29,57.3571,False,
25448.0,person34,34.138075,False,
25448.0,person41,39.2182,False,
25448.0,person50,46.4823125,False,
25448.0,person6,55.0393,False,
25448.0,person9,77.29125,False,
25449.0,person2,63.9645625,False,
25449.0,person29,57.3569125,False,
25449.0,person34,34.138075,False,
25449.0,person41,39.2180125,False,
25449.0,person50,46.4823125,False,
25449.0,person6,55.0912,False,
25449.0,person9,77.2910625,False,
25450.0,person2,63.9645625,False,
25450.0,person29,57.356725,False,
25450.0,person34,34.138075,False,
25450.0,person41,39.217825,False,
25450.0,person50,46.4823125,False,
25450.0,person6,55.1431,False,
25450.0,person9,77.290875,False,
25451.0,person2,63.9645625,False,
25451.0,person29,57.35655,False,
25451.0,person34,34.138075,False,
25451.0,person41,39.21765,False,
25451.0,person50,46.4823125,False,
25451.0,person6,55.195,False,
25451.0,person9,77.2907,False,
25452.0,person2,63.9645625,False,
25452.0,person29,57.3563625,False,
25452.0,person34,34.138075,False,
25452.0,person41,39.2174625,False,
25452.0,person50,46.4823125,False,
25452.0,person6,55.2469,False,
25452.0,person9,77.2905125,False,
25453.0,person2,63.9645625,False,
25453.0,person29,57.3561875,False,
25453.0,person34,34.138075,False,
25453.0,person41,39.2172875,False,
25453.0,person50,46.4823125,False,
25453.0,person6,55.2988,False,
25453.0,person9,77.2903375,False,
25454.0,person2,63.9645625,False,
25454.0,person29,57.356,False,
25454.0,person34,34.138075,False,
25454.0,person41,39.2171,False,
25454.0,person50,46.4823125,False,
25454.0,person6,55.3507,False,
25454.0,person9,77.29015,False,
25455.0,person2,63.9645625,False,
25455.0,person29,57.3558125,False,
25455.0,person34,34.138075,False,
25455.0,person41,39.2169125,False,
25455.0,person50,46.4823125,False,
25455.0,person6,55.4026,False,
25455.0,person9,77.2899625,False,
25456.0,person2,63.9645625,False,
25456.0,person29,57.3556375,False,
25456.0,person34,34.138075,False,
25456.0,person41,39.2167375,False,
25456.0,person50,46.4823125,False,
25456.0,person6,55.4545,False,
25456.0,person9,77.2897875,False,
25457.0,person2,63.9645625,False,
25457.0,person29,57.35545,False,
25457.0,person34,34.138075,False,
25457.0,person41,39.21655,False,
25457.0,person50,46.4823125,False,
25457.0,person6,55.5064,False,
25457.0,person9,77.2896,False,
25458.0,person2,63.9645625,False,
25458.0,person29,57.3552625,False,
25458.0,person34,34.138075,False,
25458.0,person41,39.2163625,False,
25458.0,person50,46.4823125,False,
25458.0,person6,55.5583,False,
25458.0,person9,77.2894125,False,
25459.0,person2,63.9645625,False,
25459.0,person29,57.3550875,False,
25459.0,person34,34.138075,False,
25459.0,person41,39.2161875,False,
25459.0,person50,46.4823125,False,
25459.0,person6,55.6102,False,
25459.0,person9,77.2892375,False,
25460.0,person2,63.9645625,False,
25460.0,person29,57.3549,False,
25460.0,person34,34.138075,False,
25460.0,person41,39.216,False,
25460.0,person50,46.4823125,False,
25460.0,person6,55.6621,False,
25460.0,person9,77.28905,False,
25461.0,person2,63.9645625,False,
25461.0,person29,57.354725,False,
25461.0,person34,34.138075,False,
25461.0,person41,39.215825,False,
25461.0,person50,46.4823125,False,
25461.0,person6,55.714,False,
25461.0,person9,77.288875,False,
25462.0,person2,63.9645625,False,
25462.0,person29,57.3545375,False,
25462.0,person34,34.138075,False,
25462.0,person41,39.2156375,False,
25462.0,person50,46.4823125,False,
25462.0,person6,55.7659125,False,
25462.0,person9,77.2886875,False,
25463.0,person2,63.9645625,False,
25463.0,person29,57.35435,False,
25463.0,person34,34.138075,False,
25463.0,person41,39.21545,False,
25463.0,person49,50.0,False,
25463.0,person50,46.4823125,False,
25463.0,person6,55.8178125,False,
25463.0,person9,77.2885,False,
25464.0,person2,63.9645625,False,
25464.0,person29,57.354175,False,
25464.0,person34,34.138075,False,
25464.0,person41,39.215275,False,
25464.0,person49,49.9598125,False,
25464.0,person50,46.4823125,False,
25464.0,person6,55.8697125,False,
25464.0,person9,77.288325,False,
25465.0,person2,63.9645625,False,
25465.0,person29,57.3539875,False,
25465.0,person34,34.138075,False,
25465.0,person41,39.2150875,False,
25465.0,person49,49.84615,False,
25465.0,person50,46.4823125,False,
25465.0,person6,55.9216125,False,
25465.0,person9,77.2881375,False,
25466.0,person2,63.9645625,False,
25466.0,person29,57.3538125,False,
25466.0,person34,34.138075,False,
25466.0,person41,39.2149,False,
25466.0,person49,49.659025,False,
25466.0,person50,46.4823125,False,
25466.0,person6,55.9735125,False,
25466.0,person9,77.28795,False,
25467.0,person2,63.9645625,False,
25467.0,person29,57.353625,False,
25467.0,person34,34.138075,False,
25467.0,person41,39.214725,False,
25467.0,person49,49.398425,False,
25467.0,person50,46.4823125,False,
25467.0,person6,56.0254125,False,
25467.0,person9,77.287775,False,
25468.0,person2,63.9645625,False,
25468.0,person29,57.3534375,False,
25468.0,person34,34.138075,False,
25468.0,person41,39.2145375,False,
25468.0,person49,49.064350000000005,False,
25468.0,person50,46.4823125,False,
25468.0,person6,56.0773125,False,
25468.0,person9,77.2875875,False,
25469.0,person2,63.9645625,False,
25469.0,person29,57.3532625,False,
25469.0,person34,34.138075,False,
25469.0,person41,39.2143625,False,
25469.0,person49,48.6567875,False,
25469.0,person50,46.4823125,False,
25469.0,person6,56.1292125,False,
25469.0,person9,77.2874125,False,
25470.0,person2,63.9645625,False,
25470.0,person29,57.353075,False,
25470.0,person34,34.138075,False,
25470.0,person41,39.214175,False,
25470.0,person49,48.1757375,False,
25470.0,person50,46.4823125,False,
25470.0,person6,56.1811125,False,
25470.0,person9,77.287225,False,
25471.0,person2,63.9645625,False,
25471.0,person29,57.3528875,False,
25471.0,person34,34.138075,False,
25471.0,person41,39.2139875,False,
25471.0,person49,47.621175,False,
25471.0,person50,46.4823125,False,
25471.0,person6,56.2330125,False,
25471.0,person9,77.2870375,False,
25472.0,person2,63.9645625,False,
25472.0,person29,57.3527125,False,
25472.0,person34,34.138075,False,
25472.0,person41,39.2138125,False,
25472.0,person49,47.15955,False,
25472.0,person50,46.4823125,False,
25472.0,person6,56.2849125,False,
25472.0,person9,77.2868625,False,
25473.0,person2,63.9645625,False,
25473.0,person29,57.352525,False,
25473.0,person34,34.138075,False,
25473.0,person41,39.213625,False,
25473.0,person49,47.1652625,False,
25473.0,person50,46.4823125,False,
25473.0,person6,56.3368125,False,
25473.0,person9,77.286675,False,
25474.0,person2,63.9645625,False,
25474.0,person29,57.35235,False,
25474.0,person34,34.138075,False,
25474.0,person41,39.21345,False,
25474.0,person49,47.298225,True,
25474.0,person50,46.4823125,False,
25474.0,person6,56.3887125,False,
25474.0,person9,77.2865,False,
25475.0,person2,63.9645625,False,
25475.0,person29,57.3521625,False,
25475.0,person34,34.138075,False,
25475.0,person41,39.2132625,False,
25475.0,person49,47.383675,False,
25475.0,person50,46.4823125,False,
25475.0,person6,56.4406125,False,
25475.0,person9,77.2863125,False,
25476.0,person2,63.9645625,False,
25476.0,person29,57.351975,False,
25476.0,person34,34.138075,False,
25476.0,person41,39.213075,False,
25476.0,person49,47.334312499999996,False,
25476.0,person50,46.4823125,False,
25476.0,person6,56.4925125,False,
25476.0,person9,77.286125,False,
25477.0,person2,63.9645625,False,
25477.0,person29,57.3518,False,
25477.0,person34,34.138075,False,
25477.0,person41,39.2129,False,
25477.0,person49,47.28306249999999,False,
25477.0,person50,46.4823125,False,
25477.0,person6,56.5444125,False,
25477.0,person9,77.28595,False,
25478.0,person2,63.9645625,False,
25478.0,person29,57.3516125,False,
25478.0,person34,34.138075,False,
25478.0,person41,39.2127125,False,
25478.0,person49,47.1059375,False,
25478.0,person50,46.4823125,False,
25478.0,person6,56.5963125,False,
25478.0,person9,77.2857625,False,
25479.0,person2,63.9645625,False,
25479.0,person29,57.351425,False,
25479.0,person34,34.138075,False,
25479.0,person41,39.212525,False,
25479.0,person49,46.8751375,False,
25479.0,person50,46.4823125,False,
25479.0,person6,56.6482125,False,
25479.0,person9,77.285575,False,
25480.0,person2,63.9645625,False,
25480.0,person29,57.35125,False,
25480.0,person34,34.138075,False,
25480.0,person41,39.21235,False,
25480.0,person49,46.8191375,False,
25480.0,person50,46.4823125,False,
25480.0,person6,56.7001125,False,
25480.0,person9,77.2854,False,
25481.0,person2,63.9645625,False,
25481.0,person29,57.3510625,False,
25481.0,person34,34.138075,False,
25481.0,person41,39.26425,False,
25481.0,person49,46.7255375,False,
25481.0,person50,46.4823125,False,
25481.0,person6,56.7520125,False,
25481.0,person9,77.2852125,False,
25482.0,person2,63.9645625,False,
25482.0,person29,57.3508875,False,
25482.0,person34,34.138075,False,
25482.0,person41,39.31615,False,
25482.0,person49,46.051975,False,
25482.0,person50,46.4823125,False,
25482.0,person6,56.8039125,False,
25482.0,person9,77.2850375,False,
25483.0,person2,63.9645625,False,
25483.0,person29,57.3507,False,
25483.0,person34,34.138075,False,
25483.0,person41,39.36805,False,
25483.0,person49,45.355075,False,
25483.0,person50,46.4823125,False,
25483.0,person6,56.8558125,False,
25483.0,person9,77.28485,False,
25484.0,person2,63.9645625,False,
25484.0,person29,57.3505125,False,
25484.0,person34,34.138075,False,
25484.0,person41,39.41995,False,
25484.0,person49,44.58457500000001,False,
25484.0,person50,46.4823125,False,
25484.0,person6,56.907725,False,
25484.0,person9,77.2846625,False,
25485.0,person2,63.9645625,False,
25485.0,person29,57.3503375,False,
25485.0,person34,34.138075,False,
25485.0,person41,39.47185,False,
25485.0,person49,44.0324625,False,
25485.0,person50,46.4823125,False,
25485.0,person6,56.959625,False,
25485.0,person9,77.2844875,False,
25486.0,person2,63.9645625,False,
25486.0,person29,57.35015,False,
25486.0,person34,34.138075,False,
25486.0,person41,39.52375,False,
25486.0,person49,43.1416875,False,
25486.0,person50,46.4823125,False,
25486.0,person6,57.011525,False,
25486.0,person9,77.2843,False,
25487.0,person2,63.9645625,False,
25487.0,person29,57.349975,False,
25487.0,person34,34.138075,False,
25487.0,person41,39.57565,False,
25487.0,person49,43.2097,False,
25487.0,person50,46.4823125,False,
25487.0,person6,57.063425,False,
25487.0,person9,77.2841125,False,
25488.0,person2,63.9645625,False,
25488.0,person29,57.3497875,False,
25488.0,person34,34.138075,False,
25488.0,person41,39.62755,False,
25488.0,person49,43.4802875,True,
25488.0,person50,46.4823125,False,
25488.0,person6,57.115325,False,
25488.0,person9,77.2839375,False,
25489.0,person2,63.9645625,False,
25489.0,person29,57.3496,False,
25489.0,person34,34.138075,False,
25489.0,person41,39.67945,False,
25489.0,person49,43.727962500000004,True,
25489.0,person50,46.4823125,False,
25489.0,person6,57.167225,False,
25489.0,person9,77.28375,False,
25490.0,person2,63.9645625,False,
25490.0,person29,57.349425,False,
25490.0,person34,34.138075,False,
25490.0,person41,39.73135,False,
25490.0,person49,43.9527125,True,
25490.0,person50,46.4823125,False,
25490.0,person6,57.219125,False,
25490.0,person9,77.283575,False,
25491.0,person2,63.9645625,False,
25491.0,person29,57.3492375,False,
25491.0,person34,34.138075,False,
25491.0,person41,39.78325,False,
25491.0,person49,43.917325,False,
25491.0,person50,46.4823125,False,
25491.0,person6,57.271025,False,
25491.0,person9,77.2833875,False,
25492.0,person2,63.9645625,False,
25492.0,person29,57.34905,False,
25492.0,person34,34.138075,False,
25492.0,person41,39.83515,False,
25492.0,person49,43.982749999999996,False,
25492.0,person50,46.4823125,False,
25492.0,person6,57.322925,False,
25492.0,person9,77.2832,False,
25493.0,person2,63.9645625,False,
25493.0,person29,57.348875,False,
25493.0,person34,34.138075,False,
25493.0,person41,39.88705,False,
25493.0,person49,43.913462499999994,False,
25493.0,person50,46.4823125,False,
25493.0,person6,57.374825,False,
25493.0,person9,77.283025,False,
25494.0,person2,63.9645625,False,
25494.0,person29,57.3486875,False,
25494.0,person34,34.138075,False,
25494.0,person41,39.93895,False,
25494.0,person49,44.08403750000001,True,
25494.0,person50,46.4823125,False,
25494.0,person6,57.426725,False,
25494.0,person9,77.2828375,False,
25495.0,person2,63.9645625,False,
25495.0,person29,57.3485125,False,
25495.0,person34,34.138075,False,
25495.0,person41,39.9908625,False,
25495.0,person49,44.25295,True,
25495.0,person50,46.4823125,False,
25495.0,person6,57.478625,False,
25495.0,person9,77.2826625,False,
25496.0,person2,63.9645625,False,
25496.0,person29,57.348325,False,
25496.0,person34,34.138075,False,
25496.0,person41,40.0427625,False,
25496.0,person49,44.19965,False,
25496.0,person50,46.4823125,False,
25496.0,person6,57.530525,False,
25496.0,person9,77.282475,False,
25497.0,person2,63.9645625,False,
25497.0,person28,50.0,False,
25497.0,person29,57.3481375,False,
25497.0,person34,34.138075,False,
25497.0,person41,40.0946625,False,
25497.0,person49,43.59681249999999,False,
25497.0,person50,46.4823125,False,
25497.0,person6,57.582425,False,
25497.0,person9,77.2822875,False,
25498.0,person2,63.9645625,False,
25498.0,person28,49.9598125,False,
25498.0,person29,57.3479625,False,
25498.0,person34,34.138075,False,
25498.0,person41,40.1465625,False,
25498.0,person49,43.6977125,True,
25498.0,person50,46.4823125,False,
25498.0,person6,57.634325,False,
25498.0,person9,77.2821125,False,
25499.0,person2,63.9645625,False,
25499.0,person28,49.84615,False,
25499.0,person29,57.347775,False,
25499.0,person34,34.138075,False,
25499.0,person41,40.1984625,False,
25499.0,person49,43.8519125,True,
25499.0,person50,46.4823125,False,
25499.0,person6,57.686225,False,
25499.0,person9,77.281925,False,
25500.0,person2,63.9645625,False,
25500.0,person28,49.65689999999999,False,
25500.0,person29,57.3475875,False,
25500.0,person34,34.138075,False,
25500.0,person41,40.2503625,False,
25500.0,person49,43.98318750000001,True,
25500.0,person50,46.4823125,False,
25500.0,person6,57.738125,False,
25500.0,person9,77.2817375,False,
25501.0,person2,63.9645625,False,
25501.0,person28,49.39528750000001,False,
25501.0,person29,57.3474125,False,
25501.0,person34,34.138075,False,
25501.0,person41,40.3022625,False,
25501.0,person49,44.0915125,True,
25501.0,person50,46.4823125,False,
25501.0,person6,57.790025,False,
25501.0,person9,77.2815625,False,
25502.0,person2,63.9645625,False,
25502.0,person28,49.0551,False,
25502.0,person29,57.347225,False,
25502.0,person34,34.138075,False,
25502.0,person41,40.3541625,False,
25502.0,person49,44.176925,False,
25502.0,person50,46.4823125,False,
25502.0,person6,57.841925,False,
25502.0,person9,77.281375,False,
25503.0,person2,63.9645625,False,
25503.0,person28,48.6468625,False,
25503.0,person29,57.34705,False,
25503.0,person34,34.138075,False,
25503.0,person41,40.4060625,False,
25503.0,person49,44.2394125,False,
25503.0,person50,46.4823125,False,
25503.0,person6,57.893825,False,
25503.0,person9,77.2812,False,
25504.0,person2,63.9645625,False,
25504.0,person28,48.1658125,False,
25504.0,person29,57.3468625,False,
25504.0,person34,34.138075,False,
25504.0,person41,40.4579625,False,
25504.0,person49,44.2789875,False,
25504.0,person50,46.4823125,False,
25504.0,person6,57.945725,False,
25504.0,person9,77.2810125,False,
25505.0,person2,63.9645625,False,
25505.0,person28,47.8561375,False,
25505.0,person29,57.346675,False,
25505.0,person34,34.138075,False,
25505.0,person41,40.5098625,False,
25505.0,person49,44.295625,False,
25505.0,person50,46.4823125,False,
25505.0,person6,57.9976375,False,
25505.0,person9,77.280825,False,
25506.0,person2,63.9645625,False,
25506.0,person28,47.8034375,False,
25506.0,person29,57.3465,False,
25506.0,person34,34.138075,False,
25506.0,person41,40.5617625,False,
25506.0,person49,44.2959375,False,
25506.0,person50,46.4823125,False,
25506.0,person6,58.0495375,False,
25506.0,person9,77.28065,False,
25507.0,person2,63.9645625,False,
25507.0,person28,47.1374875,False,
25507.0,person29,57.3463125,False,
25507.0,person34,34.138075,False,
25507.0,person41,40.6136625,False,
25507.0,person49,44.2959375,False,
25507.0,person50,46.4823125,False,
25507.0,person6,58.1014375,False,
25507.0,person9,77.2804625,False,
25508.0,person2,63.9645625,False,
25508.0,person28,46.57568750000001,False,
25508.0,person29,57.346125,False,
25508.0,person34,34.138075,False,
25508.0,person41,40.6655625,False,
25508.0,person49,44.2959375,False,
25508.0,person50,46.4823125,False,
25508.0,person6,58.1533375,False,
25508.0,person9,77.280275,False,
25509.0,person2,63.9645625,False,
25509.0,person28,46.5139875,False,
25509.0,person29,57.34595,False,
25509.0,person34,34.138075,False,
25509.0,person41,40.7174625,False,
25509.0,person49,44.2959375,False,
25509.0,person50,46.4823125,False,
25509.0,person6,58.2052375,False,
25509.0,person9,77.2801,False,
25510.0,person2,63.9645625,False,
25510.0,person28,46.4522375,False,
25510.0,person29,57.3457625,False,
25510.0,person34,34.138075,False,
25510.0,person41,40.7693625,False,
25510.0,person49,44.2959375,False,
25510.0,person50,46.4823125,False,
25510.0,person6,58.2571375,False,
25510.0,person9,77.2799125,False,
25511.0,person2,63.9645625,False,
25511.0,person28,46.390474999999995,False,
25511.0,person29,57.3455875,False,
25511.0,person34,34.138075,False,
25511.0,person41,40.8212625,False,
25511.0,person49,44.2959375,False,
25511.0,person50,46.4823125,False,
25511.0,person6,58.3090375,False,
25511.0,person9,77.2797375,False,
25512.0,person2,63.9645625,False,
25512.0,person28,46.32877499999999,False,
25512.0,person29,57.3454,False,
25512.0,person34,34.138075,False,
25512.0,person41,40.8731625,False,
25512.0,person49,44.2959375,False,
25512.0,person50,46.4823125,False,
25512.0,person6,58.3609375,False,
25512.0,person9,77.27955,False,
25513.0,person2,63.9645625,False,
25513.0,person28,46.267075000000006,False,
25513.0,person29,57.3452125,False,
25513.0,person34,34.138075,False,
25513.0,person41,40.9250625,False,
25513.0,person49,44.2959375,False,
25513.0,person50,46.4823125,False,
25513.0,person6,58.4128375,False,
25513.0,person9,77.2793625,False,
25514.0,person2,63.9645625,False,
25514.0,person28,46.20516249999999,False,
25514.0,person29,57.3450375,False,
25514.0,person34,34.138075,False,
25514.0,person41,40.9769625,False,
25514.0,person49,44.2959375,False,
25514.0,person50,46.4823125,False,
25514.0,person6,58.4647375,False,
25514.0,person9,77.2791875,False,
25515.0,person2,63.9645625,False,
25515.0,person28,46.1430375,False,
25515.0,person29,57.34485,False,
25515.0,person34,34.138075,False,
25515.0,person41,41.028862499999995,False,
25515.0,person49,44.2959375,False,
25515.0,person50,46.4823125,False,
25515.0,person6,58.5166375,False,
25515.0,person9,77.279,False,
25516.0,person2,63.9645625,False,
25516.0,person28,46.0813375,False,
25516.0,person29,57.344675,False,
25516.0,person34,34.138075,False,
25516.0,person41,41.080775,False,
25516.0,person49,44.2959375,False,
25516.0,person50,46.4823125,False,
25516.0,person6,58.5685375,False,
25516.0,person9,77.2788125,False,
25517.0,person2,63.9645625,False,
25517.0,person28,46.13176250000001,False,
25517.0,person29,57.3444875,False,
25517.0,person34,34.138075,False,
25517.0,person41,41.132675,False,
25517.0,person49,44.2959375,False,
25517.0,person50,46.4823125,False,
25517.0,person6,58.6204375,False,
25517.0,person9,77.2786375,False,
25518.0,person2,63.9645625,False,
25518.0,person28,46.328725000000006,True,
25518.0,person29,57.3443,False,
25518.0,person34,34.138075,False,
25518.0,person41,41.184575,False,
25518.0,person49,44.2959375,False,
25518.0,person50,46.4823125,False,
25518.0,person6,58.6723375,False,
25518.0,person9,77.27845,False,
25519.0,person2,63.9645625,False,
25519.0,person28,46.502775,True,
25519.0,person29,57.344125,False,
25519.0,person34,34.138075,False,
25519.0,person41,41.236475,False,
25519.0,person49,44.2959375,False,
25519.0,person50,46.4823125,False,
25519.0,person6,58.7242375,False,
25519.0,person9,77.278275,False,
25520.0,person2,63.9645625,False,
25520.0,person28,46.6539125,True,
25520.0,person29,57.3439375,False,
25520.0,person34,34.138075,False,
25520.0,person41,41.288374999999995,False,
25520.0,person49,44.2959375,False,
25520.0,person50,46.4823125,False,
25520.0,person6,58.7761375,False,
25520.0,person9,77.2780875,False,
25521.0,person2,63.9645625,False,
25521.0,person28,46.777,True,
25521.0,person29,57.34375,False,
25521.0,person34,34.138075,False,
25521.0,person41,41.340275,False,
25521.0,person49,44.2959375,False,
25521.0,person50,46.4823125,False,
25521.0,person6,58.8280375,False,
25521.0,person9,77.2779,False,
25522.0,person2,63.9645625,False,
25522.0,person28,46.881525,True,
25522.0,person29,57.343575,False,
25522.0,person34,34.138075,False,
25522.0,person41,41.392175,False,
25522.0,person49,44.2959375,False,
25522.0,person50,46.4823125,False,
25522.0,person6,58.8799375,False,
25522.0,person9,77.277725,False,
25523.0,person2,63.9645625,False,
25523.0,person28,46.9638875,False,
25523.0,person29,57.3433875,False,
25523.0,person34,34.138075,False,
25523.0,person41,41.444075,False,
25523.0,person49,44.2959375,False,
25523.0,person50,46.4823125,False,
25523.0,person6,58.9318375,False,
25523.0,person9,77.2775375,False,
25524.0,person2,63.9645625,False,
25524.0,person28,46.700275,False,
25524.0,person29,57.3432125,False,
25524.0,person34,34.138075,False,
25524.0,person41,41.495975,False,
25524.0,person49,44.2959375,False,
25524.0,person50,46.4823125,False,
25524.0,person6,58.9837375,False,
25524.0,person9,77.2773625,False,
25525.0,person2,63.9645625,False,
25525.0,person28,46.3624,False,
25525.0,person29,57.343025,False,
25525.0,person34,34.138075,False,
25525.0,person41,41.547875000000005,False,
25525.0,person49,44.2959375,False,
25525.0,person50,46.4823125,False,
25525.0,person6,59.0356375,False,
25525.0,person9,77.277175,False,
25526.0,person2,63.9645625,False,
25526.0,person28,45.930525,False,
25526.0,person29,57.3428375,False,
25526.0,person34,34.138075,False,
25526.0,person41,41.599775,False,
25526.0,person49,44.2959375,False,
25526.0,person50,46.4823125,False,
25526.0,person6,59.08755,False,
25526.0,person9,77.2769875,False,
25527.0,person2,63.9645625,False,
25527.0,person28,45.39955,False,
25527.0,person29,57.3426625,False,
25527.0,person34,34.138075,False,
25527.0,person41,41.651675,False,
25527.0,person49,44.2959375,False,
25527.0,person50,46.4823125,False,
25527.0,person6,59.13945,False,
25527.0,person9,77.2768125,False,
25528.0,person2,63.9645625,False,
25528.0,person28,44.8387375,False,
25528.0,person29,57.342475,False,
25528.0,person34,34.138075,False,
25528.0,person41,41.703575,False,
25528.0,person49,44.2959375,False,
25528.0,person50,46.4823125,False,
25528.0,person6,59.19135,False,
25528.0,person9,77.276625,False,
25529.0,person2,63.9645625,False,
25529.0,person28,44.2077,False,
25529.0,person29,57.3422875,False,
25529.0,person34,34.138075,False,
25529.0,person41,41.755475,False,
25529.0,person49,44.2959375,False,
25529.0,person50,46.4823125,False,
25529.0,person6,59.24325,False,
25529.0,person9,77.2764375,False,
25530.0,person2,63.9645625,False,
25530.0,person28,43.953637500000006,False,
25530.0,person29,57.3421125,False,
25530.0,person34,34.138075,False,
25530.0,person41,41.807375,False,
25530.0,person49,44.2959375,False,
25530.0,person50,46.4823125,False,
25530.0,person6,59.29515,False,
25530.0,person9,77.2762625,False,
25531.0,person2,63.9645625,False,
25531.0,person28,43.891625000000005,False,
25531.0,person29,57.341925,False,
25531.0,person34,34.138075,False,
25531.0,person41,41.859275,False,
25531.0,person49,44.2959375,False,
25531.0,person50,46.4823125,False,
25531.0,person6,59.34705,False,
25531.0,person9,77.276075,False,
25532.0,person2,63.9645625,False,
25532.0,person28,43.829875,False,
25532.0,person29,57.34175,False,
25532.0,person34,34.138075,False,
25532.0,person41,41.911175,False,
25532.0,person49,44.2959375,False,
25532.0,person50,46.4823125,False,
25532.0,person6,59.39895,False,
25532.0,person9,77.2759,False,
25533.0,person2,63.9645625,False,
25533.0,person28,43.768175,False,
25533.0,person29,57.3415625,False,
25533.0,person34,34.138075,False,
25533.0,person41,41.963075,False,
25533.0,person49,44.2959375,False,
25533.0,person50,46.4823125,False,
25533.0,person6,59.45085,False,
25533.0,person9,77.2757125,False,
25534.0,person2,63.9645625,False,
25534.0,person28,44.05141249999999,True,
25534.0,person29,57.341375,False,
25534.0,person34,34.138075,False,
25534.0,person41,42.01497500000001,False,
25534.0,person49,44.2959375,False,
25534.0,person50,46.4823125,False,
25534.0,person6,59.50275,False,
25534.0,person9,77.275525,False,
25535.0,person2,63.9645625,False,
25535.0,person28,44.5329125,True,
25535.0,person29,57.3412,False,
25535.0,person34,34.138075,False,
25535.0,person41,42.066875,False,
25535.0,person49,44.2959375,False,
25535.0,person50,46.4823125,False,
25535.0,person6,59.55465,False,
25535.0,person9,77.27535,False,
25536.0,person2,63.9645625,False,
25536.0,person28,44.7931125,True,
25536.0,person29,57.3410125,False,
25536.0,person34,34.138075,False,
25536.0,person41,42.11877499999999,False,
25536.0,person49,44.2959375,False,
25536.0,person50,46.4823125,False,
25536.0,person6,59.60655,False,
25536.0,person9,77.2751625,False,
25537.0,person2,63.9645625,False,
25537.0,person28,44.8427375,False,
25537.0,person29,57.3408375,False,
25537.0,person34,34.138075,False,
25537.0,person41,42.170675,False,
25537.0,person49,44.2959375,False,
25537.0,person50,46.4823125,False,
25537.0,person6,59.65845,False,
25537.0,person9,77.274975,False,
25538.0,person2,63.9645625,False,
25538.0,person28,44.84255,False,
25538.0,person29,57.34065,False,
25538.0,person34,34.138075,False,
25538.0,person41,42.2225875,False,
25538.0,person49,44.2959375,False,
25538.0,person50,46.4823125,False,
25538.0,person6,59.71035,False,
25538.0,person9,77.2748,False,
25539.0,person2,63.9645625,False,
25539.0,person28,44.8423625,False,
25539.0,person29,57.3404625,False,
25539.0,person34,34.138075,False,
25539.0,person41,42.27448749999999,False,
25539.0,person49,44.2959375,False,
25539.0,person50,46.4823125,False,
25539.0,person6,59.76225,False,
25539.0,person9,77.2746125,False,
25540.0,person2,63.9645625,False,
25540.0,person28,44.8421875,False,
25540.0,person29,57.3402875,False,
25540.0,person34,34.138075,False,
25540.0,person41,42.3263875,False,
25540.0,person49,44.2959375,False,
25540.0,person50,46.4823125,False,
25540.0,person6,59.81415,False,
25540.0,person9,77.2744375,False,
25541.0,person2,63.9645625,False,
25541.0,person28,44.842,False,
25541.0,person29,57.3401,False,
25541.0,person34,34.138075,False,
25541.0,person41,42.37828749999999,False,
25541.0,person49,44.2959375,False,
25541.0,person50,46.4823125,False,
25541.0,person6,59.86605,False,
25541.0,person9,77.27425,False,
25542.0,person2,63.9645625,False,
25542.0,person28,44.8018125,False,
25542.0,person29,57.3399125,False,
25542.0,person34,34.138075,False,
25542.0,person41,42.4301875,False,
25542.0,person49,44.2959375,False,
25542.0,person50,46.4823125,False,
25542.0,person6,59.91795,False,
25542.0,person9,77.2740625,False,
25543.0,person2,63.9645625,False,
25543.0,person28,44.68814999999999,False,
25543.0,person29,57.3397375,False,
25543.0,person34,34.138075,False,
25543.0,person41,42.4820875,False,
25543.0,person49,44.2959375,False,
25543.0,person50,46.4823125,False,
25543.0,person6,59.96985,False,
25543.0,person9,77.2738875,False,
25544.0,person2,63.9645625,False,
25544.0,person28,44.500474999999994,False,
25544.0,person29,57.33955,False,
25544.0,person34,34.138075,False,
25544.0,person41,42.5339875,False,
25544.0,person49,44.2959375,False,
25544.0,person50,46.4823125,False,
25544.0,person6,60.02175,False,
25544.0,person9,77.2737,False,
25545.0,person2,63.9645625,False,
25545.0,person28,44.238775,False,
25545.0,person29,57.339375,False,
25545.0,person34,34.138075,False,
25545.0,person41,42.5858875,False,
25545.0,person49,44.2959375,False,
25545.0,person50,46.4823125,False,
25545.0,person6,60.07365,False,
25545.0,person9,77.273525,False,
25546.0,person2,63.9645625,False,
25546.0,person28,43.9047,False,
25546.0,person29,57.3391875,False,
25546.0,person34,34.138075,False,
25546.0,person41,42.63778750000001,False,
25546.0,person49,44.2959375,False,
25546.0,person50,46.4823125,False,
25546.0,person6,60.12555,False,
25546.0,person9,77.2733375,False,
25547.0,person2,63.9645625,False,
25547.0,person28,43.49716250000001,False,
25547.0,person29,57.339,False,
25547.0,person34,34.138075,False,
25547.0,person41,42.6896875,False,
25547.0,person49,44.2959375,False,
25547.0,person50,46.4823125,False,
25547.0,person6,60.17745,False,
25547.0,person9,77.27315,False,
25548.0,person2,63.9645625,False,
25548.0,person28,43.01615,False,
25548.0,person29,57.338825,False,
25548.0,person34,34.138075,False,
25548.0,person41,42.741587499999994,False,
25548.0,person49,44.2959375,False,
25548.0,person50,46.4823125,False,
25548.0,person6,60.2293625,False,
25548.0,person9,77.272975,False,
25549.0,person2,63.9645625,False,
25549.0,person28,42.45885,False,
25549.0,person29,57.3386375,False,
25549.0,person34,34.138075,False,
25549.0,person41,42.7934875,False,
25549.0,person49,44.2959375,False,
25549.0,person50,46.4823125,False,
25549.0,person6,60.2812625,False,
25549.0,person9,77.2727875,False,
25550.0,person2,63.9645625,False,
25550.0,person28,41.83024999999999,False,
25550.0,person29,57.33845,False,
25550.0,person34,34.138075,False,
25550.0,person41,42.8453875,False,
25550.0,person49,44.2959375,False,
25550.0,person50,46.4823125,False,
25550.0,person6,60.3331625,False,
25550.0,person9,77.2726,False,
25551.0,person2,63.9645625,False,
25551.0,person28,41.5501875,False,
25551.0,person29,57.338275,False,
25551.0,person34,34.138075,False,
25551.0,person41,42.8972875,False,
25551.0,person49,44.2959375,False,
25551.0,person50,46.4823125,False,
25551.0,person6,60.3850625,False,
25551.0,person9,77.272425,False,
25552.0,person2,63.9645625,False,
25552.0,person28,41.4883125,False,
25552.0,person29,57.3380875,False,
25552.0,person34,34.138075,False,
25552.0,person41,42.9491875,False,
25552.0,person49,44.2959375,False,
25552.0,person50,46.4823125,False,
25552.0,person6,60.4369625,False,
25552.0,person9,77.2722375,False,
25553.0,person2,63.9645625,False,
25553.0,person28,41.4265625,False,
25553.0,person29,57.3379125,False,
25553.0,person34,34.138075,False,
25553.0,person41,43.001087500000004,False,
25553.0,person49,44.2959375,False,
25553.0,person50,46.4823125,False,
25553.0,person6,60.4888625,False,
25553.0,person9,77.2720625,False,
25554.0,person2,63.9645625,False,
25554.0,person28,41.364799999999995,False,
25554.0,person29,57.337725,False,
25554.0,person34,34.138075,False,
25554.0,person41,43.0529875,False,
25554.0,person49,44.2959375,False,
25554.0,person50,46.4823125,False,
25554.0,person6,60.5407625,False,
25554.0,person9,77.271875,False,
25555.0,person2,63.9645625,False,
25555.0,person28,41.3030375,False,
25555.0,person29,57.3375375,False,
25555.0,person34,34.138075,False,
25555.0,person41,43.104887500000004,False,
25555.0,person49,44.2959375,False,
25555.0,person50,46.4823125,False,
25555.0,person6,60.5926625,False,
25555.0,person9,77.2716875,False,
25556.0,person2,63.9645625,False,
25556.0,person28,41.241274999999995,False,
25556.0,person29,57.3373625,False,
25556.0,person34,34.138075,False,
25556.0,person41,43.1567875,False,
25556.0,person49,44.2959375,False,
25556.0,person50,46.4823125,False,
25556.0,person6,60.6445625,False,
25556.0,person9,77.2715125,False,
25557.0,person2,63.9645625,False,
25557.0,person28,41.179525000000005,False,
25557.0,person29,57.337175,False,
25557.0,person34,34.138075,False,
25557.0,person41,43.208687499999996,False,
25557.0,person49,44.2959375,False,
25557.0,person50,46.4823125,False,
25557.0,person6,60.6964625,False,
25557.0,person9,77.271325,False,
25558.0,person2,63.9645625,False,
25558.0,person28,41.1177625,False,
25558.0,person29,57.3369875,False,
25558.0,person34,34.138075,False,
25558.0,person41,43.2605875,False,
25558.0,person49,44.2959375,False,
25558.0,person50,46.4823125,False,
25558.0,person6,60.7483625,False,
25558.0,person9,77.2711375,False,
25559.0,person2,63.9645625,False,
25559.0,person28,41.056000000000004,False,
25559.0,person29,57.3368125,False,
25559.0,person34,34.138075,False,
25559.0,person41,43.3125,False,
25559.0,person49,44.2959375,False,
25559.0,person50,46.4823125,False,
25559.0,person6,60.8002625,False,
25559.0,person9,77.2709625,False,
25560.0,person2,63.9645625,False,
25560.0,person28,40.9943,False,
25560.0,person29,57.336625,False,
25560.0,person34,34.138075,False,
25560.0,person41,43.364399999999996,False,
25560.0,person49,44.2959375,False,
25560.0,person50,46.4823125,False,
25560.0,person6,60.8521625,False,
25560.0,person9,77.270775,False,
25561.0,person2,63.9645625,False,
25561.0,person28,40.93255,False,
25561.0,person29,57.33645,False,
25561.0,person34,34.138075,False,
25561.0,person41,43.4163,False,
25561.0,person49,44.2959375,False,
25561.0,person50,46.4823125,False,
25561.0,person6,60.9040625,False,
25561.0,person9,77.2706,False,
25562.0,person2,63.9645625,False,
25562.0,person28,40.8707875,False,
25562.0,person29,57.3362625,False,
25562.0,person34,34.138075,False,
25562.0,person41,43.4682,False,
25562.0,person49,44.2959375,False,
25562.0,person50,46.4823125,False,
25562.0,person6,60.9559625,False,
25562.0,person9,77.2704125,False,
25563.0,person2,63.9645625,False,
25563.0,person28,40.808925,False,
25563.0,person29,57.336075,False,
25563.0,person34,34.138075,False,
25563.0,person41,43.5201,False,
25563.0,person49,44.2959375,False,
25563.0,person50,46.4823125,False,
25563.0,person6,61.0078625,False,
25563.0,person9,77.270225,False,
25564.0,person2,63.9645625,False,
25564.0,person28,40.7407625,False,
25564.0,person29,57.3359,False,
25564.0,person34,34.138075,False,
25564.0,person41,43.572,False,
25564.0,person49,44.2959375,False,
25564.0,person50,46.4823125,False,
25564.0,person6,61.0597625,False,
25564.0,person9,77.27005,False,
25565.0,person2,63.9645625,False,
25565.0,person28,40.665,False,
25565.0,person29,57.3357125,False,
25565.0,person34,34.138075,False,
25565.0,person41,43.623900000000006,False,
25565.0,person49,44.2959375,False,
25565.0,person50,46.4823125,False,
25565.0,person6,61.1116625,False,
25565.0,person9,77.2698625,False,
25566.0,person2,63.9645625,False,
25566.0,person28,40.5956,False,
25566.0,person29,57.3355375,False,
25566.0,person34,34.138075,False,
25566.0,person41,43.6758,False,
25566.0,person49,44.2959375,False,
25566.0,person50,46.4823125,False,
25566.0,person6,61.1635625,False,
25566.0,person9,77.2696875,False,
25567.0,person2,63.9645625,False,
25567.0,person28,40.5338375,False,
25567.0,person29,57.33535,False,
25567.0,person34,34.138075,False,
25567.0,person41,43.727700000000006,False,
25567.0,person49,44.2959375,False,
25567.0,person50,46.4823125,False,
25567.0,person6,61.2154625,False,
25567.0,person9,77.2695,False,
25568.0,person2,63.9645625,False,
25568.0,person28,40.46935,False,
25568.0,person29,57.3351625,False,
25568.0,person34,34.138075,False,
25568.0,person41,43.7796,False,
25568.0,person49,44.2959375,False,
25568.0,person50,46.4823125,False,
25568.0,person6,61.2673625,False,
25568.0,person9,77.2693125,False,
25569.0,person2,63.9645625,False,
25569.0,person28,40.4075875,False,
25569.0,person29,57.3349875,False,
25569.0,person34,34.138075,False,
25569.0,person41,43.83149999999999,False,
25569.0,person49,44.2959375,False,
25569.0,person50,46.4823125,False,
25569.0,person6,61.319275,False,
25569.0,person9,77.2691375,False,
25570.0,person2,63.9645625,False,
25570.0,person28,40.3458375,False,
25570.0,person29,57.3348,False,
25570.0,person34,34.138075,False,
25570.0,person41,43.8834,False,
25570.0,person49,44.2959375,False,
25570.0,person50,46.4823125,False,
25570.0,person6,61.371175,False,
25570.0,person9,77.26895,False,
25571.0,person2,63.9645625,False,
25571.0,person28,40.3386375,False,
25571.0,person29,57.3346125,False,
25571.0,person34,34.138075,False,
25571.0,person41,43.9353,False,
25571.0,person49,44.2959375,False,
25571.0,person50,46.4823125,False,
25571.0,person6,61.423075,False,
25571.0,person9,77.2687625,False,
25572.0,person2,63.9645625,False,
25572.0,person28,40.5373125,True,
25572.0,person29,57.3344375,False,
25572.0,person34,34.138075,False,
25572.0,person41,43.9872,False,
25572.0,person49,44.2959375,False,
25572.0,person50,46.4823125,False,
25572.0,person6,61.474975,False,
25572.0,person9,77.2685875,False,
25573.0,person2,63.9645625,False,
25573.0,person28,40.7159,True,
25573.0,person29,57.33425,False,
25573.0,person34,34.138075,False,
25573.0,person41,44.0391,False,
25573.0,person49,44.2959375,False,
25573.0,person50,46.4823125,False,
25573.0,person6,61.526875,False,
25573.0,person9,77.2684,False,
25574.0,person2,63.9645625,False,
25574.0,person28,40.871925,True,
25574.0,person29,57.334075,False,
25574.0,person34,34.138075,False,
25574.0,person41,44.09100000000001,False,
25574.0,person49,44.2959375,False,
25574.0,person50,46.4823125,False,
25574.0,person6,61.578775,False,
25574.0,person9,77.268225,False,
25575.0,person2,63.9645625,False,
25575.0,person28,41.00495,True,
25575.0,person29,57.3338875,False,
25575.0,person34,34.138075,False,
25575.0,person41,44.1429,False,
25575.0,person49,44.2959375,False,
25575.0,person50,46.4823125,False,
25575.0,person6,61.630675,False,
25575.0,person9,77.2680375,False,
25576.0,person2,63.9645625,False,
25576.0,person28,41.115225,True,
25576.0,person29,57.3337,False,
25576.0,person34,34.138075,False,
25576.0,person41,44.194799999999994,False,
25576.0,person49,44.2959375,False,
25576.0,person50,46.4823125,False,
25576.0,person6,61.682575,False,
25576.0,person9,77.26785,False,
25577.0,person2,63.9645625,False,
25577.0,person28,41.2026,False,
25577.0,person29,57.333525,False,
25577.0,person34,34.138075,False,
25577.0,person41,44.2467,False,
25577.0,person49,44.2959375,False,
25577.0,person50,46.4823125,False,
25577.0,person6,61.734475,False,
25577.0,person9,77.267675,False,
25578.0,person2,63.9645625,False,
25578.0,person28,40.92295,False,
25578.0,person29,57.3333375,False,
25578.0,person34,34.138075,False,
25578.0,person41,44.29859999999999,False,
25578.0,person49,44.2959375,False,
25578.0,person50,46.4823125,False,
25578.0,person6,61.786375,False,
25578.0,person9,77.2674875,False,
25579.0,person2,63.9645625,False,
25579.0,person28,40.5697625,False,
25579.0,person29,57.33315,False,
25579.0,person34,34.138075,False,
25579.0,person41,44.3505,False,
25579.0,person49,44.2959375,False,
25579.0,person50,46.4823125,False,
25579.0,person6,61.838275,False,
25579.0,person9,77.2673,False,
25580.0,person2,63.9645625,False,
25580.0,person28,40.142225,False,
25580.0,person29,57.332975,False,
25580.0,person34,34.138075,False,
25580.0,person41,44.4024,False,
25580.0,person49,44.2959375,False,
25580.0,person50,46.4823125,False,
25580.0,person6,61.890175,False,
25580.0,person9,77.267125,False,
25581.0,person2,63.9645625,False,
25581.0,person28,39.6421,False,
25581.0,person29,57.3327875,False,
25581.0,person34,34.138075,False,
25581.0,person41,44.45431249999999,False,
25581.0,person49,44.2959375,False,
25581.0,person50,46.4823125,False,
25581.0,person6,61.942075,False,
25581.0,person9,77.2669375,False,
25582.0,person2,63.9645625,False,
25582.0,person28,39.06715,False,
25582.0,person29,57.3326125,False,
25582.0,person34,34.138075,False,
25582.0,person41,44.5062125,False,
25582.0,person49,44.2959375,False,
25582.0,person50,46.4823125,False,
25582.0,person6,61.993975,False,
25582.0,person9,77.2667625,False,
25583.0,person2,63.9645625,False,
25583.0,person28,38.41995,False,
25583.0,person29,57.332425,False,
25583.0,person34,34.138075,False,
25583.0,person41,44.5581125,False,
25583.0,person49,44.2959375,False,
25583.0,person50,46.4823125,False,
25583.0,person6,62.045875,False,
25583.0,person9,77.266575,False,
25584.0,person2,63.9645625,False,
25584.0,person28,38.2995,False,
25584.0,person29,57.3322375,False,
25584.0,person34,34.138075,False,
25584.0,person41,44.6100125,False,
25584.0,person49,44.2959375,False,
25584.0,person50,46.4823125,False,
25584.0,person6,62.097775,False,
25584.0,person9,77.2663875,False,
25585.0,person2,63.9645625,False,
25585.0,person28,38.2339125,False,
25585.0,person29,57.3320625,False,
25585.0,person34,34.138075,False,
25585.0,person41,44.6619125,False,
25585.0,person49,44.2959375,False,
25585.0,person50,46.4823125,False,
25585.0,person6,62.149675,False,
25585.0,person9,77.2662125,False,
25586.0,person2,63.9645625,False,
25586.0,person28,38.1719,False,
25586.0,person29,57.331875,False,
25586.0,person34,34.138075,False,
25586.0,person41,44.7138125,False,
25586.0,person49,44.2959375,False,
25586.0,person50,46.4823125,False,
25586.0,person6,62.201575,False,
25586.0,person9,77.266025,False,
25587.0,person2,63.9645625,False,
25587.0,person28,38.10815,False,
25587.0,person29,57.3317,False,
25587.0,person34,34.138075,False,
25587.0,person41,44.7657125,False,
25587.0,person49,44.2959375,False,
25587.0,person50,46.4823125,False,
25587.0,person6,62.253475,False,
25587.0,person9,77.2658375,False,
25588.0,person2,63.9645625,False,
25588.0,person28,38.0463875,False,
25588.0,person29,57.3315125,False,
25588.0,person34,34.138075,False,
25588.0,person41,44.817612499999996,False,
25588.0,person49,44.2959375,False,
25588.0,person50,46.4823125,False,
25588.0,person6,62.305375,False,
25588.0,person9,77.2656625,False,
25589.0,person2,63.9645625,False,
25589.0,person28,37.9845625,False,
25589.0,person29,57.331325,False,
25589.0,person34,34.138075,False,
25589.0,person41,44.8695125,False,
25589.0,person49,44.2959375,False,
25589.0,person50,46.4823125,False,
25589.0,person6,62.357275,False,
25589.0,person9,77.265475,False,
25590.0,person2,63.9645625,False,
25590.0,person28,37.9228,False,
25590.0,person29,57.33115,False,
25590.0,person34,34.138075,False,
25590.0,person41,44.921412499999995,False,
25590.0,person49,44.2959375,False,
25590.0,person50,46.4823125,False,
25590.0,person6,62.4091875,False,
25590.0,person9,77.2653,False,
25591.0,person2,63.9645625,False,
25591.0,person28,37.8610375,False,
25591.0,person29,57.3309625,False,
25591.0,person34,34.138075,False,
25591.0,person41,44.9733125,False,
25591.0,person49,44.2959375,False,
25591.0,person50,46.4823125,False,
25591.0,person6,62.4610875,False,
25591.0,person9,77.2651125,False,
25592.0,person2,63.9645625,False,
25592.0,person28,37.8862125,False,
25592.0,person29,57.330775,False,
25592.0,person34,34.138075,False,
25592.0,person41,45.0252125,False,
25592.0,person49,44.2959375,False,
25592.0,person50,46.4823125,False,
25592.0,person6,62.5129875,False,
25592.0,person9,77.264925,False,
25593.0,person2,63.9645625,False,
25593.0,person28,38.0855125,True,
25593.0,person29,57.3306,False,
25593.0,person34,34.138075,False,
25593.0,person41,45.0771125,False,
25593.0,person49,44.2959375,False,
25593.0,person50,46.4823125,False,
25593.0,person6,62.5648875,False,
25593.0,person9,77.26475,False,
25594.0,person2,63.9645625,False,
25594.0,person28,38.26205,True,
25594.0,person29,57.3304125,False,
25594.0,person34,34.138075,False,
25594.0,person41,45.1290125,False,
25594.0,person49,44.2959375,False,
25594.0,person50,46.4823125,False,
25594.0,person6,62.6167875,False,
25594.0,person9,77.2645625,False,
25595.0,person2,63.9645625,False,
25595.0,person28,38.41565,True,
25595.0,person29,57.3302375,False,
25595.0,person34,34.138075,False,
25595.0,person41,45.180912500000005,False,
25595.0,person49,44.2959375,False,
25595.0,person50,46.4823125,False,
25595.0,person6,62.6686875,False,
25595.0,person9,77.2643875,False,
25596.0,person2,63.9645625,False,
25596.0,person28,38.5463125,True,
25596.0,person29,57.33005,False,
25596.0,person34,34.138075,False,
25596.0,person41,45.2328125,False,
25596.0,person49,44.2959375,False,
25596.0,person50,46.4823125,False,
25596.0,person6,62.7205875,False,
25596.0,person9,77.2642,False,
25597.0,person2,63.9645625,False,
25597.0,person28,38.6540875,True,
25597.0,person29,57.3298625,False,
25597.0,person34,34.138075,False,
25597.0,person41,45.2847125,False,
25597.0,person49,44.2959375,False,
25597.0,person50,46.4823125,False,
25597.0,person6,62.7724875,False,
25597.0,person9,77.2640125,False,
25598.0,person2,63.9645625,False,
25598.0,person28,38.7389375,False,
25598.0,person29,57.3296875,False,
25598.0,person34,34.138075,False,
25598.0,person41,45.3366125,False,
25598.0,person49,44.2959375,False,
25598.0,person50,46.4823125,False,
25598.0,person6,62.8243875,False,
25598.0,person9,77.2638375,False,
25599.0,person2,63.9645625,False,
25599.0,person28,38.481675,False,
25599.0,person29,57.3295,False,
25599.0,person34,34.138075,False,
25599.0,person41,45.3885125,False,
25599.0,person49,44.2959375,False,
25599.0,person50,46.4823125,False,
25599.0,person6,62.8762875,False,
25599.0,person9,77.26365,False,
25600.0,person2,63.9645625,False,
25600.0,person28,38.4462625,False,
25600.0,person29,57.3293125,False,
25600.0,person34,34.138075,False,
25600.0,person41,45.4404125,False,
25600.0,person49,44.2959375,False,
25600.0,person50,46.4823125,False,
25600.0,person6,62.9281875,False,
25600.0,person9,77.2634625,False,
25601.0,person2,63.9645625,False,
25601.0,person28,38.035475,False,
25601.0,person29,57.3291375,False,
25601.0,person34,34.138075,False,
25601.0,person41,45.4923125,False,
25601.0,person49,44.2959375,False,
25601.0,person50,46.4823125,False,
25601.0,person6,62.9800875,False,
25601.0,person9,77.2632875,False,
25602.0,person2,63.9645625,False,
25602.0,person28,37.5880875,False,
25602.0,person29,57.32895,False,
25602.0,person34,34.138075,False,
25602.0,person41,45.544225,False,
25602.0,person49,44.2959375,False,
25602.0,person50,46.4823125,False,
25602.0,person6,63.0319875,False,
25602.0,person9,77.2631,False,
25603.0,person2,63.9645625,False,
25603.0,person28,37.099825,False,
25603.0,person29,57.328775,False,
25603.0,person34,34.138075,False,
25603.0,person41,45.596125,False,
25603.0,person49,44.2959375,False,
25603.0,person50,46.4823125,False,
25603.0,person6,63.0838875,False,
25603.0,person9,77.262925,False,
25604.0,person2,63.9645625,False,
25604.0,person28,36.5380625,False,
25604.0,person29,57.3285875,False,
25604.0,person34,34.138075,False,
25604.0,person41,45.648025,False,
25604.0,person49,44.2959375,False,
25604.0,person50,46.4823125,False,
25604.0,person6,63.1357875,False,
25604.0,person9,77.2627375,False,
25605.0,person2,63.9645625,False,
25605.0,person28,35.9026375,False,
25605.0,person29,57.3284,False,
25605.0,person34,34.138075,False,
25605.0,person41,45.699925,False,
25605.0,person49,44.2959375,False,
25605.0,person50,46.4823125,False,
25605.0,person6,63.1876875,False,
25605.0,person9,77.26255,False,
25606.0,person2,63.9645625,False,
25606.0,person28,35.6833875,False,
25606.0,person29,57.328225,False,
25606.0,person34,34.138075,False,
25606.0,person41,45.751825,False,
25606.0,person49,44.2959375,False,
25606.0,person50,46.4823125,False,
25606.0,person6,63.2395875,False,
25606.0,person9,77.262375,False,
25607.0,person2,63.9645625,False,
25607.0,person28,35.6215125,False,
25607.0,person29,57.3280375,False,
25607.0,person34,34.138075,False,
25607.0,person41,45.80372500000001,False,
25607.0,person49,44.2959375,False,
25607.0,person50,46.4823125,False,
25607.0,person6,63.2914875,False,
25607.0,person9,77.2621875,False,
25608.0,person2,63.9645625,False,
25608.0,person28,35.5594875,False,
25608.0,person29,57.32785,False,
25608.0,person34,34.138075,False,
25608.0,person41,45.855625,False,
25608.0,person49,44.2959375,False,
25608.0,person50,46.4823125,False,
25608.0,person6,63.3433875,False,
25608.0,person9,77.262,False,
25609.0,person2,63.9645625,False,
25609.0,person28,35.4977375,False,
25609.0,person29,57.327675,False,
25609.0,person34,34.138075,False,
25609.0,person41,45.90752499999999,False,
25609.0,person49,44.2959375,False,
25609.0,person50,46.4823125,False,
25609.0,person6,63.3952875,False,
25609.0,person9,77.261825,False,
25610.0,person2,63.9645625,False,
25610.0,person28,35.435975,False,
25610.0,person29,57.3274875,False,
25610.0,person34,34.138075,False,
25610.0,person41,45.959425,False,
25610.0,person49,44.2959375,False,
25610.0,person50,46.4823125,False,
25610.0,person6,63.4471875,False,
25610.0,person9,77.2616375,False,
25611.0,person2,63.9645625,False,
25611.0,person28,35.3742125,False,
25611.0,person29,57.3273125,False,
25611.0,person34,34.138075,False,
25611.0,person41,46.011325,False,
25611.0,person49,44.2959375,False,
25611.0,person50,46.4823125,False,
25611.0,person6,63.4990875,False,
25611.0,person9,77.2614625,False,
25612.0,person2,63.9645625,False,
25612.0,person28,35.3239625,False,
25612.0,person29,57.327125,False,
25612.0,person34,34.138075,False,
25612.0,person41,46.063225,False,
25612.0,person49,44.2959375,False,
25612.0,person50,46.4823125,False,
25612.0,person6,63.551,False,
25612.0,person9,77.261275,False,
25613.0,person2,63.9645625,False,
25613.0,person28,35.527,True,
25613.0,person29,57.3269375,False,
25613.0,person34,34.138075,False,
25613.0,person41,46.115125,False,
25613.0,person49,44.2959375,False,
25613.0,person50,46.4823125,False,
25613.0,person6,63.6029,False,
25613.0,person9,77.2610875,False,
25614.0,person2,63.9645625,False,
25614.0,person28,35.7076625,True,
25614.0,person29,57.3267625,False,
25614.0,person34,34.138075,False,
25614.0,person41,46.167025,False,
25614.0,person49,44.2959375,False,
25614.0,person50,46.4823125,False,
25614.0,person6,63.6548,False,
25614.0,person9,77.2609125,False,
25615.0,person2,63.9645625,False,
25615.0,person28,35.8648375,True,
25615.0,person29,57.326575,False,
25615.0,person34,34.138075,False,
25615.0,person41,46.218925,False,
25615.0,person49,44.2959375,False,
25615.0,person50,46.4823125,False,
25615.0,person6,63.7067,False,
25615.0,person9,77.260725,False,
25616.0,person2,63.9645625,False,
25616.0,person28,35.9993875,True,
25616.0,person29,57.3264,False,
25616.0,person34,34.138075,False,
25616.0,person41,46.27082500000001,False,
25616.0,person49,44.2959375,False,
25616.0,person50,46.4823125,False,
25616.0,person6,63.7586,False,
25616.0,person9,77.26055,False,
25617.0,person2,63.9645625,False,
25617.0,person28,36.1114375,True,
25617.0,person29,57.3262125,False,
25617.0,person34,34.138075,False,
25617.0,person41,46.322725,False,
25617.0,person49,44.2959375,False,
25617.0,person50,46.4823125,False,
25617.0,person6,63.8105,False,
25617.0,person9,77.2603625,False,
25618.0,person2,63.9645625,False,
25618.0,person28,36.20055,False,
25618.0,person29,57.326025,False,
25618.0,person34,34.138075,False,
25618.0,person41,46.374624999999995,False,
25618.0,person49,44.2959375,False,
25618.0,person50,46.4823125,False,
25618.0,person6,63.8624,False,
25618.0,person9,77.260175,False,
25619.0,person2,63.9645625,False,
25619.0,person28,35.9153125,False,
25619.0,person29,57.32585,False,
25619.0,person34,34.138075,False,
25619.0,person41,46.426525,False,
25619.0,person49,44.2959375,False,
25619.0,person50,46.4823125,False,
25619.0,person6,63.9143,False,
25619.0,person9,77.26,False,
25620.0,person2,63.9645625,False,
25620.0,person28,35.556375,False,
25620.0,person29,57.28565,False,
25620.0,person34,34.138075,False,
25620.0,person41,46.478425,False,
25620.0,person49,44.2959375,False,
25620.0,person50,46.4823125,False,
25620.0,person6,63.9662,False,
25620.0,person9,76.7683375,False,
25621.0,person2,63.9645625,False,
25621.0,person28,35.10355,False,
25621.0,person29,57.172,False,
25621.0,person34,34.138075,False,
25621.0,person41,46.530325,False,
25621.0,person49,44.2959375,False,
25621.0,person50,46.4823125,False,
25621.0,person6,64.0181,False,
25621.0,person9,76.6722,False,
25622.0,person2,63.9645625,False,
25622.0,person28,34.5478375,False,
25622.0,person29,57.0800875,False,
25622.0,person34,34.138075,False,
25622.0,person41,46.582225,False,
25622.0,person49,44.2959375,False,
25622.0,person50,46.4823125,False,
25622.0,person6,64.07,False,
25622.0,person9,76.577425,False,
25623.0,person2,63.9645625,False,
25623.0,person28,33.9661,False,
25623.0,person29,57.127125,False,
25623.0,person34,34.138075,False,
25623.0,person41,46.6341375,False,
25623.0,person49,44.2959375,False,
25623.0,person50,46.4823125,False,
25623.0,person6,64.1219,False,
25623.0,person9,76.48265,False,
25624.0,person2,63.9645625,False,
25624.0,person28,33.4521375,False,
25624.0,person29,57.15125,False,
25624.0,person34,34.138075,False,
25624.0,person41,46.6860375,False,
25624.0,person49,44.2959375,False,
25624.0,person50,46.4823125,False,
25624.0,person6,64.1738,False,
25624.0,person9,76.387875,False,
25625.0,person2,63.9645625,False,
25625.0,person28,33.65005,True,
25625.0,person29,57.1543625,False,
25625.0,person34,34.138075,False,
25625.0,person41,46.7379375,False,
25625.0,person49,44.2959375,False,
25625.0,person50,46.4823125,False,
25625.0,person6,64.2257,False,
25625.0,person9,76.2925,False,
25626.0,person2,63.9645625,False,
25626.0,person28,33.82575,True,
25626.0,person29,57.154175,False,
25626.0,person34,34.138075,False,
25626.0,person41,46.789837500000004,False,
25626.0,person49,44.2959375,False,
25626.0,person50,46.4823125,False,
25626.0,person6,64.2776,False,
25626.0,person9,76.1977,False,
25627.0,person2,63.9645625,False,
25627.0,person28,33.97855,True,
25627.0,person29,57.1539875,False,
25627.0,person34,34.138075,False,
25627.0,person41,46.8417375,False,
25627.0,person49,44.2959375,False,
25627.0,person50,46.4823125,False,
25627.0,person6,64.3295,False,
25627.0,person9,76.4215125,True,
25628.0,person2,63.9645625,False,
25628.0,person28,34.1084125,True,
25628.0,person29,57.1538125,False,
25628.0,person34,34.138075,False,
25628.0,person41,46.893637500000004,False,
25628.0,person49,44.2959375,False,
25628.0,person50,46.4823125,False,
25628.0,person6,64.3814,False,
25628.0,person9,76.7224625,True,
25629.0,person2,63.9645625,False,
25629.0,person28,34.21535,True,
25629.0,person29,57.153625,False,
25629.0,person34,34.138075,False,
25629.0,person41,46.9455375,False,
25629.0,person49,44.2959375,False,
25629.0,person50,46.4823125,False,
25629.0,person6,64.4333,False,
25629.0,person9,77.0004375,True,
25630.0,person2,63.9645625,False,
25630.0,person28,34.299375,False,
25630.0,person29,57.1534375,False,
25630.0,person34,34.138075,False,
25630.0,person41,46.9974375,False,
25630.0,person49,44.2959375,False,
25630.0,person50,46.4823125,False,
25630.0,person6,64.4852,False,
25630.0,person9,77.2556125,True,
25631.0,person2,63.9645625,False,
25631.0,person28,34.3604625,False,
25631.0,person29,57.1532625,False,
25631.0,person34,34.138075,False,
25631.0,person41,47.0493375,False,
25631.0,person49,44.2959375,False,
25631.0,person50,46.4823125,False,
25631.0,person6,64.5371,False,
25631.0,person9,77.4878375,True,
25632.0,person2,63.9645625,False,
25632.0,person28,34.398625,False,
25632.0,person29,57.153075,False,
25632.0,person34,34.138075,False,
25632.0,person41,47.1012375,False,
25632.0,person49,44.2959375,False,
25632.0,person50,46.4823125,False,
25632.0,person6,64.589,False,
25632.0,person9,77.6968,True,
25633.0,person2,63.9645625,False,
25633.0,person28,34.4138625,False,
25633.0,person29,57.1529,False,
25633.0,person34,34.138075,False,
25633.0,person41,47.1531375,False,
25633.0,person49,44.2959375,False,
25633.0,person50,46.4823125,False,
25633.0,person6,64.6409125,False,
25633.0,person9,77.6321375,False,
25634.0,person2,63.9645625,False,
25634.0,person28,34.41395,False,
25634.0,person29,57.1527125,False,
25634.0,person34,34.138075,False,
25634.0,person41,47.2050375,False,
25634.0,person49,44.2959375,False,
25634.0,person50,46.4823125,False,
25634.0,person6,64.6928125,False,
25634.0,person9,77.5750875,False,
25635.0,person2,63.9645625,False,
25635.0,person28,34.4137625,False,
25635.0,person29,57.152525,False,
25635.0,person34,34.138075,False,
25635.0,person41,47.25693750000001,False,
25635.0,person49,44.2959375,False,
25635.0,person50,46.4823125,False,
25635.0,person6,64.7447125,False,
25635.0,person9,77.5094625,False,
25636.0,person2,63.9645625,False,
25636.0,person28,34.4135875,False,
25636.0,person29,57.15235,False,
25636.0,person34,34.138075,False,
25636.0,person41,47.3088375,False,
25636.0,person49,44.2959375,False,
25636.0,person50,46.4823125,False,
25636.0,person6,64.7966125,False,
25636.0,person9,77.45285,False,
25637.0,person2,63.9645625,False,
25637.0,person28,34.4134,False,
25637.0,person29,57.1521625,False,
25637.0,person34,34.138075,False,
25637.0,person41,47.36073749999999,False,
25637.0,person49,44.2959375,False,
25637.0,person50,46.4823125,False,
25637.0,person6,64.8485125,False,
25637.0,person9,77.3962,False,
25638.0,person2,63.9645625,False,
25638.0,person28,34.413225,False,
25638.0,person29,57.1519875,False,
25638.0,person34,34.138075,False,
25638.0,person41,47.4126375,False,
25638.0,person49,44.2959375,False,
25638.0,person50,46.4823125,False,
25638.0,person6,64.9004125,False,
25638.0,person9,77.3396,False,
25639.0,person2,63.9645625,False,
25639.0,person28,34.4130375,False,
25639.0,person29,57.1518,False,
25639.0,person34,34.138075,False,
25639.0,person41,47.46453749999999,False,
25639.0,person49,44.2959375,False,
25639.0,person50,46.4823125,False,
25639.0,person6,64.9523125,False,
25639.0,person9,77.28295,False,
25640.0,person2,63.9645625,False,
25640.0,person28,34.41285,False,
25640.0,person29,57.1516125,False,
25640.0,person34,34.138075,False,
25640.0,person41,47.5164375,False,
25640.0,person49,44.2959375,False,
25640.0,person50,46.4823125,False,
25640.0,person6,65.0042125,False,
25640.0,person9,77.448925,True,
25641.0,person2,63.9645625,False,
25641.0,person28,34.412675,False,
25641.0,person29,57.1514375,False,
25641.0,person34,34.138075,False,
25641.0,person41,47.5683375,False,
25641.0,person49,44.2959375,False,
25641.0,person50,46.4823125,False,
25641.0,person6,65.0561125,False,
25641.0,person9,77.6148625,True,
25642.0,person2,63.9645625,False,
25642.0,person28,34.4124875,False,
25642.0,person29,57.15125,False,
25642.0,person34,34.138075,False,
25642.0,person41,47.6202375,False,
25642.0,person49,44.2959375,False,
25642.0,person50,46.4823125,False,
25642.0,person6,65.1080125,False,
25642.0,person9,77.5695125,False,
25643.0,person2,63.9645625,False,
25643.0,person28,34.4123125,False,
25643.0,person29,57.1510625,False,
25643.0,person34,34.138075,False,
25643.0,person41,47.6721375,False,
25643.0,person49,44.2959375,False,
25643.0,person50,46.4823125,False,
25643.0,person6,65.1599125,False,
25643.0,person9,77.484475,False,
25644.0,person2,63.9645625,False,
25644.0,person28,34.412125,False,
25644.0,person29,57.1508875,False,
25644.0,person34,34.138075,False,
25644.0,person41,47.72403750000001,False,
25644.0,person49,44.2959375,False,
25644.0,person50,46.4823125,False,
25644.0,person6,65.2118125,False,
25644.0,person9,76.92075,False,
25645.0,person2,63.9645625,False,
25645.0,person28,34.4119375,False,
25645.0,person29,57.1507,False,
25645.0,person34,34.138075,False,
25645.0,person41,47.77595,False,
25645.0,person49,44.2959375,False,
25645.0,person50,46.4823125,False,
25645.0,person6,65.2637125,False,
25645.0,person9,76.37655,False,
25646.0,person2,63.9645625,False,
25646.0,person28,34.4117625,False,
25646.0,person29,57.150525,False,
25646.0,person34,34.138075,False,
25646.0,person41,47.82785,False,
25646.0,person49,44.2959375,False,
25646.0,person50,46.4823125,False,
25646.0,person6,65.3156125,False,
25646.0,person9,76.3199,False,
25647.0,person2,63.9645625,False,
25647.0,person28,34.411575,False,
25647.0,person29,57.1503375,False,
25647.0,person34,34.138075,False,
25647.0,person41,47.87975000000001,False,
25647.0,person49,44.2959375,False,
25647.0,person50,46.4823125,False,
25647.0,person6,65.3675125,False,
25647.0,person9,76.2602875,False,
25648.0,person2,63.9645625,False,
25648.0,person28,34.4113875,False,
25648.0,person29,57.15015,False,
25648.0,person34,34.138075,False,
25648.0,person41,47.93165,False,
25648.0,person49,44.2959375,False,
25648.0,person50,46.4823125,False,
25648.0,person6,65.4194125,False,
25648.0,person9,76.2027125,False,
25649.0,person2,63.9645625,False,
25649.0,person28,34.4112125,False,
25649.0,person29,57.149975,False,
25649.0,person34,34.138075,False,
25649.0,person41,47.983549999999994,False,
25649.0,person49,44.2959375,False,
25649.0,person50,46.4823125,False,
25649.0,person6,65.4713125,False,
25649.0,person9,76.145325,False,
25650.0,person2,63.9645625,False,
25650.0,person28,34.411025,False,
25650.0,person29,57.1497875,False,
25650.0,person34,34.138075,False,
25650.0,person41,48.03545,False,
25650.0,person49,44.2959375,False,
25650.0,person50,46.4823125,False,
25650.0,person6,65.5232125,False,
25650.0,person9,76.0877625,False,
25651.0,person2,63.9645625,False,
25651.0,person28,34.41085,False,
25651.0,person29,57.1496,False,
25651.0,person34,34.138075,False,
25651.0,person41,48.087349999999994,False,
25651.0,person49,44.2959375,False,
25651.0,person50,46.4823125,False,
25651.0,person6,65.5751125,False,
25651.0,person9,76.0310125,False,
25652.0,person2,63.9645625,False,
25652.0,person28,34.4106625,False,
25652.0,person29,57.149425,False,
25652.0,person34,34.138075,False,
25652.0,person41,48.13925,False,
25652.0,person49,44.2959375,False,
25652.0,person50,46.4823125,False,
25652.0,person6,65.6270125,False,
25652.0,person9,75.9743625,False,
25653.0,person2,63.9645625,False,
25653.0,person28,34.410475,False,
25653.0,person29,57.1492375,False,
25653.0,person34,34.138075,False,
25653.0,person41,48.19115,False,
25653.0,person49,44.2959375,False,
25653.0,person50,46.4823125,False,
25653.0,person6,65.6789125,False,
25653.0,person9,75.9177,False,
25654.0,person2,63.9645625,False,
25654.0,person28,34.4103,False,
25654.0,person29,57.1490625,False,
25654.0,person34,34.138075,False,
25654.0,person41,48.24305,False,
25654.0,person49,44.2959375,False,
25654.0,person50,46.4823125,False,
25654.0,person6,65.7308125,False,
25654.0,person9,75.86105,False,
25655.0,person2,63.9645625,False,
25655.0,person28,34.4101125,False,
25655.0,person29,57.148875,False,
25655.0,person34,34.138075,False,
25655.0,person41,48.29495,False,
25655.0,person49,44.2959375,False,
25655.0,person50,46.4823125,False,
25655.0,person6,65.782725,False,
25655.0,person9,75.8043125,False,
25656.0,person2,63.9645625,False,
25656.0,person28,34.409925,False,
25656.0,person29,57.1486875,False,
25656.0,person34,34.138075,False,
25656.0,person41,48.34685,False,
25656.0,person49,44.2959375,False,
25656.0,person50,46.4823125,False,
25656.0,person6,65.834625,False,
25656.0,person9,75.7474125,False,
25657.0,person2,63.9645625,False,
25657.0,person28,34.40975,False,
25657.0,person29,57.1485125,False,
25657.0,person34,34.138075,False,
25657.0,person41,48.39875,False,
25657.0,person49,44.2959375,False,
25657.0,person50,46.4823125,False,
25657.0,person6,65.886525,False,
25657.0,person9,75.6908125,False,
25658.0,person2,63.9645625,False,
25658.0,person28,34.4095625,False,
25658.0,person29,57.148325,False,
25658.0,person34,34.138075,False,
25658.0,person41,48.450649999999996,False,
25658.0,person49,44.2959375,False,
25658.0,person50,46.4823125,False,
25658.0,person6,65.938425,False,
25658.0,person9,75.634025,False,
25659.0,person2,63.9645625,False,
25659.0,person28,34.4093875,False,
25659.0,person29,57.14815,False,
25659.0,person34,34.138075,False,
25659.0,person41,48.50255,False,
25659.0,person49,44.2959375,False,
25659.0,person50,46.4823125,False,
25659.0,person6,65.990325,False,
25659.0,person9,75.5773625,False,
25660.0,person2,63.9645625,False,
25660.0,person28,34.4092,False,
25660.0,person29,57.1479625,False,
25660.0,person34,34.138075,False,
25660.0,person41,48.55445,False,
25660.0,person49,44.2959375,False,
25660.0,person50,46.4823125,False,
25660.0,person6,66.042225,False,
25660.0,person9,75.5207625,False,
25661.0,person2,63.9645625,False,
25661.0,person28,34.4090125,False,
25661.0,person29,57.147775,False,
25661.0,person34,34.138075,False,
25661.0,person41,48.60635,False,
25661.0,person49,44.2959375,False,
25661.0,person50,46.4823125,False,
25661.0,person6,66.094125,False,
25661.0,person9,75.463475,False,
25662.0,person2,63.9645625,False,
25662.0,person28,34.4088375,False,
25662.0,person29,57.1476,False,
25662.0,person34,34.138075,False,
25662.0,person41,48.65825,False,
25662.0,person49,44.2959375,False,
25662.0,person50,46.4823125,False,
25662.0,person6,66.146025,False,
25662.0,person9,75.4052375,False,
25663.0,person2,63.9645625,False,
25663.0,person28,34.40865,False,
25663.0,person29,57.1474125,False,
25663.0,person34,34.138075,False,
25663.0,person41,48.710150000000006,False,
25663.0,person49,44.2959375,False,
25663.0,person50,46.4823125,False,
25663.0,person6,66.197925,False,
25663.0,person9,75.3463125,False,
25664.0,person2,63.9645625,False,
25664.0,person28,34.4084625,False,
25664.0,person29,57.147225,False,
25664.0,person34,34.138075,False,
25664.0,person41,48.76205,False,
25664.0,person49,44.2959375,False,
25664.0,person50,46.4823125,False,
25664.0,person6,66.249825,False,
25664.0,person9,75.2882875,False,
25665.0,person2,63.9645625,False,
25665.0,person28,34.4082875,False,
25665.0,person29,57.14705,False,
25665.0,person34,34.138075,False,
25665.0,person41,48.813950000000006,False,
25665.0,person49,44.2959375,False,
25665.0,person50,46.4823125,False,
25665.0,person6,66.301725,False,
25665.0,person9,75.2316375,False,
25666.0,person2,63.9645625,False,
25666.0,person28,34.4081,False,
25666.0,person29,57.1468625,False,
25666.0,person34,34.138075,False,
25666.0,person41,48.8658625,False,
25666.0,person49,44.2959375,False,
25666.0,person50,46.4823125,False,
25666.0,person6,66.353625,False,
25666.0,person9,75.1749875,False,
25667.0,person2,63.9645625,False,
25667.0,person28,34.407925,False,
25667.0,person29,57.1466875,False,
25667.0,person34,34.138075,False,
25667.0,person41,48.9177625,False,
25667.0,person49,44.2959375,False,
25667.0,person50,46.4823125,False,
25667.0,person6,66.405525,False,
25667.0,person9,75.1173375,False,
25668.0,person2,63.9645625,False,
25668.0,person28,34.4077375,False,
25668.0,person29,57.1465,False,
25668.0,person34,34.138075,False,
25668.0,person41,48.969662500000005,False,
25668.0,person49,44.2959375,False,
25668.0,person50,46.4823125,False,
25668.0,person6,66.457425,False,
25668.0,person9,75.172175,False,
25669.0,person2,63.9645625,False,
25669.0,person28,34.40755,False,
25669.0,person29,57.1463125,False,
25669.0,person34,34.138075,False,
25669.0,person41,49.0215625,False,
25669.0,person49,44.2959375,False,
25669.0,person50,46.4823125,False,
25669.0,person6,66.509325,False,
25669.0,person9,75.6702125,True,
25670.0,person2,63.9645625,False,
25670.0,person28,34.407375,False,
25670.0,person29,57.1461375,False,
25670.0,person34,34.138075,False,
25670.0,person41,49.07346249999999,False,
25670.0,person49,44.2959375,False,
25670.0,person50,46.4823125,False,
25670.0,person6,66.561225,False,
25670.0,person9,75.9481625,True,
25671.0,person2,63.9645625,False,
25671.0,person28,34.4071875,False,
25671.0,person29,57.14595,False,
25671.0,person34,34.138075,False,
25671.0,person41,49.1253625,False,
25671.0,person49,44.2959375,False,
25671.0,person50,46.4823125,False,
25671.0,person6,66.613125,False,
25671.0,person9,76.0106125,False,
25672.0,person2,63.9645625,False,
25672.0,person28,34.4070125,False,
25672.0,person29,57.1457625,False,
25672.0,person34,34.138075,False,
25672.0,person41,49.1772625,False,
25672.0,person49,44.2959375,False,
25672.0,person50,46.4823125,False,
25672.0,person6,66.665025,False,
25672.0,person9,76.010425,False,
25673.0,person2,63.9645625,False,
25673.0,person28,34.406825,False,
25673.0,person29,57.1455875,False,
25673.0,person34,34.138075,False,
25673.0,person41,49.2291625,False,
25673.0,person49,44.2959375,False,
25673.0,person50,46.4823125,False,
25673.0,person6,66.716925,False,
25673.0,person9,76.0102375,False,
25674.0,person2,63.9645625,False,
25674.0,person28,34.4066375,False,
25674.0,person29,57.1454,False,
25674.0,person34,34.138075,False,
25674.0,person41,49.2810625,False,
25674.0,person49,44.2959375,False,
25674.0,person50,46.4823125,False,
25674.0,person6,66.768825,False,
25674.0,person9,76.0100625,False,
25675.0,person2,63.9645625,False,
25675.0,person28,34.4064625,False,
25675.0,person29,57.145225,False,
25675.0,person34,34.138075,False,
25675.0,person41,49.33296250000001,False,
25675.0,person49,44.2959375,False,
25675.0,person50,46.4823125,False,
25675.0,person6,66.820725,False,
25675.0,person9,76.009875,False,
25676.0,person2,63.9645625,False,
25676.0,person28,34.406275,False,
25676.0,person29,57.1450375,False,
25676.0,person34,34.138075,False,
25676.0,person41,49.3848625,False,
25676.0,person49,44.2959375,False,
25676.0,person50,46.4823125,False,
25676.0,person6,66.8726375,False,
25676.0,person9,76.0097,False,
25677.0,person2,63.9645625,False,
25677.0,person28,34.4060875,False,
25677.0,person29,57.14485,False,
25677.0,person34,34.138075,False,
25677.0,person41,49.43676250000001,False,
25677.0,person49,44.2959375,False,
25677.0,person50,46.4823125,False,
25677.0,person6,66.9245375,False,
25677.0,person9,76.0095125,False,
25678.0,person2,63.9645625,False,
25678.0,person28,34.4059125,False,
25678.0,person29,57.144675,False,
25678.0,person34,34.138075,False,
25678.0,person41,49.4886625,False,
25678.0,person49,44.2959375,False,
25678.0,person50,46.4823125,False,
25678.0,person6,66.9764375,False,
25678.0,person9,76.009325,False,
25679.0,person2,63.9645625,False,
25679.0,person28,34.405725,False,
25679.0,person29,57.1444875,False,
25679.0,person34,34.138075,False,
25679.0,person41,49.54056249999999,False,
25679.0,person49,44.2959375,False,
25679.0,person50,46.4823125,False,
25679.0,person6,67.0283375,False,
25679.0,person9,76.00915,False,
25680.0,person2,63.9645625,False,
25680.0,person28,34.40555,False,
25680.0,person29,57.1443,False,
25680.0,person34,34.138075,False,
25680.0,person41,49.5924625,False,
25680.0,person49,44.2959375,False,
25680.0,person50,46.4823125,False,
25680.0,person6,67.0802375,False,
25680.0,person9,76.0089625,False,
25681.0,person2,63.9645625,False,
25681.0,person28,34.4053625,False,
25681.0,person29,57.144125,False,
25681.0,person34,34.138075,False,
25681.0,person41,49.6443625,False,
25681.0,person49,44.2959375,False,
25681.0,person50,46.4823125,False,
25681.0,person6,67.1321375,False,
25681.0,person9,76.008775,False,
25682.0,person2,63.9645625,False,
25682.0,person28,34.405175,False,
25682.0,person29,57.1439375,False,
25682.0,person34,34.138075,False,
25682.0,person41,49.6962625,False,
25682.0,person49,44.2959375,False,
25682.0,person50,46.4823125,False,
25682.0,person6,67.1840375,False,
25682.0,person9,76.0086,False,
25683.0,person2,63.9645625,False,
25683.0,person28,34.405,False,
25683.0,person29,57.1437625,False,
25683.0,person34,34.138075,False,
25683.0,person41,49.7481625,False,
25683.0,person49,44.2959375,False,
25683.0,person50,46.4823125,False,
25683.0,person6,67.2359375,False,
25683.0,person9,76.0084125,False,
25684.0,person2,63.9645625,False,
25684.0,person28,34.4048125,False,
25684.0,person29,57.143575,False,
25684.0,person34,34.138075,False,
25684.0,person41,49.8000625,False,
25684.0,person49,44.2959375,False,
25684.0,person50,46.4823125,False,
25684.0,person6,67.2878375,False,
25684.0,person9,76.0082375,False,
25685.0,person2,63.9645625,False,
25685.0,person28,34.404625,False,
25685.0,person29,57.1433875,False,
25685.0,person34,34.138075,False,
25685.0,person41,49.8519625,False,
25685.0,person49,44.2959375,False,
25685.0,person50,46.4823125,False,
25685.0,person6,67.3397375,False,
25685.0,person9,76.00805,False,
25686.0,person2,63.9645625,False,
25686.0,person28,34.40445,False,
25686.0,person29,57.1432125,False,
25686.0,person34,34.138075,False,
25686.0,person41,49.903862499999995,False,
25686.0,person49,44.2959375,False,
25686.0,person50,46.4823125,False,
25686.0,person6,67.3916375,False,
25686.0,person9,76.0078625,False,
25687.0,person2,63.9645625,False,
25687.0,person28,34.4042625,False,
25687.0,person29,57.143025,False,
25687.0,person34,34.138075,False,
25687.0,person41,49.955775,False,
25687.0,person49,44.2959375,False,
25687.0,person50,46.4823125,False,
25687.0,person6,67.4435375,False,
25687.0,person9,76.0076875,False,
25688.0,person2,63.9645625,False,
25688.0,person28,34.4040875,False,
25688.0,person29,57.14285,False,
25688.0,person34,34.138075,False,
25688.0,person41,50.007675,False,
25688.0,person49,44.2959375,False,
25688.0,person50,46.4823125,False,
25688.0,person6,67.4954375,False,
25688.0,person9,75.9674875,False,
25689.0,person2,63.9645625,False,
25689.0,person28,34.4039,False,
25689.0,person29,57.1426625,False,
25689.0,person34,34.138075,False,
25689.0,person41,50.059575,False,
25689.0,person49,44.2959375,False,
25689.0,person50,46.4823125,False,
25689.0,person6,67.5473375,False,
25689.0,person9,75.8538375,False,
25690.0,person2,63.9645625,False,
25690.0,person28,34.4037125,False,
25690.0,person29,57.142475,False,
25690.0,person34,34.138075,False,
25690.0,person41,50.111475,False,
25690.0,person49,44.2959375,False,
25690.0,person50,46.4823125,False,
25690.0,person6,67.5992375,False,
25690.0,person9,75.6666375,False,
25691.0,person2,63.9645625,False,
25691.0,person28,34.4035375,False,
25691.0,person29,57.1423,False,
25691.0,person34,34.138075,False,
25691.0,person41,50.163374999999995,False,
25691.0,person49,44.2959375,False,
25691.0,person50,46.4823125,False,
25691.0,person6,67.6511375,False,
25691.0,person9,75.4059,False,
25692.0,person2,63.9645625,False,
25692.0,person28,34.40335,False,
25692.0,person29,57.1421125,False,
25692.0,person34,34.138075,False,
25692.0,person41,50.215275,False,
25692.0,person49,44.2959375,False,
25692.0,person50,46.4823125,False,
25692.0,person6,67.7030375,False,
25692.0,person9,75.07125,False,
25693.0,person2,63.9645625,False,
25693.0,person28,34.403175,False,
25693.0,person29,57.141925,False,
25693.0,person34,34.138075,False,
25693.0,person41,50.267175,False,
25693.0,person49,44.2959375,False,
25693.0,person50,46.4823125,False,
25693.0,person6,67.7549375,False,
25693.0,person9,74.660975,False,
25694.0,person2,63.9645625,False,
25694.0,person28,34.4029875,False,
25694.0,person29,57.14175,False,
25694.0,person34,34.138075,False,
25694.0,person41,50.319075,False,
25694.0,person49,44.2959375,False,
25694.0,person50,46.4823125,False,
25694.0,person6,67.8068375,False,
25694.0,person9,74.0967,False,
25695.0,person2,63.9645625,False,
25695.0,person28,34.4028,False,
25695.0,person29,57.1415625,False,
25695.0,person34,34.138075,False,
25695.0,person41,50.370975,False,
25695.0,person49,44.2959375,False,
25695.0,person50,46.4823125,False,
25695.0,person6,67.8587375,False,
25695.0,person9,73.5421375,False,
25696.0,person2,63.9645625,False,
25696.0,person28,34.402625,False,
25696.0,person29,57.1413875,False,
25696.0,person34,34.138075,False,
25696.0,person41,50.422875000000005,False,
25696.0,person49,44.2959375,False,
25696.0,person50,46.4823125,False,
25696.0,person6,67.9106375,False,
25696.0,person9,73.147025,False,
25697.0,person2,63.9645625,False,
25697.0,person28,34.4024375,False,
25697.0,person29,57.1412,False,
25697.0,person34,34.138075,False,
25697.0,person41,50.474775,False,
25697.0,person49,44.2959375,False,
25697.0,person50,46.4823125,False,
25697.0,person6,67.96255,False,
25697.0,person9,73.3340875,True,
25698.0,person2,63.9645625,False,
25698.0,person28,34.40225,False,
25698.0,person29,57.1410125,False,
25698.0,person34,34.138075,False,
25698.0,person41,50.526675,False,
25698.0,person49,44.2959375,False,
25698.0,person50,46.4823125,False,
25698.0,person6,68.01445,False,
25698.0,person9,73.49825,True,
25699.0,person2,63.9645625,False,
25699.0,person28,34.402075,False,
25699.0,person29,57.1408375,False,
25699.0,person34,34.138075,False,
25699.0,person41,50.578575,False,
25699.0,person49,44.2959375,False,
25699.0,person50,46.4823125,False,
25699.0,person6,68.06635,False,
25699.0,person9,73.6394875,True,
25700.0,person2,63.9645625,False,
25700.0,person28,34.4018875,False,
25700.0,person29,57.14065,False,
25700.0,person34,34.138075,False,
25700.0,person41,50.630475,False,
25700.0,person49,44.2959375,False,
25700.0,person50,46.4823125,False,
25700.0,person6,68.11825,False,
25700.0,person9,73.7578,True,
25701.0,person2,63.9645625,False,
25701.0,person28,34.4017125,False,
25701.0,person29,57.1404625,False,
25701.0,person34,34.138075,False,
25701.0,person41,50.682375,False,
25701.0,person49,44.2959375,False,
25701.0,person50,46.4823125,False,
25701.0,person6,68.17015,False,
25701.0,person9,73.8531875,False,
25702.0,person2,63.9645625,False,
25702.0,person28,34.401525,False,
25702.0,person29,57.1402875,False,
25702.0,person34,34.138075,False,
25702.0,person41,50.734275,False,
25702.0,person49,44.2959375,False,
25702.0,person50,46.4823125,False,
25702.0,person6,68.22205,False,
25702.0,person9,73.92565,False,
25703.0,person2,63.9645625,False,
25703.0,person28,34.4013375,False,
25703.0,person29,57.1401,False,
25703.0,person34,34.138075,False,
25703.0,person41,50.786175,False,
25703.0,person49,44.2959375,False,
25703.0,person50,46.4823125,False,
25703.0,person6,68.27395,False,
25703.0,person9,73.6937875,False,
25704.0,person2,63.9645625,False,
25704.0,person28,34.4011625,False,
25704.0,person29,57.139925,False,
25704.0,person34,34.138075,False,
25704.0,person41,50.838075,False,
25704.0,person49,44.2959375,False,
25704.0,person50,46.4823125,False,
25704.0,person6,68.32585,False,
25704.0,person9,73.3867125,False,
25705.0,person2,63.9645625,False,
25705.0,person28,34.400975,False,
25705.0,person29,57.1397375,False,
25705.0,person34,34.138075,False,
25705.0,person41,50.88997500000001,False,
25705.0,person49,44.2959375,False,
25705.0,person50,46.4823125,False,
25705.0,person6,68.37775,False,
25705.0,person9,72.9971625,False,
25706.0,person2,63.9645625,False,
25706.0,person28,34.4007875,False,
25706.0,person29,57.13955,False,
25706.0,person34,34.138075,False,
25706.0,person41,50.941875,False,
25706.0,person49,44.2959375,False,
25706.0,person50,46.4823125,False,
25706.0,person6,68.42965,False,
25706.0,person9,72.5053625,False,
25707.0,person2,63.9645625,False,
25707.0,person28,34.4006125,False,
25707.0,person29,57.139375,False,
25707.0,person34,34.138075,False,
25707.0,person41,50.99377499999999,False,
25707.0,person49,44.2959375,False,
25707.0,person50,46.4823125,False,
25707.0,person6,68.48155,False,
25707.0,person9,71.9584375,False,
25708.0,person2,63.9645625,False,
25708.0,person28,34.400425,False,
25708.0,person29,57.1391875,False,
25708.0,person34,34.138075,False,
25708.0,person41,51.045675,False,
25708.0,person49,44.2959375,False,
25708.0,person50,46.4823125,False,
25708.0,person6,68.53345,False,
25708.0,person9,71.3256,False,
25709.0,person2,63.9645625,False,
25709.0,person28,34.40025,False,
25709.0,person29,57.1390125,False,
25709.0,person34,34.138075,False,
25709.0,person41,51.0975875,False,
25709.0,person49,44.2959375,False,
25709.0,person50,46.4823125,False,
25709.0,person6,68.58535,False,
25709.0,person9,70.6525375,False,
25710.0,person2,63.9645625,False,
25710.0,person28,34.4000625,False,
25710.0,person29,57.138825,False,
25710.0,person34,34.138075,False,
25710.0,person41,51.14948749999999,False,
25710.0,person49,44.2959375,False,
25710.0,person50,46.4823125,False,
25710.0,person6,68.63725,False,
25710.0,person9,69.9250625,False,
25711.0,person2,63.9645625,False,
25711.0,person28,34.399875,False,
25711.0,person29,57.1386375,False,
25711.0,person34,34.138075,False,
25711.0,person41,51.2013875,False,
25711.0,person49,44.2959375,False,
25711.0,person50,46.4823125,False,
25711.0,person6,68.68915,False,
25711.0,person9,70.157275,True,
25712.0,person2,63.9645625,False,
25712.0,person28,34.3997,False,
25712.0,person29,57.1384625,False,
25712.0,person34,34.138075,False,
25712.0,person41,51.25328749999999,False,
25712.0,person49,44.2959375,False,
25712.0,person50,46.4823125,False,
25712.0,person6,68.74105,False,
25712.0,person9,70.3666375,True,
25713.0,person2,63.9645625,False,
25713.0,person28,34.3995125,False,
25713.0,person29,57.138275,False,
25713.0,person34,34.138075,False,
25713.0,person41,51.3051875,False,
25713.0,person49,44.2959375,False,
25713.0,person50,46.4823125,False,
25713.0,person6,68.79295,False,
25713.0,person9,70.309825,False,
25714.0,person2,63.9645625,False,
25714.0,person28,34.399325,False,
25714.0,person29,57.1380875,False,
25714.0,person34,34.138075,False,
25714.0,person41,51.3570875,False,
25714.0,person49,44.2959375,False,
25714.0,person50,46.4823125,False,
25714.0,person6,68.84485,False,
25714.0,person9,70.253175,False,
25715.0,person2,63.9645625,False,
25715.0,person28,34.39915,False,
25715.0,person29,57.1379125,False,
25715.0,person34,34.138075,False,
25715.0,person41,51.4089875,False,
25715.0,person49,44.2959375,False,
25715.0,person50,46.4823125,False,
25715.0,person6,68.89675,False,
25715.0,person9,70.196575,False,
25716.0,person2,63.9645625,False,
25716.0,person28,34.3989625,False,
25716.0,person29,57.137725,False,
25716.0,person34,34.138075,False,
25716.0,person41,51.4608875,False,
25716.0,person49,44.2959375,False,
25716.0,person50,46.4823125,False,
25716.0,person6,68.94865,False,
25716.0,person9,70.1397375,False,
25717.0,person2,63.9645625,False,
25717.0,person28,34.3987875,False,
25717.0,person29,57.13755,False,
25717.0,person34,34.138075,False,
25717.0,person41,51.51278750000001,False,
25717.0,person49,44.2959375,False,
25717.0,person50,46.4823125,False,
25717.0,person6,69.00055,False,
25717.0,person9,70.0830875,False,
25718.0,person2,63.9645625,False,
25718.0,person28,34.3986,False,
25718.0,person29,57.1373625,False,
25718.0,person34,34.138075,False,
25718.0,person41,51.5646875,False,
25718.0,person49,44.2959375,False,
25718.0,person50,46.4823125,False,
25718.0,person6,69.05245,False,
25718.0,person9,70.025175,False,
25719.0,person2,63.9645625,False,
25719.0,person28,34.3984125,False,
25719.0,person29,57.137175,False,
25719.0,person34,34.138075,False,
25719.0,person41,51.616587499999994,False,
25719.0,person49,44.2959375,False,
25719.0,person50,46.4823125,False,
25719.0,person6,69.1043625,False,
25719.0,person9,69.9685,False,
25720.0,person2,63.9645625,False,
25720.0,person28,34.3982375,False,
25720.0,person29,57.137,False,
25720.0,person34,34.138075,False,
25720.0,person41,51.6684875,False,
25720.0,person49,44.2959375,False,
25720.0,person50,46.4823125,False,
25720.0,person6,69.1562625,False,
25720.0,person9,69.91105,False,
25721.0,person2,63.9645625,False,
25721.0,person28,34.39805,False,
25721.0,person29,57.1368125,False,
25721.0,person34,34.138075,False,
25721.0,person41,51.7203875,False,
25721.0,person49,44.2959375,False,
25721.0,person50,46.4823125,False,
25721.0,person6,69.2081625,False,
25721.0,person9,69.854325,False,
25722.0,person2,63.9645625,False,
25722.0,person28,34.397875,False,
25722.0,person29,57.136625,False,
25722.0,person34,34.138075,False,
25722.0,person41,51.7722875,False,
25722.0,person49,44.2959375,False,
25722.0,person50,46.4823125,False,
25722.0,person6,69.2600625,False,
25722.0,person9,69.797675,False,
25723.0,person2,63.9645625,False,
25723.0,person28,34.3976875,False,
25723.0,person29,57.13645,False,
25723.0,person34,34.138075,False,
25723.0,person41,51.8241875,False,
25723.0,person49,44.2959375,False,
25723.0,person50,46.4823125,False,
25723.0,person6,69.3119625,False,
25723.0,person9,69.741075,False,
25724.0,person2,63.9645625,False,
25724.0,person28,34.3975,False,
25724.0,person29,57.1362625,False,
25724.0,person34,34.138075,False,
25724.0,person41,51.876087500000004,False,
25724.0,person49,44.2959375,False,
25724.0,person50,46.4823125,False,
25724.0,person6,69.3638625,False,
25724.0,person9,69.684425,False,
25725.0,person2,63.9645625,False,
25725.0,person28,34.397325,False,
25725.0,person29,57.1360875,False,
25725.0,person34,34.138075,False,
25725.0,person41,51.9279875,False,
25725.0,person49,44.2959375,False,
25725.0,person50,46.4823125,False,
25725.0,person6,69.4157625,False,
25725.0,person9,69.6278125,False,
25726.0,person2,63.9645625,False,
25726.0,person28,34.3971375,False,
25726.0,person29,57.1359,False,
25726.0,person34,34.138075,False,
25726.0,person41,51.979887500000004,False,
25726.0,person49,44.2959375,False,
25726.0,person50,46.4823125,False,
25726.0,person6,69.4676625,False,
25726.0,person9,69.5671375,False,
25727.0,person2,63.9645625,False,
25727.0,person28,34.39695,False,
25727.0,person29,57.1357125,False,
25727.0,person34,34.138075,False,
25727.0,person41,52.0317875,False,
25727.0,person49,44.2959375,False,
25727.0,person50,46.4823125,False,
25727.0,person6,69.5195625,False,
25727.0,person9,69.510525,False,
25728.0,person2,63.9645625,False,
25728.0,person28,34.396775,False,
25728.0,person29,57.1355375,False,
25728.0,person34,34.138075,False,
25728.0,person41,52.083687499999996,False,
25728.0,person49,44.2959375,False,
25728.0,person50,46.4823125,False,
25728.0,person6,69.5714625,False,
25728.0,person9,69.453875,False,
25729.0,person2,63.9645625,False,
25729.0,person28,34.3965875,False,
25729.0,person29,57.13535,False,
25729.0,person34,34.138075,False,
25729.0,person41,52.1355875,False,
25729.0,person49,44.2959375,False,
25729.0,person50,46.4823125,False,
25729.0,person6,69.6233625,False,
25729.0,person9,69.629025,True,
25730.0,person2,63.9645625,False,
25730.0,person28,34.3964125,False,
25730.0,person29,57.1351625,False,
25730.0,person34,34.138075,False,
25730.0,person41,52.1875,False,
25730.0,person49,44.2959375,False,
25730.0,person50,46.4823125,False,
25730.0,person6,69.6752625,False,
25730.0,person9,69.7938875,True,
25731.0,person2,63.9645625,False,
25731.0,person28,34.396225,False,
25731.0,person29,57.1349875,False,
25731.0,person34,34.138075,False,
25731.0,person41,52.239399999999996,False,
25731.0,person49,44.2959375,False,
25731.0,person50,46.4823125,False,
25731.0,person6,69.7271625,False,
25731.0,person9,69.935825,True,
25732.0,person2,63.9645625,False,
25732.0,person28,34.3960375,False,
25732.0,person29,57.1348,False,
25732.0,person34,34.138075,False,
25732.0,person41,52.2913,False,
25732.0,person49,44.2959375,False,
25732.0,person50,46.4823125,False,
25732.0,person6,69.7790625,False,
25732.0,person9,70.0548625,True,
25733.0,person2,63.9645625,False,
25733.0,person28,34.3958625,False,
25733.0,person29,57.134625,False,
25733.0,person34,34.138075,False,
25733.0,person41,52.3432,False,
25733.0,person49,44.2959375,False,
25733.0,person50,46.4823125,False,
25733.0,person6,69.8309625,False,
25733.0,person9,70.1509625,False,
25734.0,person2,63.9645625,False,
25734.0,person28,34.395675,False,
25734.0,person29,57.1344375,False,
25734.0,person34,34.138075,False,
25734.0,person41,52.3951,False,
25734.0,person49,44.2959375,False,
25734.0,person50,46.4823125,False,
25734.0,person6,69.8828625,False,
25734.0,person9,70.2241375,False,
25735.0,person2,63.9645625,False,
25735.0,person28,34.3954875,False,
25735.0,person29,57.13425,False,
25735.0,person34,34.138075,False,
25735.0,person41,52.447,False,
25735.0,person49,44.2959375,False,
25735.0,person50,46.4823125,False,
25735.0,person6,69.9347625,False,
25735.0,person9,70.2743875,False,
25736.0,person2,63.9645625,False,
25736.0,person28,34.3953125,False,
25736.0,person29,57.134075,False,
25736.0,person34,34.138075,False,
25736.0,person41,52.4989,False,
25736.0,person49,44.2959375,False,
25736.0,person50,46.4823125,False,
25736.0,person6,69.9866625,False,
25736.0,person9,70.3017125,False,
25737.0,person2,63.9645625,False,
25737.0,person28,34.395125,False,
25737.0,person29,57.1338875,False,
25737.0,person34,34.138075,False,
25737.0,person41,52.5508,False,
25737.0,person49,44.2959375,False,
25737.0,person50,46.4823125,False,
25737.0,person6,70.0385625,False,
25737.0,person9,70.30685,False,
25738.0,person2,63.9645625,False,
25738.0,person28,34.39495,False,
25738.0,person29,57.1337125,False,
25738.0,person34,34.138075,False,
25738.0,person41,52.6027,False,
25738.0,person49,44.2959375,False,
25738.0,person50,46.4823125,False,
25738.0,person6,70.0904625,False,
25738.0,person9,70.30685,False,
25739.0,person2,63.9645625,False,
25739.0,person28,34.3947625,False,
25739.0,person29,57.133525,False,
25739.0,person34,34.138075,False,
25739.0,person41,52.6546,False,
25739.0,person49,44.2959375,False,
25739.0,person50,46.4823125,False,
25739.0,person6,70.1423625,False,
25739.0,person9,70.30685,False,
25740.0,person2,63.9645625,False,
25740.0,person28,34.394575,False,
25740.0,person29,57.1333375,False,
25740.0,person34,34.138075,False,
25740.0,person41,52.7065,False,
25740.0,person49,44.2959375,False,
25740.0,person50,46.4823125,False,
25740.0,person6,70.194275,False,
25740.0,person9,70.30685,False,
25741.0,person2,63.9645625,False,
25741.0,person28,34.3944,False,
25741.0,person29,57.1331625,False,
25741.0,person34,34.138075,False,
25741.0,person41,52.7584,False,
25741.0,person49,44.2959375,False,
25741.0,person50,46.4823125,False,
25741.0,person6,70.246175,False,
25741.0,person9,70.30685,False,
25742.0,person2,63.9645625,False,
25742.0,person28,34.3942125,False,
25742.0,person29,57.132975,False,
25742.0,person34,34.138075,False,
25742.0,person41,52.8103,False,
25742.0,person49,44.2959375,False,
25742.0,person50,46.4823125,False,
25742.0,person6,70.298075,False,
25742.0,person9,70.30685,False,
25743.0,person2,63.9645625,False,
25743.0,person28,34.3940375,False,
25743.0,person29,57.1327875,False,
25743.0,person34,34.138075,False,
25743.0,person41,52.8622,False,
25743.0,person49,44.2959375,False,
25743.0,person50,46.4823125,False,
25743.0,person6,70.349975,False,
25743.0,person9,70.30685,False,
25744.0,person2,63.9645625,False,
25744.0,person28,34.39385,False,
25744.0,person29,57.1326125,False,
25744.0,person34,34.138075,False,
25744.0,person41,52.9141,False,
25744.0,person49,44.2959375,False,
25744.0,person50,46.4823125,False,
25744.0,person6,70.401875,False,
25744.0,person9,70.30685,False,
25745.0,person2,63.9645625,False,
25745.0,person28,34.3936625,False,
25745.0,person29,57.132425,False,
25745.0,person34,34.138075,False,
25745.0,person41,52.966,False,
25745.0,person49,44.2959375,False,
25745.0,person50,46.4823125,False,
25745.0,person6,70.453775,False,
25745.0,person9,70.30685,False,
25746.0,person2,63.9645625,False,
25746.0,person28,34.3934875,False,
25746.0,person29,57.13225,False,
25746.0,person34,34.138075,False,
25746.0,person41,53.0179,False,
25746.0,person49,44.2959375,False,
25746.0,person50,46.4823125,False,
25746.0,person6,70.505675,False,
25746.0,person9,70.30685,False,
25747.0,person2,63.9645625,False,
25747.0,person28,34.3933,False,
25747.0,person29,57.1320625,False,
25747.0,person34,34.138075,False,
25747.0,person41,53.0698,False,
25747.0,person49,44.2959375,False,
25747.0,person50,46.4823125,False,
25747.0,person6,70.557575,False,
25747.0,person9,70.30685,False,
25748.0,person2,63.9645625,False,
25748.0,person28,34.3931125,False,
25748.0,person29,57.131875,False,
25748.0,person34,34.138075,False,
25748.0,person41,53.1217,False,
25748.0,person49,44.2959375,False,
25748.0,person50,46.4823125,False,
25748.0,person6,70.609475,False,
25748.0,person9,70.30685,False,
25749.0,person2,63.9645625,False,
25749.0,person28,34.3929375,False,
25749.0,person29,57.1317,False,
25749.0,person34,34.138075,False,
25749.0,person41,53.1736,False,
25749.0,person49,44.2959375,False,
25749.0,person50,46.4823125,False,
25749.0,person6,70.661375,False,
25749.0,person9,70.30685,False,
25750.0,person2,63.9645625,False,
25750.0,person28,34.39275,False,
25750.0,person29,57.1315125,False,
25750.0,person34,34.138075,False,
25750.0,person41,53.2255,False,
25750.0,person49,44.2959375,False,
25750.0,person50,46.4823125,False,
25750.0,person6,70.713275,False,
25750.0,person9,70.30685,False,
25751.0,person2,63.9645625,False,
25751.0,person28,34.392575,False,
25751.0,person29,57.131325,False,
25751.0,person34,34.138075,False,
25751.0,person41,53.2774,False,
25751.0,person49,44.2959375,False,
25751.0,person50,46.4823125,False,
25751.0,person6,70.765175,False,
25751.0,person9,70.30685,False,
25752.0,person2,63.9645625,False,
25752.0,person28,34.3923875,False,
25752.0,person29,57.13115,False,
25752.0,person34,34.138075,False,
25752.0,person41,53.3293125,False,
25752.0,person49,44.2959375,False,
25752.0,person50,46.4823125,False,
25752.0,person6,70.817075,False,
25752.0,person9,70.30685,False,
25753.0,person2,63.9645625,False,
25753.0,person28,34.3922,False,
25753.0,person29,57.1309625,False,
25753.0,person34,34.138075,False,
25753.0,person41,53.3812125,False,
25753.0,person49,44.2959375,False,
25753.0,person50,46.4823125,False,
25753.0,person6,70.868975,False,
25753.0,person9,70.30685,False,
25754.0,person2,63.9645625,False,
25754.0,person28,34.392025,False,
25754.0,person29,57.1307875,False,
25754.0,person34,34.138075,False,
25754.0,person41,53.4331125,False,
25754.0,person49,44.2959375,False,
25754.0,person50,46.4823125,False,
25754.0,person6,70.920875,False,
25754.0,person9,70.30685,False,
25755.0,person2,63.9645625,False,
25755.0,person28,34.3918375,False,
25755.0,person29,57.1306,False,
25755.0,person34,34.138075,False,
25755.0,person41,53.4850125,False,
25755.0,person49,44.2959375,False,
25755.0,person50,46.4823125,False,
25755.0,person6,70.972775,False,
25755.0,person9,70.30685,False,
25756.0,person2,63.9645625,False,
25756.0,person28,34.39165,False,
25756.0,person29,57.1304125,False,
25756.0,person34,34.138075,False,
25756.0,person41,53.5369125,False,
25756.0,person49,44.2959375,False,
25756.0,person50,46.4823125,False,
25756.0,person6,71.024675,False,
25756.0,person9,70.30685,False,
25757.0,person2,63.9645625,False,
25757.0,person28,34.391475,False,
25757.0,person29,57.1302375,False,
25757.0,person34,34.138075,False,
25757.0,person41,53.5888125,False,
25757.0,person49,44.2959375,False,
25757.0,person50,46.4823125,False,
25757.0,person6,71.076575,False,
25757.0,person9,70.30685,False,
25758.0,person2,63.9645625,False,
25758.0,person28,34.3912875,False,
25758.0,person29,57.13005,False,
25758.0,person34,34.138075,False,
25758.0,person41,53.6407125,False,
25758.0,person49,44.2959375,False,
25758.0,person50,46.4823125,False,
25758.0,person6,71.128475,False,
25758.0,person9,70.30685,False,
25759.0,person2,63.9645625,False,
25759.0,person28,34.3911125,False,
25759.0,person29,57.129875,False,
25759.0,person34,34.138075,False,
25759.0,person41,53.6926125,False,
25759.0,person49,44.2959375,False,
25759.0,person50,46.4823125,False,
25759.0,person6,71.180375,False,
25759.0,person9,70.30685,False,
25760.0,person2,63.9645625,False,
25760.0,person28,34.390925,False,
25760.0,person29,57.1296875,False,
25760.0,person34,34.138075,False,
25760.0,person41,53.7445125,False,
25760.0,person49,44.2959375,False,
25760.0,person50,46.4823125,False,
25760.0,person6,71.232275,False,
25760.0,person9,70.30685,False,
25761.0,person2,63.9645625,False,
25761.0,person28,34.3907375,False,
25761.0,person29,57.1295,False,
25761.0,person34,34.138075,False,
25761.0,person41,53.7964125,False,
25761.0,person49,44.2959375,False,
25761.0,person50,46.4823125,False,
25761.0,person6,71.2841875,False,
25761.0,person9,70.30685,False,
25762.0,person2,63.9645625,False,
25762.0,person28,34.3905625,False,
25762.0,person29,57.129325,False,
25762.0,person34,34.138075,False,
25762.0,person41,53.8483125,False,
25762.0,person49,44.2959375,False,
25762.0,person50,46.4823125,False,
25762.0,person6,71.3360875,False,
25762.0,person9,70.30685,False,
25763.0,person2,63.9645625,False,
25763.0,person28,34.390375,False,
25763.0,person29,57.1291375,False,
25763.0,person34,34.138075,False,
25763.0,person41,53.9002125,False,
25763.0,person49,44.2959375,False,
25763.0,person50,46.4823125,False,
25763.0,person6,71.3879875,False,
25763.0,person9,70.30685,False,
25764.0,person2,63.9645625,False,
25764.0,person28,34.3901875,False,
25764.0,person29,57.12895,False,
25764.0,person34,34.138075,False,
25764.0,person41,53.9521125,False,
25764.0,person49,44.2959375,False,
25764.0,person50,46.4823125,False,
25764.0,person6,71.4398875,False,
25764.0,person9,70.30685,False,
25765.0,person2,63.9645625,False,
25765.0,person28,34.3900125,False,
25765.0,person29,57.128775,False,
25765.0,person34,34.138075,False,
25765.0,person41,54.0040125,False,
25765.0,person49,44.2959375,False,
25765.0,person50,46.4823125,False,
25765.0,person6,71.4917875,False,
25765.0,person9,70.30685,False,
25766.0,person2,63.9645625,False,
25766.0,person28,34.389825,False,
25766.0,person29,57.1285875,False,
25766.0,person34,34.138075,False,
25766.0,person41,54.0559125,False,
25766.0,person49,44.2959375,False,
25766.0,person50,46.4823125,False,
25766.0,person6,71.5436875,False,
25766.0,person9,70.30685,False,
25767.0,person2,63.9645625,False,
25767.0,person28,34.38965,False,
25767.0,person29,57.1284125,False,
25767.0,person34,34.138075,False,
25767.0,person41,54.1078125,False,
25767.0,person49,44.2959375,False,
25767.0,person50,46.4823125,False,
25767.0,person6,71.5955875,False,
25767.0,person9,70.30685,False,
25768.0,person2,63.9645625,False,
25768.0,person28,34.3894625,False,
25768.0,person29,57.128225,False,
25768.0,person34,34.138075,False,
25768.0,person41,54.1597125,False,
25768.0,person49,44.2959375,False,
25768.0,person50,46.4823125,False,
25768.0,person6,71.6474875,False,
25768.0,person9,70.30685,False,
25769.0,person2,63.9645625,False,
25769.0,person28,34.389275,False,
25769.0,person29,57.1280375,False,
25769.0,person34,34.138075,False,
25769.0,person41,54.2116125,False,
25769.0,person49,44.2959375,False,
25769.0,person50,46.4823125,False,
25769.0,person6,71.6993875,False,
25769.0,person9,70.30685,False,
25770.0,person2,63.9645625,False,
25770.0,person28,34.3891,False,
25770.0,person29,57.1278625,False,
25770.0,person34,34.138075,False,
25770.0,person41,54.2635125,False,
25770.0,person49,44.2959375,False,
25770.0,person50,46.4823125,False,
25770.0,person6,71.7512875,False,
25770.0,person9,70.30685,False,
25771.0,person2,63.9645625,False,
25771.0,person28,34.3889125,False,
25771.0,person29,57.127675,False,
25771.0,person34,34.138075,False,
25771.0,person41,54.3154125,False,
25771.0,person49,44.2959375,False,
25771.0,person50,46.4823125,False,
25771.0,person6,71.8031875,False,
25771.0,person9,70.30685,False,
25772.0,person2,63.9645625,False,
25772.0,person28,34.3887375,False,
25772.0,person29,57.1274875,False,
25772.0,person34,34.138075,False,
25772.0,person41,54.3673125,False,
25772.0,person49,44.2959375,False,
25772.0,person50,46.4823125,False,
25772.0,person6,71.8550875,False,
25772.0,person9,70.30685,False,
25773.0,person2,63.9645625,False,
25773.0,person28,34.38855,False,
25773.0,person29,57.1273125,False,
25773.0,person34,34.138075,False,
25773.0,person41,54.419225,False,
25773.0,person49,44.2959375,False,
25773.0,person50,46.4823125,False,
25773.0,person6,71.9069875,False,
25773.0,person9,70.30685,False,
25774.0,person2,63.9645625,False,
25774.0,person28,34.3883625,False,
25774.0,person29,57.127125,False,
25774.0,person34,34.138075,False,
25774.0,person41,54.471125,False,
25774.0,person49,44.2959375,False,
25774.0,person50,46.4823125,False,
25774.0,person6,71.9588875,False,
25774.0,person9,70.30685,False,
25775.0,person2,63.9645625,False,
25775.0,person28,34.3881875,False,
25775.0,person29,57.12695,False,
25775.0,person34,34.138075,False,
25775.0,person41,54.523025,False,
25775.0,person49,44.2959375,False,
25775.0,person50,46.4823125,False,
25775.0,person6,72.0107875,False,
25775.0,person9,70.30685,False,
25776.0,person2,63.9645625,False,
25776.0,person28,34.388,False,
25776.0,person29,57.1267625,False,
25776.0,person34,34.138075,False,
25776.0,person41,54.574925,False,
25776.0,person49,44.2959375,False,
25776.0,person50,46.4823125,False,
25776.0,person6,72.0626875,False,
25776.0,person9,70.30685,False,
25777.0,person2,63.9645625,False,
25777.0,person28,34.3878125,False,
25777.0,person29,57.126575,False,
25777.0,person34,34.138075,False,
25777.0,person41,54.626825,False,
25777.0,person49,44.2959375,False,
25777.0,person50,46.4823125,False,
25777.0,person6,72.1145875,False,
25777.0,person9,70.30685,False,
25778.0,person2,63.9645625,False,
25778.0,person28,34.3876375,False,
25778.0,person29,57.1264,False,
25778.0,person34,34.138075,False,
25778.0,person41,54.678725,False,
25778.0,person49,44.2959375,False,
25778.0,person50,46.4823125,False,
25778.0,person6,72.1664875,False,
25778.0,person9,70.30685,False,
25779.0,person2,63.9645625,False,
25779.0,person28,34.38745,False,
25779.0,person29,57.1262125,False,
25779.0,person34,34.138075,False,
25779.0,person41,54.730625,False,
25779.0,person49,44.2959375,False,
25779.0,person50,46.4823125,False,
25779.0,person6,72.2183875,False,
25779.0,person9,70.30685,False,
25780.0,person2,63.9645625,False,
25780.0,person28,34.387275,False,
25780.0,person29,57.1260375,False,
25780.0,person34,34.138075,False,
25780.0,person41,54.782525,False,
25780.0,person49,44.2959375,False,
25780.0,person50,46.4823125,False,
25780.0,person6,72.2702875,False,
25780.0,person9,70.30685,False,
25781.0,person2,63.9645625,False,
25781.0,person28,34.3870875,False,
25781.0,person29,57.12585,False,
25781.0,person34,34.138075,False,
25781.0,person41,54.834425,False,
25781.0,person49,44.2959375,False,
25781.0,person50,46.4823125,False,
25781.0,person6,72.3221875,False,
25781.0,person9,70.30685,False,
25782.0,person2,63.9645625,False,
25782.0,person28,34.3869,False,
25782.0,person29,57.1256625,False,
25782.0,person34,34.138075,False,
25782.0,person41,54.886325,False,
25782.0,person49,44.2959375,False,
25782.0,person50,46.4823125,False,
25782.0,person6,72.3740875,False,
25782.0,person9,70.30685,False,
25783.0,person2,63.9645625,False,
25783.0,person28,34.386725,False,
25783.0,person29,57.1254875,False,
25783.0,person34,34.138075,False,
25783.0,person41,54.938225,False,
25783.0,person49,44.2959375,False,
25783.0,person50,46.4823125,False,
25783.0,person6,72.426,False,
25783.0,person9,70.30685,False,
25784.0,person2,63.9645625,False,
25784.0,person28,34.3865375,False,
25784.0,person29,57.1253,False,
25784.0,person34,34.138075,False,
25784.0,person41,54.990125,False,
25784.0,person49,44.2959375,False,
25784.0,person50,46.4823125,False,
25784.0,person6,72.4779,False,
25784.0,person9,70.30685,False,
25785.0,person2,63.9645625,False,
25785.0,person28,34.38635,False,
25785.0,person29,57.1251125,False,
25785.0,person34,34.138075,False,
25785.0,person41,55.042025,False,
25785.0,person49,44.2959375,False,
25785.0,person50,46.4823125,False,
25785.0,person6,72.5298,False,
25785.0,person9,70.30685,False,
25786.0,person2,63.9645625,False,
25786.0,person28,34.386175,False,
25786.0,person29,57.1249375,False,
25786.0,person34,34.138075,False,
25786.0,person41,55.093925,False,
25786.0,person49,44.2959375,False,
25786.0,person50,46.4823125,False,
25786.0,person6,72.5817,False,
25786.0,person9,70.30685,False,
25787.0,person2,63.9645625,False,
25787.0,person28,34.3859875,False,
25787.0,person29,57.12475,False,
25787.0,person34,34.138075,False,
25787.0,person41,55.145825,False,
25787.0,person49,44.2959375,False,
25787.0,person50,46.4823125,False,
25787.0,person6,72.6336,False,
25787.0,person9,70.30685,False,
25788.0,person2,63.9645625,False,
25788.0,person28,34.3858125,False,
25788.0,person29,57.124575,False,
25788.0,person34,34.138075,False,
25788.0,person41,55.197725,False,
25788.0,person49,44.2959375,False,
25788.0,person50,46.4823125,False,
25788.0,person6,72.6855,False,
25788.0,person9,70.30685,False,
25789.0,person2,63.9645625,False,
25789.0,person28,34.385625,False,
25789.0,person29,57.1243875,False,
25789.0,person34,34.138075,False,
25789.0,person41,55.249625,False,
25789.0,person49,44.2959375,False,
25789.0,person50,46.4823125,False,
25789.0,person6,72.6453,False,
25789.0,person9,70.30685,False,
25790.0,person2,63.9645625,False,
25790.0,person28,34.3854375,False,
25790.0,person29,57.1242,False,
25790.0,person34,34.138075,False,
25790.0,person41,55.301525,False,
25790.0,person49,44.2959375,False,
25790.0,person50,46.4823125,False,
25790.0,person6,72.53165,False,
25790.0,person9,70.30685,False,
25791.0,person2,63.9645625,False,
25791.0,person28,34.3852625,False,
25791.0,person29,57.124025,False,
25791.0,person34,34.138075,False,
25791.0,person41,55.353425,False,
25791.0,person49,44.2959375,False,
25791.0,person50,46.4823125,False,
25791.0,person6,72.3381625,False,
25791.0,person9,70.30685,False,
25792.0,person2,63.9645625,False,
25792.0,person28,34.385075,False,
25792.0,person29,57.1238375,False,
25792.0,person34,34.138075,False,
25792.0,person41,55.405325,False,
25792.0,person49,44.2959375,False,
25792.0,person50,46.4823125,False,
25792.0,person6,72.0775,False,
25792.0,person9,70.30685,False,
25793.0,person2,63.9645625,False,
25793.0,person28,34.3849,False,
25793.0,person29,57.12365,False,
25793.0,person34,34.138075,False,
25793.0,person41,55.457225,False,
25793.0,person49,44.2959375,False,
25793.0,person50,46.4823125,False,
25793.0,person6,71.73755,False,
25793.0,person9,70.30685,False,
25794.0,person2,63.9645625,False,
25794.0,person28,34.3847125,False,
25794.0,person29,57.123475,False,
25794.0,person34,34.138075,False,
25794.0,person41,55.5091375,False,
25794.0,person49,44.2959375,False,
25794.0,person50,46.4823125,False,
25794.0,person6,71.8289625,False,
25794.0,person9,70.30685,False,
25795.0,person2,63.9645625,False,
25795.0,person28,34.384525,False,
25795.0,person29,57.1232875,False,
25795.0,person34,34.138075,False,
25795.0,person41,55.5610375,False,
25795.0,person49,44.2959375,False,
25795.0,person50,46.4823125,False,
25795.0,person6,72.0256625,True,
25795.0,person9,70.30685,False,
25796.0,person2,63.9645625,False,
25796.0,person28,34.38435,False,
25796.0,person29,57.1231125,False,
25796.0,person34,34.138075,False,
25796.0,person41,55.6129375,False,
25796.0,person49,44.2959375,False,
25796.0,person50,46.4823125,False,
25796.0,person6,72.0416,False,
25796.0,person9,70.30685,False,
25797.0,person2,63.9645625,False,
25797.0,person28,34.3841625,False,
25797.0,person29,57.122925,False,
25797.0,person34,34.138075,False,
25797.0,person41,55.6648375,False,
25797.0,person49,44.2959375,False,
25797.0,person50,46.4823125,False,
25797.0,person6,72.0414125,False,
25797.0,person9,70.30685,False,
25798.0,person2,63.9645625,False,
25798.0,person28,34.383975,False,
25798.0,person29,57.1227375,False,
25798.0,person34,34.138075,False,
25798.0,person41,55.7167375,False,
25798.0,person49,44.2959375,False,
25798.0,person50,46.4823125,False,
25798.0,person6,72.0412375,False,
25798.0,person9,70.30685,False,
25799.0,person2,63.9645625,False,
25799.0,person28,34.3838,False,
25799.0,person29,57.1225625,False,
25799.0,person34,34.138075,False,
25799.0,person41,55.7686375,False,
25799.0,person49,44.2959375,False,
25799.0,person50,46.4823125,False,
25799.0,person6,72.04105,False,
25799.0,person9,70.30685,False,
25800.0,person2,63.9645625,False,
25800.0,person28,34.3836125,False,
25800.0,person29,57.122375,False,
25800.0,person34,34.138075,False,
25800.0,person41,55.8205375,False,
25800.0,person49,44.2959375,False,
25800.0,person50,46.4823125,False,
25800.0,person6,72.0408625,False,
25800.0,person9,70.30685,False,
25801.0,person2,63.9645625,False,
25801.0,person28,34.3834375,False,
25801.0,person29,57.1221875,False,
25801.0,person34,34.138075,False,
25801.0,person41,55.8724375,False,
25801.0,person49,44.2959375,False,
25801.0,person50,46.4823125,False,
25801.0,person6,72.0406875,False,
25801.0,person9,70.30685,False,
25802.0,person2,63.9645625,False,
25802.0,person28,34.38325,False,
25802.0,person29,57.1220125,False,
25802.0,person34,34.138075,False,
25802.0,person41,55.9243375,False,
25802.0,person49,44.2959375,False,
25802.0,person50,46.4823125,False,
25802.0,person6,72.0405,False,
25802.0,person9,70.30685,False,
25803.0,person2,63.9645625,False,
25803.0,person28,34.3830625,False,
25803.0,person29,57.121825,False,
25803.0,person34,34.138075,False,
25803.0,person41,55.9762375,False,
25803.0,person49,44.2959375,False,
25803.0,person50,46.4823125,False,
25803.0,person6,72.040325,False,
25803.0,person9,70.30685,False,
25804.0,person2,63.9645625,False,
25804.0,person28,34.3828875,False,
25804.0,person29,57.12165,False,
25804.0,person34,34.138075,False,
25804.0,person35,50.0,False,
25804.0,person41,56.0281375,False,
25804.0,person49,44.2959375,False,
25804.0,person50,46.4823125,False,
25804.0,person6,72.0401375,False,
25804.0,person9,70.30685,False,
25805.0,person2,63.9645625,False,
25805.0,person28,34.3827,False,
25805.0,person29,57.1214625,False,
25805.0,person34,34.138075,False,
25805.0,person35,49.9598125,False,
25805.0,person41,56.0800375,False,
25805.0,person49,44.2959375,False,
25805.0,person50,46.4823125,False,
25805.0,person6,72.03995,False,
25805.0,person9,70.30685,False,
25806.0,person2,63.9645625,False,
25806.0,person28,34.3825125,False,
25806.0,person29,57.121275,False,
25806.0,person34,34.138075,False,
25806.0,person35,49.84615,False,
25806.0,person41,56.1319375,False,
25806.0,person49,44.2959375,False,
25806.0,person50,46.4823125,False,
25806.0,person6,72.039775,False,
25806.0,person9,70.30685,False,
25807.0,person2,63.9645625,False,
25807.0,person28,34.3823375,False,
25807.0,person29,57.1211,False,
25807.0,person34,34.138075,False,
25807.0,person35,49.659025,False,
25807.0,person41,56.1838375,False,
25807.0,person49,44.2959375,False,
25807.0,person50,46.4823125,False,
25807.0,person6,72.0395875,False,
25807.0,person9,70.30685,False,
25808.0,person2,63.9645625,False,
25808.0,person28,34.38215,False,
25808.0,person29,57.1209125,False,
25808.0,person34,34.138075,False,
25808.0,person35,49.3984375,False,
25808.0,person41,56.2357375,False,
25808.0,person49,44.2959375,False,
25808.0,person50,46.4823125,False,
25808.0,person6,72.0394,False,
25808.0,person9,70.30685,False,
25809.0,person2,63.9645625,False,
25809.0,person28,34.381975,False,
25809.0,person29,57.1207375,False,
25809.0,person34,34.138075,False,
25809.0,person35,49.0643625,False,
25809.0,person41,56.2876375,False,
25809.0,person49,44.2959375,False,
25809.0,person50,46.4823125,False,
25809.0,person6,72.039225,False,
25809.0,person9,70.30685,False,
25810.0,person2,63.9645625,False,
25810.0,person28,34.3817875,False,
25810.0,person29,57.12055,False,
25810.0,person34,34.138075,False,
25810.0,person35,48.6568,False,
25810.0,person41,56.3395375,False,
25810.0,person49,44.2959375,False,
25810.0,person50,46.4823125,False,
25810.0,person6,71.999025,False,
25810.0,person9,70.30685,False,
25811.0,person2,63.9645625,False,
25811.0,person28,34.3816,False,
25811.0,person29,57.1203625,False,
25811.0,person34,34.138075,False,
25811.0,person35,48.17575,False,
25811.0,person41,56.3914375,False,
25811.0,person49,44.2959375,False,
25811.0,person50,46.4823125,False,
25811.0,person6,71.88535,False,
25811.0,person9,70.30685,False,
25812.0,person2,63.9645625,False,
25812.0,person28,34.381425,False,
25812.0,person29,57.1201875,False,
25812.0,person34,34.138075,False,
25812.0,person35,47.62118749999999,False,
25812.0,person41,56.4433375,False,
25812.0,person49,44.2959375,False,
25812.0,person50,46.4823125,False,
25812.0,person6,71.6926375,False,
25812.0,person9,70.30685,False,
25813.0,person2,63.9645625,False,
25813.0,person28,34.3812375,False,
25813.0,person29,57.12,False,
25813.0,person34,34.138075,False,
25813.0,person35,47.4271,False,
25813.0,person41,56.4952375,False,
25813.0,person49,44.2959375,False,
25813.0,person50,46.4823125,False,
25813.0,person6,71.3950375,False,
25813.0,person9,70.30685,False,
25814.0,person2,63.9645625,False,
25814.0,person28,34.3810625,False,
25814.0,person29,57.1198125,False,
25814.0,person34,34.138075,False,
25814.0,person35,47.3726,False,
25814.0,person41,56.5471375,False,
25814.0,person49,44.2959375,False,
25814.0,person50,46.4823125,False,
25814.0,person6,71.21585,False,
25814.0,person9,70.30685,False,
25815.0,person2,63.9645625,False,
25815.0,person28,34.380875,False,
25815.0,person29,57.1196375,False,
25815.0,person34,34.138075,False,
25815.0,person35,47.317675,False,
25815.0,person41,56.5990375,False,
25815.0,person49,44.2959375,False,
25815.0,person50,46.4823125,False,
25815.0,person6,71.3054875,False,
25815.0,person9,70.30685,False,
25816.0,person2,63.9645625,False,
25816.0,person28,34.3806875,False,
25816.0,person29,57.11945,False,
25816.0,person34,34.138075,False,
25816.0,person35,47.263149999999996,False,
25816.0,person41,56.65095,False,
25816.0,person49,44.2959375,False,
25816.0,person50,46.4823125,False,
25816.0,person6,71.3729125,False,
25816.0,person9,70.30685,False,
25817.0,person2,63.9645625,False,
25817.0,person28,34.3805125,False,
25817.0,person29,57.119275,False,
25817.0,person34,34.138075,False,
25817.0,person35,47.2081625,False,
25817.0,person41,56.70285,False,
25817.0,person49,44.2959375,False,
25817.0,person50,46.4823125,False,
25817.0,person6,71.4173875,False,
25817.0,person9,70.30685,False,
25818.0,person2,63.9645625,False,
25818.0,person28,34.380325,False,
25818.0,person29,57.1190875,False,
25818.0,person34,34.138075,False,
25818.0,person35,47.1537125,False,
25818.0,person41,56.75475,False,
25818.0,person49,44.2959375,False,
25818.0,person50,46.4823125,False,
25818.0,person6,71.43895,False,
25818.0,person9,70.30685,False,
25819.0,person2,63.9645625,False,
25819.0,person28,34.3801375,False,
25819.0,person29,57.1189,False,
25819.0,person34,34.138075,False,
25819.0,person35,47.0674,False,
25819.0,person41,56.80665,False,
25819.0,person49,44.2959375,False,
25819.0,person50,46.4823125,False,
25819.0,person6,71.4408,False,
25819.0,person9,70.30685,False,
25820.0,person2,63.9645625,False,
25820.0,person28,34.3799625,False,
25820.0,person29,57.118725,False,
25820.0,person34,34.138075,False,
25820.0,person35,47.0090125,False,
25820.0,person41,56.85855,False,
25820.0,person49,44.2959375,False,
25820.0,person50,46.4823125,False,
25820.0,person6,71.4406125,False,
25820.0,person9,70.30685,False,
25821.0,person2,63.9645625,False,
25821.0,person28,34.379775,False,
25821.0,person29,57.1185375,False,
25821.0,person34,34.138075,False,
25821.0,person35,46.9545125,False,
25821.0,person41,56.91045,False,
25821.0,person49,44.2959375,False,
25821.0,person50,46.4823125,False,
25821.0,person6,71.4404375,False,
25821.0,person9,70.30685,False,
25822.0,person2,63.9645625,False,
25822.0,person28,34.3796,False,
25822.0,person29,57.11835,False,
25822.0,person34,34.138075,False,
25822.0,person35,46.9000125,False,
25822.0,person41,56.96235,False,
25822.0,person49,44.2959375,False,
25822.0,person50,46.4823125,False,
25822.0,person6,71.44025,False,
25822.0,person9,70.30685,False,
25823.0,person2,63.9645625,False,
25823.0,person28,34.3794125,False,
25823.0,person29,57.118175,False,
25823.0,person34,34.138075,False,
25823.0,person35,46.845512500000005,False,
25823.0,person41,57.01425,False,
25823.0,person49,44.2959375,False,
25823.0,person50,46.4823125,False,
25823.0,person6,71.440075,False,
25823.0,person9,70.30685,False,
25824.0,person2,63.9645625,False,
25824.0,person28,34.379225,False,
25824.0,person29,57.1179875,False,
25824.0,person34,34.138075,False,
25824.0,person35,46.7910125,False,
25824.0,person41,57.06615,False,
25824.0,person49,44.2959375,False,
25824.0,person50,46.4823125,False,
25824.0,person6,71.4398875,False,
25824.0,person9,70.30685,False,
25825.0,person2,63.9645625,False,
25825.0,person28,34.37905,False,
25825.0,person29,57.1178125,False,
25825.0,person34,34.138075,False,
25825.0,person35,46.7365625,False,
25825.0,person41,57.11805,False,
25825.0,person49,44.2959375,False,
25825.0,person50,46.4823125,False,
25825.0,person6,71.4397,False,
25825.0,person9,70.30685,False,
25826.0,person2,63.9645625,False,
25826.0,person28,34.3788625,False,
25826.0,person29,57.117625,False,
25826.0,person34,34.138075,False,
25826.0,person35,46.6820625,False,
25826.0,person41,57.16995,False,
25826.0,person49,44.2959375,False,
25826.0,person50,46.4823125,False,
25826.0,person6,71.439525,False,
25826.0,person9,70.30685,False,
25827.0,person2,63.9645625,False,
25827.0,person28,34.378675,False,
25827.0,person29,57.1174375,False,
25827.0,person34,34.138075,False,
25827.0,person35,47.0679125,True,
25827.0,person41,57.22185,False,
25827.0,person49,44.2959375,False,
25827.0,person50,46.4823125,False,
25827.0,person6,71.4393375,False,
25827.0,person9,70.30685,False,
25828.0,person2,63.9645625,False,
25828.0,person28,34.3785,False,
25828.0,person29,57.1172625,False,
25828.0,person34,34.138075,False,
25828.0,person35,47.407375,True,
25828.0,person41,57.27375,False,
25828.0,person49,44.2959375,False,
25828.0,person50,46.4823125,False,
25828.0,person6,71.43915,False,
25828.0,person9,70.30685,False,
25829.0,person2,63.9645625,False,
25829.0,person28,34.3783125,False,
25829.0,person29,57.117075,False,
25829.0,person34,34.138075,False,
25829.0,person35,47.525512500000005,True,
25829.0,person41,57.32565,False,
25829.0,person49,44.2959375,False,
25829.0,person50,46.4823125,False,
25829.0,person6,71.438975,False,
25829.0,person9,70.30685,False,
25830.0,person2,63.9645625,False,
25830.0,person28,34.3781375,False,
25830.0,person29,57.1169,False,
25830.0,person34,34.138075,False,
25830.0,person35,47.52542499999999,False,
25830.0,person41,57.37755,False,
25830.0,person49,44.2959375,False,
25830.0,person50,46.4823125,False,
25830.0,person6,71.4387875,False,
25830.0,person9,70.30685,False,
25831.0,person2,63.9645625,False,
25831.0,person28,34.37795,False,
25831.0,person29,57.1167125,False,
25831.0,person34,34.138075,False,
25831.0,person35,47.5252375,False,
25831.0,person41,57.42945,False,
25831.0,person49,44.2959375,False,
25831.0,person50,46.4823125,False,
25831.0,person6,71.4386125,False,
25831.0,person9,70.30685,False,
25832.0,person2,63.9645625,False,
25832.0,person28,34.3777625,False,
25832.0,person29,57.116525,False,
25832.0,person34,34.138075,False,
25832.0,person35,47.52505,False,
25832.0,person41,57.48135,False,
25832.0,person49,44.2959375,False,
25832.0,person50,46.4823125,False,
25832.0,person6,71.438425,False,
25832.0,person9,70.30685,False,
25833.0,person2,63.9645625,False,
25833.0,person28,34.3775875,False,
25833.0,person29,57.11635,False,
25833.0,person34,34.138075,False,
25833.0,person35,47.524875,False,
25833.0,person41,57.53325,False,
25833.0,person49,44.2959375,False,
25833.0,person50,46.4823125,False,
25833.0,person6,71.4382375,False,
25833.0,person9,70.30685,False,
25834.0,person2,63.9645625,False,
25834.0,person28,34.4294875,False,
25834.0,person29,57.1161625,False,
25834.0,person34,34.138075,False,
25834.0,person35,47.5246875,False,
25834.0,person41,57.58515,False,
25834.0,person49,44.2959375,False,
25834.0,person50,46.4823125,False,
25834.0,person6,71.4380625,False,
25834.0,person9,70.30685,False,
25835.0,person2,63.9645625,False,
25835.0,person28,34.4813875,False,
25835.0,person29,57.115975,False,
25835.0,person34,34.138075,False,
25835.0,person35,47.5245125,False,
25835.0,person41,57.63705,False,
25835.0,person49,44.2959375,False,
25835.0,person50,46.4823125,False,
25835.0,person6,71.437875,False,
25835.0,person9,70.30685,False,
25836.0,person2,63.9645625,False,
25836.0,person28,34.5332875,False,
25836.0,person29,57.1158,False,
25836.0,person34,34.138075,False,
25836.0,person35,47.524325,False,
25836.0,person41,57.68895,False,
25836.0,person49,44.2959375,False,
25836.0,person50,46.4823125,False,
25836.0,person6,71.4377,False,
25836.0,person9,70.30685,False,
25837.0,person2,63.9645625,False,
25837.0,person28,34.5851875,False,
25837.0,person29,57.1156125,False,
25837.0,person34,34.138075,False,
25837.0,person35,47.5241375,False,
25837.0,person41,57.7408625,False,
25837.0,person49,44.2959375,False,
25837.0,person50,46.4823125,False,
25837.0,person6,71.4375125,False,
25837.0,person9,70.30685,False,
25838.0,person2,63.9645625,False,
25838.0,person28,34.6370875,False,
25838.0,person29,57.1154375,False,
25838.0,person34,34.138075,False,
25838.0,person35,47.5239625,False,
25838.0,person41,57.7927625,False,
25838.0,person49,44.2959375,False,
25838.0,person50,46.4823125,False,
25838.0,person6,71.437325,False,
25838.0,person9,70.30685,False,
25839.0,person2,63.9645625,False,
25839.0,person28,34.6889875,False,
25839.0,person29,57.11525,False,
25839.0,person34,34.138075,False,
25839.0,person35,47.52377499999999,False,
25839.0,person41,57.8446625,False,
25839.0,person49,44.2959375,False,
25839.0,person50,46.4823125,False,
25839.0,person6,71.43715,False,
25839.0,person9,70.30685,False,
25840.0,person2,63.9645625,False,
25840.0,person28,34.7408875,False,
25840.0,person29,57.1150625,False,
25840.0,person34,34.138075,False,
25840.0,person35,47.523587500000005,False,
25840.0,person41,57.8965625,False,
25840.0,person49,44.2959375,False,
25840.0,person50,46.4823125,False,
25840.0,person6,71.4369625,False,
25840.0,person9,70.30685,False,
25841.0,person2,63.9645625,False,
25841.0,person28,34.7927875,False,
25841.0,person29,57.1148875,False,
25841.0,person34,34.138075,False,
25841.0,person35,47.523412500000006,False,
25841.0,person41,57.9484625,False,
25841.0,person49,44.2959375,False,
25841.0,person50,46.4823125,False,
25841.0,person6,71.436775,False,
25841.0,person9,70.30685,False,
25842.0,person2,63.9645625,False,
25842.0,person28,34.8446875,False,
25842.0,person29,57.1147,False,
25842.0,person34,34.138075,False,
25842.0,person35,47.523225,False,
25842.0,person41,58.0003625,False,
25842.0,person49,44.2959375,False,
25842.0,person50,46.4823125,False,
25842.0,person6,71.4366,False,
25842.0,person9,70.30685,False,
25843.0,person2,63.9645625,False,
25843.0,person28,34.8965875,False,
25843.0,person29,57.1145125,False,
25843.0,person34,34.138075,False,
25843.0,person35,47.52305,False,
25843.0,person41,58.0522625,False,
25843.0,person49,44.2959375,False,
25843.0,person50,46.4823125,False,
25843.0,person6,71.4364125,False,
25843.0,person9,70.30685,False,
25844.0,person2,63.9645625,False,
25844.0,person28,34.9484875,False,
25844.0,person29,57.1143375,False,
25844.0,person34,34.138075,False,
25844.0,person35,47.5228625,False,
25844.0,person41,58.1041625,False,
25844.0,person49,44.2959375,False,
25844.0,person50,46.4823125,False,
25844.0,person6,71.4362375,False,
25844.0,person9,70.30685,False,
25845.0,person2,63.9645625,False,
25845.0,person28,35.0003875,False,
25845.0,person29,57.11415,False,
25845.0,person34,34.138075,False,
25845.0,person35,47.522675,False,
25845.0,person41,58.1560625,False,
25845.0,person49,44.2959375,False,
25845.0,person50,46.4823125,False,
25845.0,person6,71.43605,False,
25845.0,person9,70.30685,False,
25846.0,person2,63.9645625,False,
25846.0,person28,35.0522875,False,
25846.0,person29,57.113975,False,
25846.0,person34,34.138075,False,
25846.0,person35,47.5225,False,
25846.0,person41,58.2079625,False,
25846.0,person49,44.2959375,False,
25846.0,person50,46.4823125,False,
25846.0,person6,71.4358625,False,
25846.0,person9,70.30685,False,
25847.0,person2,63.9645625,False,
25847.0,person28,35.1041875,False,
25847.0,person29,57.1137875,False,
25847.0,person34,34.138075,False,
25847.0,person35,47.5223125,False,
25847.0,person41,58.2598625,False,
25847.0,person49,44.2959375,False,
25847.0,person50,46.4823125,False,
25847.0,person6,71.4356875,False,
25847.0,person9,70.30685,False,
25848.0,person2,63.9645625,False,
25848.0,person28,35.1560875,False,
25848.0,person29,57.1136,False,
25848.0,person34,34.138075,False,
25848.0,person35,47.482124999999996,False,
25848.0,person41,58.3117625,False,
25848.0,person49,44.2959375,False,
25848.0,person50,46.4823125,False,
25848.0,person6,71.4355,False,
25848.0,person9,70.30685,False,
25849.0,person2,63.9645625,False,
25849.0,person28,35.2079875,False,
25849.0,person29,57.113425,False,
25849.0,person34,34.138075,False,
25849.0,person35,47.367875000000005,False,
25849.0,person41,58.3636625,False,
25849.0,person49,44.2959375,False,
25849.0,person50,46.4823125,False,
25849.0,person6,71.4353125,False,
25849.0,person9,70.30685,False,
25850.0,person2,63.9645625,False,
25850.0,person28,35.2599,False,
25850.0,person29,57.1132375,False,
25850.0,person34,34.138075,False,
25850.0,person35,47.177425,False,
25850.0,person41,58.4155625,False,
25850.0,person49,44.2959375,False,
25850.0,person50,46.4823125,False,
25850.0,person6,71.4351375,False,
25850.0,person9,70.30685,False,
25851.0,person2,63.9645625,False,
25851.0,person28,35.3118,False,
25851.0,person29,57.11305,False,
25851.0,person34,34.138075,False,
25851.0,person35,46.9063375,False,
25851.0,person41,58.4674625,False,
25851.0,person49,44.2959375,False,
25851.0,person50,46.4823125,False,
25851.0,person6,71.43495,False,
25851.0,person9,70.30685,False,
25852.0,person2,63.9645625,False,
25852.0,person28,35.3637,False,
25852.0,person29,57.112875,False,
25852.0,person34,34.138075,False,
25852.0,person35,46.5615625,False,
25852.0,person41,58.5193625,False,
25852.0,person49,44.2959375,False,
25852.0,person50,46.4823125,False,
25852.0,person6,71.434775,False,
25852.0,person9,70.30685,False,
25853.0,person2,63.9645625,False,
25853.0,person28,35.4156,False,
25853.0,person29,57.1126875,False,
25853.0,person34,34.138075,False,
25853.0,person35,46.1524,False,
25853.0,person41,58.5712625,False,
25853.0,person49,44.2959375,False,
25853.0,person50,46.4823125,False,
25853.0,person6,71.4345875,False,
25853.0,person9,70.30685,False,
25854.0,person2,63.9645625,False,
25854.0,person28,35.4675,False,
25854.0,person29,57.1125125,False,
25854.0,person34,34.138075,False,
25854.0,person35,45.664437500000005,False,
25854.0,person41,58.6231625,False,
25854.0,person49,44.2959375,False,
25854.0,person50,46.4823125,False,
25854.0,person6,71.4344,False,
25854.0,person9,70.30685,False,
25855.0,person2,63.9645625,False,
25855.0,person28,35.5194,False,
25855.0,person29,57.112325,False,
25855.0,person34,34.138075,False,
25855.0,person35,45.0637625,False,
25855.0,person41,58.6750625,False,
25855.0,person49,44.2959375,False,
25855.0,person50,46.4823125,False,
25855.0,person6,71.434225,False,
25855.0,person9,70.30685,False,
25856.0,person2,63.9645625,False,
25856.0,person28,35.5713,False,
25856.0,person29,57.1121375,False,
25856.0,person34,34.138075,False,
25856.0,person35,44.8634125,False,
25856.0,person41,58.7269625,False,
25856.0,person49,44.2959375,False,
25856.0,person50,46.4823125,False,
25856.0,person6,71.4340375,False,
25856.0,person9,70.30685,False,
25857.0,person2,63.9645625,False,
25857.0,person28,35.6232,False,
25857.0,person29,57.1119625,False,
25857.0,person34,34.138075,False,
25857.0,person35,44.80891249999999,False,
25857.0,person41,58.7788625,False,
25857.0,person49,44.2959375,False,
25857.0,person50,46.4823125,False,
25857.0,person6,71.4338625,False,
25857.0,person9,70.30685,False,
25858.0,person2,63.9645625,False,
25858.0,person28,35.6751,False,
25858.0,person29,57.111775,False,
25858.0,person34,34.138075,False,
25858.0,person35,44.7544125,False,
25858.0,person41,58.830775,False,
25858.0,person49,44.2959375,False,
25858.0,person50,46.4823125,False,
25858.0,person6,71.433675,False,
25858.0,person9,70.30685,False,
25859.0,person2,63.9645625,False,
25859.0,person28,35.727,False,
25859.0,person29,57.1116,False,
25859.0,person34,34.138075,False,
25859.0,person35,44.69983750000001,False,
25859.0,person41,58.882675,False,
25859.0,person49,44.2959375,False,
25859.0,person50,46.4823125,False,
25859.0,person6,71.4334875,False,
25859.0,person9,70.30685,False,
25860.0,person2,63.9645625,False,
25860.0,person28,35.7789,False,
25860.0,person29,57.1114125,False,
25860.0,person34,34.138075,False,
25860.0,person35,44.6450125,False,
25860.0,person41,58.934575,False,
25860.0,person49,44.2959375,False,
25860.0,person50,46.4823125,False,
25860.0,person6,71.4333125,False,
25860.0,person9,70.30685,False,
25861.0,person2,63.9645625,False,
25861.0,person28,35.8308,False,
25861.0,person29,57.111225,False,
25861.0,person34,34.138075,False,
25861.0,person35,44.5900875,False,
25861.0,person41,58.986475,False,
25861.0,person49,44.2959375,False,
25861.0,person50,46.4823125,False,
25861.0,person6,71.433125,False,
25861.0,person9,70.30685,False,
25862.0,person2,63.9645625,False,
25862.0,person28,35.8827,False,
25862.0,person29,57.11105,False,
25862.0,person34,34.138075,False,
25862.0,person35,44.5355875,False,
25862.0,person41,59.038375,False,
25862.0,person49,44.2959375,False,
25862.0,person50,46.4823125,False,
25862.0,person6,71.4329375,False,
25862.0,person9,70.30685,False,
25863.0,person2,63.9645625,False,
25863.0,person28,35.9346,False,
25863.0,person29,57.1108625,False,
25863.0,person34,34.138075,False,
25863.0,person35,44.4808125,False,
25863.0,person41,59.090275,False,
25863.0,person49,44.2959375,False,
25863.0,person50,46.4823125,False,
25863.0,person6,71.4327625,False,
25863.0,person9,70.30685,False,
25864.0,person2,63.9645625,False,
25864.0,person28,35.9865,False,
25864.0,person29,57.110675,False,
25864.0,person34,34.138075,False,
25864.0,person35,44.4260625,False,
25864.0,person41,59.142175,False,
25864.0,person49,44.2959375,False,
25864.0,person50,46.4823125,False,
25864.0,person6,71.432575,False,
25864.0,person9,70.30685,False,
25865.0,person2,63.9645625,False,
25865.0,person28,36.0384,False,
25865.0,person29,57.1105,False,
25865.0,person34,34.138075,False,
25865.0,person35,44.37145,False,
25865.0,person41,59.194075,False,
25865.0,person49,44.2959375,False,
25865.0,person50,46.4823125,False,
25865.0,person6,71.4324,False,
25865.0,person9,70.30685,False,
25866.0,person2,63.9645625,False,
25866.0,person28,36.0903,False,
25866.0,person29,57.1103125,False,
25866.0,person34,34.138075,False,
25866.0,person35,44.534262500000004,True,
25866.0,person41,59.245975,False,
25866.0,person49,44.2959375,False,
25866.0,person50,46.4823125,False,
25866.0,person6,71.4322125,False,
25866.0,person9,70.30685,False,
25867.0,person2,63.9645625,False,
25867.0,person28,36.1422,False,
25867.0,person29,57.1101375,False,
25867.0,person34,34.138075,False,
25867.0,person35,44.6923125,True,
25867.0,person41,59.297875,False,
25867.0,person49,44.2959375,False,
25867.0,person50,46.4823125,False,
25867.0,person6,71.432025,False,
25867.0,person9,70.30685,False,
25868.0,person2,63.9645625,False,
25868.0,person28,36.1941,False,
25868.0,person29,57.10995,False,
25868.0,person34,34.138075,False,
25868.0,person35,44.8262375,True,
25868.0,person41,59.349775,False,
25868.0,person49,44.2959375,False,
25868.0,person50,46.4823125,False,
25868.0,person6,71.43185,False,
25868.0,person9,70.30685,False,
25869.0,person2,63.9645625,False,
25869.0,person28,36.246,False,
25869.0,person29,57.1097625,False,
25869.0,person34,34.138075,False,
25869.0,person35,44.936899999999994,True,
25869.0,person41,59.401675,False,
25869.0,person49,44.2959375,False,
25869.0,person50,46.4823125,False,
25869.0,person6,71.4316625,False,
25869.0,person9,70.30685,False,
25870.0,person2,63.9645625,False,
25870.0,person28,36.2979,False,
25870.0,person29,57.1095875,False,
25870.0,person34,34.138075,False,
25870.0,person35,45.0220875,False,
25870.0,person41,59.453575,False,
25870.0,person49,44.2959375,False,
25870.0,person50,46.4823125,False,
25870.0,person6,71.431475,False,
25870.0,person9,70.30685,False,
25871.0,person2,63.9645625,False,
25871.0,person28,36.3498125,False,
25871.0,person29,57.1094,False,
25871.0,person34,34.138075,False,
25871.0,person35,45.057375,False,
25871.0,person41,59.505475,False,
25871.0,person49,44.2959375,False,
25871.0,person50,46.4823125,False,
25871.0,person6,71.4313,False,
25871.0,person9,70.30685,False,
25872.0,person2,63.9645625,False,
25872.0,person28,36.4017125,False,
25872.0,person29,57.1092125,False,
25872.0,person34,34.138075,False,
25872.0,person35,45.035575,False,
25872.0,person41,59.557375,False,
25872.0,person49,44.2959375,False,
25872.0,person50,46.4823125,False,
25872.0,person6,71.4311125,False,
25872.0,person9,70.30685,False,
25873.0,person2,63.9645625,False,
25873.0,person28,36.4536125,False,
25873.0,person29,57.1090375,False,
25873.0,person34,34.138075,False,
25873.0,person35,45.016425,False,
25873.0,person41,59.609275,False,
25873.0,person49,44.2959375,False,
25873.0,person50,46.4823125,False,
25873.0,person6,71.4309375,False,
25873.0,person9,70.30685,False,
25874.0,person2,63.9645625,False,
25874.0,person28,36.5055125,False,
25874.0,person29,57.10885,False,
25874.0,person34,34.138075,False,
25874.0,person35,44.998149999999995,False,
25874.0,person41,59.661175,False,
25874.0,person49,44.2959375,False,
25874.0,person50,46.4823125,False,
25874.0,person6,71.43075,False,
25874.0,person9,70.30685,False,
25875.0,person2,63.9645625,False,
25875.0,person28,36.5574125,False,
25875.0,person29,57.108675,False,
25875.0,person34,34.138075,False,
25875.0,person35,44.979887500000004,False,
25875.0,person41,59.713075,False,
25875.0,person49,44.2959375,False,
25875.0,person50,46.4823125,False,
25875.0,person6,71.4305625,False,
25875.0,person9,70.30685,False,
25876.0,person2,63.9645625,False,
25876.0,person28,36.6093125,False,
25876.0,person29,57.1084875,False,
25876.0,person34,34.138075,False,
25876.0,person35,44.961625000000005,False,
25876.0,person41,59.764975,False,
25876.0,person49,44.2959375,False,
25876.0,person50,46.4823125,False,
25876.0,person6,71.4303875,False,
25876.0,person9,70.30685,False,
25877.0,person2,63.9645625,False,
25877.0,person28,36.6612125,False,
25877.0,person29,57.1083,False,
25877.0,person34,34.138075,False,
25877.0,person35,44.94335,False,
25877.0,person41,59.816875,False,
25877.0,person49,44.2959375,False,
25877.0,person50,46.4823125,False,
25877.0,person6,71.4302,False,
25877.0,person9,70.30685,False,
25878.0,person2,63.9645625,False,
25878.0,person28,36.7131125,False,
25878.0,person29,57.108125,False,
25878.0,person34,34.138075,False,
25878.0,person35,44.9250875,False,
25878.0,person41,59.868775,False,
25878.0,person49,44.2959375,False,
25878.0,person50,46.4823125,False,
25878.0,person6,71.4300125,False,
25878.0,person9,70.30685,False,
25879.0,person2,63.9645625,False,
25879.0,person28,36.7650125,False,
25879.0,person29,57.1079375,False,
25879.0,person34,34.138075,False,
25879.0,person35,44.906825,False,
25879.0,person41,59.920675,False,
25879.0,person49,44.2959375,False,
25879.0,person50,46.4823125,False,
25879.0,person6,71.4298375,False,
25879.0,person9,70.30685,False,
25880.0,person2,63.9645625,False,
25880.0,person28,36.8169125,False,
25880.0,person29,57.1077625,False,
25880.0,person34,34.138075,False,
25880.0,person35,44.8885625,False,
25880.0,person41,59.9725875,False,
25880.0,person49,44.2959375,False,
25880.0,person50,46.4823125,False,
25880.0,person6,71.42965,False,
25880.0,person9,70.30685,False,
25881.0,person2,63.9645625,False,
25881.0,person28,36.8688125,False,
25881.0,person29,57.107575,False,
25881.0,person34,34.138075,False,
25881.0,person35,44.8702875,False,
25881.0,person41,60.0244875,False,
25881.0,person49,44.2959375,False,
25881.0,person50,46.4823125,False,
25881.0,person6,71.429475,False,
25881.0,person9,70.30685,False,
25882.0,person2,63.9645625,False,
25882.0,person28,36.9207125,False,
25882.0,person29,57.1073875,False,
25882.0,person34,34.138075,False,
25882.0,person35,44.852025000000005,False,
25882.0,person41,60.0763875,False,
25882.0,person49,44.2959375,False,
25882.0,person50,46.4823125,False,
25882.0,person6,71.4292875,False,
25882.0,person9,70.30685,False,
25883.0,person2,63.9645625,False,
25883.0,person28,36.9726125,False,
25883.0,person29,57.1072125,False,
25883.0,person34,34.138075,False,
25883.0,person35,44.8337625,False,
25883.0,person41,60.1282875,False,
25883.0,person49,44.2959375,False,
25883.0,person50,46.4823125,False,
25883.0,person6,71.4291,False,
25883.0,person9,70.30685,False,
25884.0,person2,63.9645625,False,
25884.0,person28,37.0245125,False,
25884.0,person29,57.107025,False,
25884.0,person34,34.138075,False,
25884.0,person35,44.8155,False,
25884.0,person41,60.1801875,False,
25884.0,person49,44.2959375,False,
25884.0,person50,46.4823125,False,
25884.0,person6,71.428925,False,
25884.0,person9,70.30685,False,
25885.0,person2,63.9645625,False,
25885.0,person28,37.0764125,False,
25885.0,person29,57.1068375,False,
25885.0,person34,34.138075,False,
25885.0,person35,44.797225,False,
25885.0,person41,60.2320875,False,
25885.0,person49,44.2959375,False,
25885.0,person50,46.4823125,False,
25885.0,person6,71.4287375,False,
25885.0,person9,70.30685,False,
25886.0,person2,63.9645625,False,
25886.0,person28,37.1283125,False,
25886.0,person29,57.1066625,False,
25886.0,person34,34.138075,False,
25886.0,person35,44.7789625,False,
25886.0,person41,60.2839875,False,
25886.0,person49,44.2959375,False,
25886.0,person50,46.4823125,False,
25886.0,person6,71.4285625,False,
25886.0,person9,70.30685,False,
25887.0,person2,63.9645625,False,
25887.0,person28,37.1802125,False,
25887.0,person29,57.106475,False,
25887.0,person34,34.138075,False,
25887.0,person35,44.7607,False,
25887.0,person41,60.3358875,False,
25887.0,person49,44.2959375,False,
25887.0,person50,46.4823125,False,
25887.0,person6,71.428375,False,
25887.0,person9,70.30685,False,
25888.0,person2,63.9645625,False,
25888.0,person28,37.2321125,False,
25888.0,person29,57.1063,False,
25888.0,person34,34.138075,False,
25888.0,person35,44.742437499999994,False,
25888.0,person41,60.3877875,False,
25888.0,person49,44.2959375,False,
25888.0,person50,46.4823125,False,
25888.0,person6,71.4281875,False,
25888.0,person9,70.30685,False,
25889.0,person2,63.9645625,False,
25889.0,person28,37.2840125,False,
25889.0,person29,57.1061125,False,
25889.0,person34,34.138075,False,
25889.0,person35,44.724174999999995,False,
25889.0,person41,60.4396875,False,
25889.0,person49,44.2959375,False,
25889.0,person50,46.4823125,False,
25889.0,person6,71.4280125,False,
25889.0,person9,70.30685,False,
25890.0,person2,63.9645625,False,
25890.0,person28,37.3359125,False,
25890.0,person29,57.105925,False,
25890.0,person34,34.138075,False,
25890.0,person35,44.7059,False,
25890.0,person41,60.4915875,False,
25890.0,person49,44.2959375,False,
25890.0,person50,46.4823125,False,
25890.0,person6,71.427825,False,
25890.0,person9,70.30685,False,
25891.0,person2,63.9645625,False,
25891.0,person28,37.3878125,False,
25891.0,person29,57.10575,False,
25891.0,person34,34.138075,False,
25891.0,person35,44.6876375,False,
25891.0,person41,60.5434875,False,
25891.0,person49,44.2959375,False,
25891.0,person50,46.4823125,False,
25891.0,person6,71.4276375,False,
25891.0,person9,70.30685,False,
25892.0,person2,63.9645625,False,
25892.0,person28,37.4397125,False,
25892.0,person29,57.1055625,False,
25892.0,person34,34.138075,False,
25892.0,person35,44.669375,False,
25892.0,person41,60.5953875,False,
25892.0,person49,44.2959375,False,
25892.0,person50,46.4823125,False,
25892.0,person6,71.4274625,False,
25892.0,person9,70.30685,False,
25893.0,person2,63.9645625,False,
25893.0,person28,37.491625,False,
25893.0,person29,57.105375,False,
25893.0,person34,34.138075,False,
25893.0,person35,44.6511125,False,
25893.0,person41,60.6472875,False,
25893.0,person49,44.2959375,False,
25893.0,person50,46.4823125,False,
25893.0,person6,71.427275,False,
25893.0,person9,70.30685,False,
25894.0,person2,63.9645625,False,
25894.0,person28,37.543525,False,
25894.0,person29,57.1052,False,
25894.0,person34,34.138075,False,
25894.0,person35,44.632837499999994,False,
25894.0,person41,60.6991875,False,
25894.0,person49,44.2959375,False,
25894.0,person50,46.4823125,False,
25894.0,person6,71.4271,False,
25894.0,person9,70.30685,False,
25895.0,person2,63.9645625,False,
25895.0,person28,37.595425,False,
25895.0,person29,57.1050125,False,
25895.0,person34,34.138075,False,
25895.0,person35,44.61457500000001,False,
25895.0,person41,60.7510875,False,
25895.0,person49,44.2959375,False,
25895.0,person50,46.4823125,False,
25895.0,person6,71.4269125,False,
25895.0,person9,70.30685,False,
25896.0,person2,63.9645625,False,
25896.0,person28,37.647325,False,
25896.0,person29,57.1048375,False,
25896.0,person34,34.138075,False,
25896.0,person35,44.5963125,False,
25896.0,person41,60.8029875,False,
25896.0,person49,44.2959375,False,
25896.0,person50,46.4823125,False,
25896.0,person6,71.426725,False,
25896.0,person9,70.30685,False,
25897.0,person2,63.9645625,False,
25897.0,person28,37.699225,False,
25897.0,person29,57.10465,False,
25897.0,person34,34.138075,False,
25897.0,person35,44.5780375,False,
25897.0,person41,60.8548875,False,
25897.0,person49,44.2959375,False,
25897.0,person50,46.4823125,False,
25897.0,person6,71.42655,False,
25897.0,person9,70.30685,False,
25898.0,person2,63.9645625,False,
25898.0,person28,37.751125,False,
25898.0,person29,57.1044625,False,
25898.0,person34,34.138075,False,
25898.0,person35,44.5597625,False,
25898.0,person41,60.9067875,False,
25898.0,person49,44.2959375,False,
25898.0,person50,46.4823125,False,
25898.0,person6,71.4263625,False,
25898.0,person9,70.30685,False,
25899.0,person2,63.9645625,False,
25899.0,person28,37.803025,False,
25899.0,person29,57.1042875,False,
25899.0,person34,34.138075,False,
25899.0,person35,44.54149999999999,False,
25899.0,person41,60.9586875,False,
25899.0,person49,44.2959375,False,
25899.0,person50,46.4823125,False,
25899.0,person6,71.426175,False,
25899.0,person9,70.30685,False,
25900.0,person2,63.9645625,False,
25900.0,person28,37.854925,False,
25900.0,person29,57.1041,False,
25900.0,person34,34.138075,False,
25900.0,person35,44.52325,False,
25900.0,person41,61.0105875,False,
25900.0,person49,44.2959375,False,
25900.0,person50,46.4823125,False,
25900.0,person6,71.426,False,
25900.0,person9,70.30685,False,
25901.0,person2,63.9645625,False,
25901.0,person28,37.906825,False,
25901.0,person29,57.1039125,False,
25901.0,person34,34.138075,False,
25901.0,person35,44.50497500000001,False,
25901.0,person41,61.0625,False,
25901.0,person49,44.2959375,False,
25901.0,person50,46.4823125,False,
25901.0,person6,71.4258125,False,
25901.0,person9,70.30685,False,
25902.0,person2,63.9645625,False,
25902.0,person28,37.958725,False,
25902.0,person29,57.1037375,False,
25902.0,person34,34.138075,False,
25902.0,person35,44.4867125,False,
25902.0,person41,61.1144,False,
25902.0,person49,44.2959375,False,
25902.0,person50,46.4823125,False,
25902.0,person6,71.4256375,False,
25902.0,person9,70.30685,False,
25903.0,person2,63.9645625,False,
25903.0,person28,38.010625,False,
25903.0,person29,57.10355,False,
25903.0,person34,34.138075,False,
25903.0,person35,44.4684375,False,
25903.0,person41,61.1663,False,
25903.0,person49,44.2959375,False,
25903.0,person50,46.4823125,False,
25903.0,person6,71.42545,False,
25903.0,person9,70.30685,False,
25904.0,person2,63.9645625,False,
25904.0,person28,38.062525,False,
25904.0,person29,57.103375,False,
25904.0,person34,34.138075,False,
25904.0,person35,44.450175,False,
25904.0,person41,61.2182,False,
25904.0,person49,44.2959375,False,
25904.0,person50,46.4823125,False,
25904.0,person6,71.4252625,False,
25904.0,person9,70.30685,False,
25905.0,person2,63.9645625,False,
25905.0,person28,38.114425,False,
25905.0,person29,57.1031875,False,
25905.0,person34,34.138075,False,
25905.0,person35,44.4319125,False,
25905.0,person41,61.2701,False,
25905.0,person49,44.2959375,False,
25905.0,person50,46.4823125,False,
25905.0,person6,71.4250875,False,
25905.0,person9,70.30685,False,
25906.0,person2,63.9645625,False,
25906.0,person28,38.166325,False,
25906.0,person29,57.103,False,
25906.0,person34,34.138075,False,
25906.0,person35,44.41365,False,
25906.0,person41,61.322,False,
25906.0,person49,44.2959375,False,
25906.0,person50,46.4823125,False,
25906.0,person6,71.4249,False,
25906.0,person9,70.30685,False,
25907.0,person2,63.9645625,False,
25907.0,person28,38.218225,False,
25907.0,person29,57.102825,False,
25907.0,person34,34.138075,False,
25907.0,person35,44.39537500000001,False,
25907.0,person41,61.3739,False,
25907.0,person49,44.2959375,False,
25907.0,person50,46.4823125,False,
25907.0,person6,71.424725,False,
25907.0,person9,70.30685,False,
25908.0,person2,63.9645625,False,
25908.0,person28,38.270125,False,
25908.0,person29,57.1026375,False,
25908.0,person34,34.138075,False,
25908.0,person35,44.3771125,False,
25908.0,person41,61.4258,False,
25908.0,person49,44.2959375,False,
25908.0,person50,46.4823125,False,
25908.0,person6,71.4245375,False,
25908.0,person9,70.30685,False,
25909.0,person2,63.9645625,False,
25909.0,person28,38.322025,False,
25909.0,person29,57.1024625,False,
25909.0,person34,34.138075,False,
25909.0,person35,44.35885,False,
25909.0,person41,61.4777,False,
25909.0,person49,44.2959375,False,
25909.0,person50,46.4823125,False,
25909.0,person6,71.42435,False,
25909.0,person9,70.30685,False,
25910.0,person2,63.9645625,False,
25910.0,person28,38.373925,False,
25910.0,person29,57.102275,False,
25910.0,person34,34.138075,False,
25910.0,person35,44.3405875,False,
25910.0,person41,61.5296,False,
25910.0,person49,44.2959375,False,
25910.0,person50,46.4823125,False,
25910.0,person6,71.424175,False,
25910.0,person9,70.30685,False,
25911.0,person2,63.9645625,False,
25911.0,person28,38.425825,False,
25911.0,person29,57.1020875,False,
25911.0,person34,34.138075,False,
25911.0,person35,44.322325,False,
25911.0,person41,61.5815,False,
25911.0,person49,44.2959375,False,
25911.0,person50,46.4823125,False,
25911.0,person6,71.4239875,False,
25911.0,person9,70.30685,False,
25912.0,person2,63.9645625,False,
25912.0,person28,38.477725,False,
25912.0,person29,57.1019125,False,
25912.0,person34,34.138075,False,
25912.0,person35,44.30405,False,
25912.0,person41,61.6334,False,
25912.0,person49,44.2959375,False,
25912.0,person50,46.4823125,False,
25912.0,person6,71.4238,False,
25912.0,person9,70.30685,False,
25913.0,person2,63.9645625,False,
25913.0,person28,38.529625,False,
25913.0,person29,57.101725,False,
25913.0,person34,34.138075,False,
25913.0,person35,44.28578749999999,False,
25913.0,person41,61.6853,False,
25913.0,person49,44.2959375,False,
25913.0,person50,46.4823125,False,
25913.0,person6,71.423625,False,
25913.0,person9,70.30685,False,
25914.0,person2,63.9645625,False,
25914.0,person28,38.5815375,False,
25914.0,person29,57.1015375,False,
25914.0,person34,34.138075,False,
25914.0,person35,44.26752499999999,False,
25914.0,person41,61.7372,False,
25914.0,person49,44.2959375,False,
25914.0,person50,46.4823125,False,
25914.0,person6,71.4234375,False,
25914.0,person9,70.30685,False,
25915.0,person2,63.9645625,False,
25915.0,person28,38.6334375,False,
25915.0,person29,57.1013625,False,
25915.0,person34,34.138075,False,
25915.0,person35,44.024887500000006,False,
25915.0,person41,61.7891,False,
25915.0,person49,44.2959375,False,
25915.0,person50,46.4823125,False,
25915.0,person6,71.4232625,False,
25915.0,person9,70.30685,False,
25916.0,person2,63.9645625,False,
25916.0,person28,38.6853375,False,
25916.0,person29,57.101175,False,
25916.0,person34,34.138075,False,
25916.0,person35,43.7087375,False,
25916.0,person41,61.841,False,
25916.0,person49,44.2959375,False,
25916.0,person50,46.4823125,False,
25916.0,person6,71.423075,False,
25916.0,person9,70.30685,False,
25917.0,person2,63.9645625,False,
25917.0,person28,38.7372375,False,
25917.0,person29,57.101,False,
25917.0,person34,34.138075,False,
25917.0,person35,43.4128875,False,
25917.0,person41,61.8929,False,
25917.0,person49,44.2959375,False,
25917.0,person50,46.4823125,False,
25917.0,person6,71.4228875,False,
25917.0,person9,70.30685,False,
25918.0,person2,63.9645625,False,
25918.0,person28,38.7891375,False,
25918.0,person29,57.1008125,False,
25918.0,person34,34.138075,False,
25918.0,person35,43.5240625,True,
25918.0,person41,61.9448,False,
25918.0,person49,44.2959375,False,
25918.0,person50,46.4823125,False,
25918.0,person6,71.4227125,False,
25918.0,person9,70.30685,False,
25919.0,person2,63.9645625,False,
25919.0,person28,38.8410375,False,
25919.0,person29,57.100625,False,
25919.0,person34,34.138075,False,
25919.0,person35,43.618125,False,
25919.0,person41,61.9967,False,
25919.0,person49,44.2959375,False,
25919.0,person50,46.4823125,False,
25919.0,person6,71.422525,False,
25919.0,person9,70.30685,False,
25920.0,person2,63.9645625,False,
25920.0,person28,38.8929375,False,
25920.0,person29,57.10045,False,
25920.0,person34,34.138075,False,
25920.0,person35,43.6893,False,
25920.0,person41,62.0486,False,
25920.0,person49,44.2959375,False,
25920.0,person50,46.4823125,False,
25920.0,person6,71.4223375,False,
25920.0,person9,70.30685,False,
25921.0,person2,63.9645625,False,
25921.0,person28,38.9448375,False,
25921.0,person29,57.1002625,False,
25921.0,person34,34.138075,False,
25921.0,person35,43.461575,False,
25921.0,person41,62.1005,False,
25921.0,person49,44.2959375,False,
25921.0,person50,46.4823125,False,
25921.0,person6,71.4221625,False,
25921.0,person9,70.30685,False,
25922.0,person2,63.9645625,False,
25922.0,person28,38.9967375,False,
25922.0,person29,57.100075,False,
25922.0,person34,34.138075,False,
25922.0,person35,43.1591,False,
25922.0,person41,62.1524,False,
25922.0,person49,44.2959375,False,
25922.0,person50,46.4823125,False,
25922.0,person6,71.421975,False,
25922.0,person9,70.30685,False,
25923.0,person2,63.9645625,False,
25923.0,person28,39.0486375,False,
25923.0,person29,57.0999,False,
25923.0,person34,34.138075,False,
25923.0,person35,42.780175,False,
25923.0,person41,62.2043125,False,
25923.0,person49,44.2959375,False,
25923.0,person50,46.4823125,False,
25923.0,person6,71.4218,False,
25923.0,person9,70.30685,False,
25924.0,person2,63.9645625,False,
25924.0,person28,39.1005375,False,
25924.0,person29,57.0997125,False,
25924.0,person34,34.138075,False,
25924.0,person35,42.3152125,False,
25924.0,person41,62.2562125,False,
25924.0,person49,44.2959375,False,
25924.0,person50,46.4823125,False,
25924.0,person6,71.4216125,False,
25924.0,person9,70.30685,False,
25925.0,person2,63.9645625,False,
25925.0,person28,39.1524375,False,
25925.0,person29,57.0995375,False,
25925.0,person34,34.138075,False,
25925.0,person35,41.77247500000001,False,
25925.0,person41,62.3081125,False,
25925.0,person49,44.2959375,False,
25925.0,person50,46.4823125,False,
25925.0,person6,71.421425,False,
25925.0,person9,70.30685,False,
25926.0,person2,63.9645625,False,
25926.0,person28,39.2043375,False,
25926.0,person29,56.242,False,
25926.0,person34,34.138075,False,
25926.0,person35,41.15922499999999,False,
25926.0,person41,62.3600125,False,
25926.0,person49,44.2959375,False,
25926.0,person50,46.4823125,False,
25926.0,person6,71.3812375,False,
25926.0,person9,70.30685,False,
25927.0,person2,63.9645625,False,
25927.0,person28,39.2562375,False,
25927.0,person29,55.309525,False,
25927.0,person34,34.138075,False,
25927.0,person35,40.483075,False,
25927.0,person41,62.4119125,False,
25927.0,person49,44.2959375,False,
25927.0,person50,46.4823125,False,
25927.0,person6,71.267575,False,
25927.0,person9,70.30685,False,
25928.0,person2,63.9645625,False,
25928.0,person28,39.3081375,False,
25928.0,person29,54.304725,False,
25928.0,person34,34.138075,False,
25928.0,person35,39.7409125,False,
25928.0,person41,62.4638125,False,
25928.0,person49,44.2959375,False,
25928.0,person50,46.4823125,False,
25928.0,person6,71.175675,False,
25928.0,person9,70.30685,False,
25929.0,person2,63.9645625,False,
25929.0,person28,39.3600375,False,
25929.0,person29,53.8208125,False,
25929.0,person34,34.138075,False,
25929.0,person35,38.9249875,False,
25929.0,person41,62.5157125,False,
25929.0,person49,44.2959375,False,
25929.0,person50,46.4823125,False,
25929.0,person6,71.2227125,False,
25929.0,person9,70.30685,False,
25930.0,person2,63.9645625,False,
25930.0,person28,39.4119375,False,
25930.0,person29,53.7245875,False,
25930.0,person34,34.138075,False,
25930.0,person35,38.982475,False,
25930.0,person41,62.5676125,False,
25930.0,person49,44.2959375,False,
25930.0,person50,46.4823125,False,
25930.0,person6,71.246825,False,
25930.0,person9,70.30685,False,
25931.0,person2,63.9645625,False,
25931.0,person28,39.4638375,False,
25931.0,person29,53.6283,False,
25931.0,person34,34.138075,False,
25931.0,person35,39.2301875,True,
25931.0,person41,62.6195125,False,
25931.0,person49,44.2959375,False,
25931.0,person50,46.4823125,False,
25931.0,person6,71.2499375,False,
25931.0,person9,70.30685,False,
25932.0,person2,63.9645625,False,
25932.0,person28,39.5157375,False,
25932.0,person29,53.69095,False,
25932.0,person34,34.138075,False,
25932.0,person35,39.454625,True,
25932.0,person41,62.6714125,False,
25932.0,person49,44.2959375,False,
25932.0,person50,46.4823125,False,
25932.0,person6,71.2497625,False,
25932.0,person9,70.30685,False,
25933.0,person2,63.9645625,False,
25933.0,person28,39.5676375,False,
25933.0,person29,54.007025,True,
25933.0,person34,34.138075,False,
25933.0,person35,39.6564375,True,
25933.0,person41,62.7233125,False,
25933.0,person49,44.2959375,False,
25933.0,person50,46.4823125,False,
25933.0,person6,71.249575,False,
25933.0,person9,70.30685,False,
25934.0,person2,63.9645625,False,
25934.0,person28,39.6195375,False,
25934.0,person29,54.3005625,True,
25934.0,person34,34.138075,False,
25934.0,person35,39.594075,False,
25934.0,person41,62.7752125,False,
25934.0,person49,44.2959375,False,
25934.0,person50,46.4823125,False,
25934.0,person6,71.2493875,False,
25934.0,person9,70.30685,False,
25935.0,person2,63.9645625,False,
25935.0,person28,39.6714375,False,
25935.0,person29,54.4370375,True,
25935.0,person34,34.138075,False,
25935.0,person35,39.5390125,False,
25935.0,person41,62.8271125,False,
25935.0,person49,44.2959375,False,
25935.0,person50,46.4823125,False,
25935.0,person6,71.2492125,False,
25935.0,person9,70.30685,False,
25936.0,person2,63.9645625,False,
25936.0,person28,39.72335,False,
25936.0,person29,54.6951125,True,
25936.0,person34,34.138075,False,
25936.0,person35,39.4758375,False,
25936.0,person41,62.8790125,False,
25936.0,person49,44.2959375,False,
25936.0,person50,46.4823125,False,
25936.0,person6,71.249025,False,
25936.0,person9,70.30685,False,
25937.0,person2,63.9645625,False,
25937.0,person28,39.77525,False,
25937.0,person29,54.93035,True,
25937.0,person34,34.138075,False,
25937.0,person35,39.4213375,False,
25937.0,person41,62.9309125,False,
25937.0,person49,44.2959375,False,
25937.0,person50,46.4823125,False,
25937.0,person6,71.24885,False,
25937.0,person9,70.30685,False,
25938.0,person2,63.9645625,False,
25938.0,person28,39.82715,False,
25938.0,person29,55.1422,True,
25938.0,person34,34.138075,False,
25938.0,person35,39.3668875,False,
25938.0,person41,62.9828125,False,
25938.0,person49,44.2959375,False,
25938.0,person50,46.4823125,False,
25938.0,person6,71.2486625,False,
25938.0,person9,70.30685,False,
25939.0,person2,63.9645625,False,
25939.0,person28,39.87905,False,
25939.0,person29,55.0818625,False,
25939.0,person34,34.138075,False,
25939.0,person35,39.5252125,True,
25939.0,person41,63.0347125,False,
25939.0,person49,44.2959375,False,
25939.0,person50,46.4823125,False,
25939.0,person6,71.248475,False,
25939.0,person9,70.30685,False,
25940.0,person2,63.9645625,False,
25940.0,person28,39.93095,False,
25940.0,person29,55.01925,False,
25940.0,person34,34.138075,False,
25940.0,person35,39.6838125,True,
25940.0,person41,63.0866125,False,
25940.0,person49,44.2959375,False,
25940.0,person50,46.4823125,False,
25940.0,person6,71.2483,False,
25940.0,person9,70.30685,False,
25941.0,person2,63.9645625,False,
25941.0,person28,39.98285,False,
25941.0,person29,54.9568125,False,
25941.0,person34,34.138075,False,
25941.0,person35,39.8194875,True,
25941.0,person41,63.1385125,False,
25941.0,person49,44.2959375,False,
25941.0,person50,46.4823125,False,
25941.0,person6,71.2481125,False,
25941.0,person9,70.30685,False,
25942.0,person2,63.9645625,False,
25942.0,person28,40.03475,False,
25942.0,person29,54.8954875,False,
25942.0,person34,34.138075,False,
25942.0,person35,39.9322375,True,
25942.0,person41,63.1904125,False,
25942.0,person49,44.2959375,False,
25942.0,person50,46.4823125,False,
25942.0,person6,71.247925,False,
25942.0,person9,70.30685,False,
25943.0,person2,63.9645625,False,
25943.0,person28,40.08665,False,
25943.0,person29,55.0382875,True,
25943.0,person34,34.138075,False,
25943.0,person35,40.0220625,False,
25943.0,person41,63.2423125,False,
25943.0,person49,44.2959375,False,
25943.0,person50,46.4823125,False,
25943.0,person6,71.24775,False,
25943.0,person9,70.30685,False,
25944.0,person2,63.9645625,False,
25944.0,person28,40.13855,False,
25944.0,person29,55.2101,True,
25944.0,person34,34.138075,False,
25944.0,person35,39.9393875,False,
25944.0,person41,63.294225,False,
25944.0,person49,44.2959375,False,
25944.0,person50,46.4823125,False,
25944.0,person6,71.2475625,False,
25944.0,person9,70.30685,False,
25945.0,person2,63.9645625,False,
25945.0,person28,40.19045,False,
25945.0,person29,55.2567125,False,
25945.0,person34,34.138075,False,
25945.0,person35,39.913075,False,
25945.0,person41,63.346125,False,
25945.0,person49,44.2959375,False,
25945.0,person50,46.4823125,False,
25945.0,person6,71.2473875,False,
25945.0,person9,70.30685,False,
25946.0,person2,63.9645625,False,
25946.0,person28,40.24235,False,
25946.0,person29,55.30975,False,
25946.0,person34,34.138075,False,
25946.0,person35,39.8586375,False,
25946.0,person41,63.398025,False,
25946.0,person49,44.2959375,False,
25946.0,person50,46.4823125,False,
25946.0,person6,71.2472,False,
25946.0,person9,70.30685,False,
25947.0,person2,63.9645625,False,
25947.0,person28,40.29425,False,
25947.0,person29,54.8174875,False,
25947.0,person34,34.138075,False,
25947.0,person35,39.5035375,False,
25947.0,person41,63.449925,False,
25947.0,person49,44.2959375,False,
25947.0,person50,46.4823125,False,
25947.0,person6,71.2470125,False,
25947.0,person9,70.30685,False,
25948.0,person2,63.9645625,False,
25948.0,person28,40.34615,False,
25948.0,person29,54.2517125,False,
25948.0,person34,34.138075,False,
25948.0,person35,39.1168875,False,
25948.0,person41,63.501825,False,
25948.0,person49,44.2959375,False,
25948.0,person50,46.4823125,False,
25948.0,person6,71.2468375,False,
25948.0,person9,70.30685,False,
25949.0,person2,63.9645625,False,
25949.0,person28,40.39805,False,
25949.0,person29,53.8788875,False,
25949.0,person34,34.138075,False,
25949.0,person35,38.6639125,False,
25949.0,person41,63.553725,False,
25949.0,person49,44.2959375,False,
25949.0,person50,46.4823125,False,
25949.0,person6,71.24665,False,
25949.0,person9,70.30685,False,
25950.0,person2,63.9645625,False,
25950.0,person28,40.44995,False,
25950.0,person29,53.8213875,False,
25950.0,person34,34.138075,False,
25950.0,person35,38.1374875,False,
25950.0,person41,63.605625,False,
25950.0,person49,44.2959375,False,
25950.0,person50,46.4823125,False,
25950.0,person6,71.2464625,False,
25950.0,person9,70.30685,False,
25951.0,person2,63.9645625,False,
25951.0,person28,40.50185,False,
25951.0,person29,53.7635875,False,
25951.0,person34,34.138075,False,
25951.0,person35,37.743825,False,
25951.0,person41,63.657525,False,
25951.0,person49,44.2959375,False,
25951.0,person50,46.4823125,False,
25951.0,person6,71.2462875,False,
25951.0,person9,70.30685,False,
25952.0,person2,63.9645625,False,
25952.0,person28,40.55375,False,
25952.0,person29,53.7004625,False,
25952.0,person34,34.138075,False,
25952.0,person35,37.6893625,False,
25952.0,person41,63.709425,False,
25952.0,person49,44.2959375,False,
25952.0,person50,46.4823125,False,
25952.0,person6,71.2461,False,
25952.0,person9,70.30685,False,
25953.0,person2,63.9645625,False,
25953.0,person28,40.60565,False,
25953.0,person29,53.843375,True,
25953.0,person34,34.138075,False,
25953.0,person35,37.6349125,False,
25953.0,person41,63.761325,False,
25953.0,person49,44.2959375,False,
25953.0,person50,46.4823125,False,
25953.0,person6,71.245925,False,
25953.0,person9,70.30685,False,
25954.0,person2,63.9645625,False,
25954.0,person28,40.65755,False,
25954.0,person29,54.014775,True,
25954.0,person34,34.138075,False,
25954.0,person35,37.5804625,False,
25954.0,person41,63.813225,False,
25954.0,person49,44.2959375,False,
25954.0,person50,46.4823125,False,
25954.0,person6,71.2457375,False,
25954.0,person9,70.30685,False,
25955.0,person2,63.9645625,False,
25955.0,person28,40.70945,False,
25955.0,person29,54.1636125,True,
25955.0,person34,34.138075,False,
25955.0,person35,37.526,False,
25955.0,person41,63.865125,False,
25955.0,person49,44.2959375,False,
25955.0,person50,46.4823125,False,
25955.0,person6,71.24555,False,
25955.0,person9,70.30685,False,
25956.0,person2,63.9645625,False,
25956.0,person28,40.76135,False,
25956.0,person29,54.28955,True,
25956.0,person34,34.138075,False,
25956.0,person35,37.462875,False,
25956.0,person41,63.917025,False,
25956.0,person49,44.2959375,False,
25956.0,person50,46.4823125,False,
25956.0,person6,71.245375,False,
25956.0,person9,70.30685,False,
25957.0,person2,63.9645625,False,
25957.0,person28,40.8132625,False,
25957.0,person29,54.39255,True,
25957.0,person34,34.138075,False,
25957.0,person35,36.815175,False,
25957.0,person41,63.968925,False,
25957.0,person49,44.2959375,False,
25957.0,person50,46.4823125,False,
25957.0,person6,71.2451875,False,
25957.0,person9,70.30685,False,
25958.0,person2,63.9645625,False,
25958.0,person28,40.8651625,False,
25958.0,person29,54.4726375,False,
25958.0,person34,34.138075,False,
25958.0,person35,36.0848125,False,
25958.0,person41,64.020825,False,
25958.0,person49,44.2959375,False,
25958.0,person50,46.4823125,False,
25958.0,person6,71.2450125,False,
25958.0,person9,70.30685,False,
25959.0,person2,63.9645625,False,
25959.0,person28,40.9170625,False,
25959.0,person29,54.5297875,False,
25959.0,person34,34.138075,False,
25959.0,person35,35.2891625,False,
25959.0,person41,64.072725,False,
25959.0,person49,44.2959375,False,
25959.0,person50,46.4823125,False,
25959.0,person6,71.244825,False,
25959.0,person9,70.30685,False,
25960.0,person2,63.9645625,False,
25960.0,person28,40.9689625,False,
25960.0,person29,54.5640125,False,
25960.0,person34,34.138075,False,
25960.0,person35,34.4215875,False,
25960.0,person41,64.124625,False,
25960.0,person49,44.2959375,False,
25960.0,person50,46.4823125,False,
25960.0,person6,71.2446375,False,
25960.0,person9,70.30685,False,
25961.0,person2,63.9645625,False,
25961.0,person28,41.0208625,False,
25961.0,person29,54.5752,False,
25961.0,person34,34.138075,False,
25961.0,person35,33.4803625,False,
25961.0,person41,64.176525,False,
25961.0,person49,44.2959375,False,
25961.0,person50,46.4823125,False,
25961.0,person6,71.2444625,False,
25961.0,person9,70.30685,False,
25962.0,person2,63.9645625,False,
25962.0,person28,41.0727625,False,
25962.0,person29,54.5750125,False,
25962.0,person34,34.138075,False,
25962.0,person35,32.926975,False,
25962.0,person41,64.228425,False,
25962.0,person49,44.2959375,False,
25962.0,person50,46.4823125,False,
25962.0,person6,71.244275,False,
25962.0,person9,70.30685,False,
25963.0,person2,63.9645625,False,
25963.0,person28,41.12466250000001,False,
25963.0,person29,54.5748375,False,
25963.0,person34,34.138075,False,
25963.0,person35,32.8359625,False,
25963.0,person41,64.280325,False,
25963.0,person49,44.2959375,False,
25963.0,person50,46.4823125,False,
25963.0,person6,71.2440875,False,
25963.0,person9,70.30685,False,
25964.0,person2,63.9645625,False,
25964.0,person28,41.1765625,False,
25964.0,person29,54.57465,False,
25964.0,person34,34.138075,False,
25964.0,person35,32.743975,False,
25964.0,person41,64.332225,False,
25964.0,person49,44.2959375,False,
25964.0,person50,46.4823125,False,
25964.0,person6,71.2439125,False,
25964.0,person9,70.30685,False,
25965.0,person2,63.9645625,False,
25965.0,person28,41.22846249999999,False,
25965.0,person29,54.5744625,False,
25965.0,person34,34.138075,False,
25965.0,person35,32.65245,False,
25965.0,person41,64.3841375,False,
25965.0,person49,44.2959375,False,
25965.0,person50,46.4823125,False,
25965.0,person6,71.243725,False,
25965.0,person9,70.30685,False,
25966.0,person2,63.9645625,False,
25966.0,person28,41.2803625,False,
25966.0,person29,54.5742875,False,
25966.0,person34,34.138075,False,
25966.0,person35,32.5632875,False,
25966.0,person41,64.4360375,False,
25966.0,person49,44.2959375,False,
25966.0,person50,46.4823125,False,
25966.0,person6,71.24355,False,
25966.0,person9,70.30685,False,
25967.0,person2,63.9645625,False,
25967.0,person28,41.3322625,False,
25967.0,person29,54.5741,False,
25967.0,person34,34.138075,False,
25967.0,person35,32.8684375,True,
25967.0,person41,64.4879375,False,
25967.0,person49,44.2959375,False,
25967.0,person50,46.4823125,False,
25967.0,person6,71.2433625,False,
25967.0,person9,70.30685,False,
25968.0,person2,63.9645625,False,
25968.0,person28,41.3841625,False,
25968.0,person29,54.5739125,False,
25968.0,person34,34.138075,False,
25968.0,person35,33.1507,True,
25968.0,person41,64.5398375,False,
25968.0,person49,44.2959375,False,
25968.0,person50,46.4823125,False,
25968.0,person6,71.243175,False,
25968.0,person9,70.30685,False,
25969.0,person2,63.9645625,False,
25969.0,person28,41.4360625,False,
25969.0,person29,54.5737375,False,
25969.0,person34,34.138075,False,
25969.0,person35,33.4100625,True,
25969.0,person41,64.5917375,False,
25969.0,person49,44.2959375,False,
25969.0,person50,46.4823125,False,
25969.0,person6,71.243,False,
25969.0,person9,70.30685,False,
25970.0,person2,63.9645625,False,
25970.0,person28,41.48796250000001,False,
25970.0,person29,54.57355,False,
25970.0,person34,34.138075,False,
25970.0,person35,33.646525,True,
25970.0,person41,64.6436375,False,
25970.0,person49,44.2959375,False,
25970.0,person50,46.4823125,False,
25970.0,person6,71.2428125,False,
25970.0,person9,70.30685,False,
25971.0,person2,63.9645625,False,
25971.0,person28,41.5398625,False,
25971.0,person29,54.573375,False,
25971.0,person34,34.138075,False,
25971.0,person35,33.857725,True,
25971.0,person41,64.6955375,False,
25971.0,person49,44.2959375,False,
25971.0,person50,46.4823125,False,
25971.0,person6,71.242625,False,
25971.0,person9,70.30685,False,
25972.0,person2,63.9645625,False,
25972.0,person28,41.59176250000001,False,
25972.0,person29,54.5731875,False,
25972.0,person34,34.138075,False,
25972.0,person35,34.0463125,True,
25972.0,person41,64.7474375,False,
25972.0,person49,44.2959375,False,
25972.0,person50,46.4823125,False,
25972.0,person6,71.24245,False,
25972.0,person9,70.30685,False,
25973.0,person2,63.9645625,False,
25973.0,person28,41.6436625,False,
25973.0,person29,54.573,False,
25973.0,person34,34.138075,False,
25973.0,person35,34.2101875,True,
25973.0,person41,64.7993375,False,
25973.0,person49,44.2959375,False,
25973.0,person50,46.4823125,False,
25973.0,person6,71.2422625,False,
25973.0,person9,70.30685,False,
25974.0,person2,63.9645625,False,
25974.0,person28,41.695562499999994,False,
25974.0,person29,54.572825,False,
25974.0,person34,34.138075,False,
25974.0,person35,34.354975,True,
25974.0,person41,64.8512375,False,
25974.0,person49,44.2959375,False,
25974.0,person50,46.4823125,False,
25974.0,person6,71.2420875,False,
25974.0,person9,70.30685,False,
25975.0,person2,63.9645625,False,
25975.0,person28,41.7474625,False,
25975.0,person29,54.5726375,False,
25975.0,person34,34.138075,False,
25975.0,person35,34.476875,True,
25975.0,person41,64.9031375,False,
25975.0,person49,44.2959375,False,
25975.0,person50,46.4823125,False,
25975.0,person6,71.2419,False,
25975.0,person9,70.30685,False,
25976.0,person2,63.9645625,False,
25976.0,person28,41.7993625,False,
25976.0,person29,54.57245,False,
25976.0,person34,34.138075,False,
25976.0,person35,34.57585,False,
25976.0,person41,64.9550375,False,
25976.0,person49,44.2959375,False,
25976.0,person50,46.4823125,False,
25976.0,person6,71.2417125,False,
25976.0,person9,70.30685,False,
25977.0,person2,63.9645625,False,
25977.0,person28,41.8512625,False,
25977.0,person29,54.572275,False,
25977.0,person34,34.138075,False,
25977.0,person35,34.6519,False,
25977.0,person41,65.0069375,False,
25977.0,person49,44.2959375,False,
25977.0,person50,46.4823125,False,
25977.0,person6,71.2415375,False,
25977.0,person9,70.30685,False,
25978.0,person2,63.9645625,False,
25978.0,person28,41.903175,False,
25978.0,person29,54.5720875,False,
25978.0,person34,34.138075,False,
25978.0,person35,34.705025,False,
25978.0,person41,65.0588375,False,
25978.0,person49,44.2959375,False,
25978.0,person50,46.4823125,False,
25978.0,person6,71.24135,False,
25978.0,person9,70.30685,False,
25979.0,person2,63.9645625,False,
25979.0,person28,41.955075,False,
25979.0,person29,54.5719125,False,
25979.0,person34,34.138075,False,
25979.0,person35,34.7352125,False,
25979.0,person41,65.1107375,False,
25979.0,person49,44.2959375,False,
25979.0,person50,46.4823125,False,
25979.0,person6,71.241175,False,
25979.0,person9,70.30685,False,
25980.0,person2,63.9645625,False,
25980.0,person28,42.006975,False,
25980.0,person29,54.571725,False,
25980.0,person34,34.138075,False,
25980.0,person35,34.7425875,False,
25980.0,person41,65.1626375,False,
25980.0,person49,44.2959375,False,
25980.0,person50,46.4823125,False,
25980.0,person6,71.2409875,False,
25980.0,person9,70.30685,False,
25981.0,person2,63.9645625,False,
25981.0,person28,42.058875,False,
25981.0,person29,54.5715375,False,
25981.0,person34,34.138075,False,
25981.0,person35,34.7424125,False,
25981.0,person41,65.2145375,False,
25981.0,person49,44.2959375,False,
25981.0,person50,46.4823125,False,
25981.0,person6,71.2408,False,
25981.0,person9,70.30685,False,
25982.0,person2,63.9645625,False,
25982.0,person28,42.110775000000004,False,
25982.0,person29,54.5713625,False,
25982.0,person34,34.138075,False,
25982.0,person35,34.742225,False,
25982.0,person41,65.2664375,False,
25982.0,person49,44.2959375,False,
25982.0,person50,46.4823125,False,
25982.0,person6,71.240625,False,
25982.0,person9,70.30685,False,
25983.0,person2,63.9645625,False,
25983.0,person28,42.162675,False,
25983.0,person29,54.571175,False,
25983.0,person34,34.138075,False,
25983.0,person35,34.7420375,False,
25983.0,person41,65.3183375,False,
25983.0,person49,44.2959375,False,
25983.0,person50,46.4823125,False,
25983.0,person6,71.2404375,False,
25983.0,person9,70.30685,False,
25984.0,person2,63.9645625,False,
25984.0,person28,42.214575,False,
25984.0,person29,54.571,False,
25984.0,person34,34.138075,False,
25984.0,person35,34.7418625,False,
25984.0,person41,65.3702375,False,
25984.0,person49,44.2959375,False,
25984.0,person50,46.4823125,False,
25984.0,person6,71.24025,False,
25984.0,person9,70.30685,False,
25985.0,person2,63.9645625,False,
25985.0,person28,42.266475,False,
25985.0,person29,54.5708125,False,
25985.0,person34,34.138075,False,
25985.0,person35,34.741675,False,
25985.0,person41,65.4221375,False,
25985.0,person49,44.2959375,False,
25985.0,person50,46.4823125,False,
25985.0,person6,71.240075,False,
25985.0,person9,70.30685,False,
25986.0,person2,63.9645625,False,
25986.0,person28,42.318374999999996,False,
25986.0,person29,54.570625,False,
25986.0,person34,34.138075,False,
25986.0,person35,34.7415,False,
25986.0,person41,65.4740375,False,
25986.0,person49,44.2959375,False,
25986.0,person50,46.4823125,False,
25986.0,person6,71.2398875,False,
25986.0,person9,70.30685,False,
25987.0,person2,63.9645625,False,
25987.0,person28,42.370275,False,
25987.0,person29,54.57045,False,
25987.0,person34,34.138075,False,
25987.0,person35,34.7413125,False,
25987.0,person41,65.52595,False,
25987.0,person49,44.2959375,False,
25987.0,person50,46.4823125,False,
25987.0,person6,71.2397125,False,
25987.0,person9,70.30685,False,
25988.0,person2,63.9645625,False,
25988.0,person28,42.422175,False,
25988.0,person29,54.5702625,False,
25988.0,person34,34.138075,False,
25988.0,person35,34.741125,False,
25988.0,person41,65.57785,False,
25988.0,person49,44.2959375,False,
25988.0,person50,46.4823125,False,
25988.0,person6,71.239525,False,
25988.0,person9,70.30685,False,
25989.0,person2,63.9645625,False,
25989.0,person28,42.474075,False,
25989.0,person29,54.570075,False,
25989.0,person34,34.138075,False,
25989.0,person35,34.74095,False,
25989.0,person41,65.62975,False,
25989.0,person49,44.2959375,False,
25989.0,person50,46.4823125,False,
25989.0,person6,71.2393375,False,
25989.0,person9,70.30685,False,
25990.0,person2,63.9645625,False,
25990.0,person28,42.525975,False,
25990.0,person29,54.5699,False,
25990.0,person34,34.138075,False,
25990.0,person35,34.7407625,False,
25990.0,person41,65.68165,False,
25990.0,person49,44.2959375,False,
25990.0,person50,46.4823125,False,
25990.0,person6,71.2391625,False,
25990.0,person9,70.30685,False,
25991.0,person2,63.9645625,False,
25991.0,person28,42.577875000000006,False,
25991.0,person29,54.5697125,False,
25991.0,person34,34.138075,False,
25991.0,person35,34.740575,False,
25991.0,person41,65.73355,False,
25991.0,person49,44.2959375,False,
25991.0,person50,46.4823125,False,
25991.0,person6,71.238975,False,
25991.0,person9,70.30685,False,
25992.0,person2,63.9645625,False,
25992.0,person28,42.629775,False,
25992.0,person29,54.5695375,False,
25992.0,person34,34.138075,False,
25992.0,person35,34.7404,False,
25992.0,person41,65.69335,False,
25992.0,person49,44.2959375,False,
25992.0,person50,46.4823125,False,
25992.0,person6,71.2387875,False,
25992.0,person9,70.30685,False,
25993.0,person2,63.9645625,False,
25993.0,person28,42.68167499999999,False,
25993.0,person29,54.56935,False,
25993.0,person34,34.138075,False,
25993.0,person35,34.7402125,False,
25993.0,person41,65.5797,False,
25993.0,person49,44.2959375,False,
25993.0,person50,46.4823125,False,
25993.0,person6,71.1986,False,
25993.0,person9,70.30685,False,
25994.0,person2,63.9645625,False,
25994.0,person28,42.733575,False,
25994.0,person29,54.5691625,False,
25994.0,person34,34.138075,False,
25994.0,person35,34.7400375,False,
25994.0,person41,65.392575,False,
25994.0,person49,44.2959375,False,
25994.0,person50,46.4823125,False,
25994.0,person6,71.08495,False,
25994.0,person9,70.30685,False,
25995.0,person2,63.9645625,False,
25995.0,person28,42.78547499999999,False,
25995.0,person29,54.5689875,False,
25995.0,person34,34.138075,False,
25995.0,person35,34.73985,False,
25995.0,person41,65.1319875,False,
25995.0,person49,44.2959375,False,
25995.0,person50,46.4823125,False,
25995.0,person6,70.897825,False,
25995.0,person9,70.30685,False,
25996.0,person2,63.9645625,False,
25996.0,person28,42.837375,False,
25996.0,person29,54.5688,False,
25996.0,person34,34.138075,False,
25996.0,person35,34.7396625,False,
25996.0,person41,64.7979375,False,
25996.0,person49,44.2959375,False,
25996.0,person50,46.4823125,False,
25996.0,person6,70.6372375,False,
25996.0,person9,70.30685,False,
25997.0,person2,63.9645625,False,
25997.0,person28,42.889275,False,
25997.0,person29,54.5686125,False,
25997.0,person34,34.138075,False,
25997.0,person35,34.7394875,False,
25997.0,person41,64.390375,False,
25997.0,person49,44.2959375,False,
25997.0,person50,46.4823125,False,
25997.0,person6,70.303175,False,
25997.0,person9,70.30685,False,
25998.0,person2,63.9645625,False,
25998.0,person28,42.941175,False,
25998.0,person29,54.5684375,False,
25998.0,person34,34.138075,False,
25998.0,person35,34.7393,False,
25998.0,person41,63.909325,False,
25998.0,person49,44.2959375,False,
25998.0,person50,46.4823125,False,
25998.0,person6,69.8956125,False,
25998.0,person9,70.30685,False,
25999.0,person2,63.9645625,False,
25999.0,person28,42.993075,False,
25999.0,person29,54.56825,False,
25999.0,person34,34.138075,False,
25999.0,person35,34.739125,False,
25999.0,person41,63.3543625,False,
25999.0,person49,44.2959375,False,
25999.0,person50,46.4823125,False,
25999.0,person6,69.4146,False,
25999.0,person9,70.30685,False,
26000.0,person2,63.9645625,False,
26000.0,person28,43.0449875,False,
26000.0,person29,54.568075,False,
26000.0,person34,34.138075,False,
26000.0,person35,34.7389375,False,
26000.0,person41,62.72635,False,
26000.0,person49,44.2959375,False,
26000.0,person50,46.4823125,False,
26000.0,person6,68.8600875,False,
26000.0,person9,70.30685,False,
26001.0,person2,63.9645625,False,
26001.0,person28,43.0968875,False,
26001.0,person29,54.5678875,False,
26001.0,person34,34.138075,False,
26001.0,person35,34.73875,False,
26001.0,person41,62.024325,False,
26001.0,person49,44.2959375,False,
26001.0,person50,46.4823125,False,
26001.0,person6,68.231575,False,
26001.0,person9,70.30685,False,
26002.0,person2,63.9645625,False,
26002.0,person28,43.1487875,False,
26002.0,person29,54.5677,False,
26002.0,person34,34.138075,False,
26002.0,person35,34.738575,False,
26002.0,person41,61.2491875,False,
26002.0,person49,44.2959375,False,
26002.0,person50,46.4823125,False,
26002.0,person6,67.5299,False,
26002.0,person9,70.30685,False,
26003.0,person2,63.9645625,False,
26003.0,person28,43.20068750000001,False,
26003.0,person29,54.567525,False,
26003.0,person34,34.138075,False,
26003.0,person35,34.7383875,False,
26003.0,person41,60.4004875,False,
26003.0,person49,44.2959375,False,
26003.0,person50,46.4823125,False,
26003.0,person6,66.75445,False,
26003.0,person9,70.30685,False,
26004.0,person2,63.9645625,False,
26004.0,person28,43.2525875,False,
26004.0,person29,54.5673375,False,
26004.0,person34,34.138075,False,
26004.0,person35,34.7382,False,
26004.0,person41,59.9752125,False,
26004.0,person49,44.2959375,False,
26004.0,person50,46.4823125,False,
26004.0,person6,65.90585,False,
26004.0,person9,70.30685,False,
26005.0,person2,63.9645625,False,
26005.0,person28,43.30448749999999,False,
26005.0,person29,54.56715,False,
26005.0,person34,34.138075,False,
26005.0,person35,34.738025,False,
26005.0,person41,60.2496,True,
26005.0,person49,44.2959375,False,
26005.0,person50,46.4823125,False,
26005.0,person6,65.5752375,False,
26005.0,person9,70.30685,False,
26006.0,person2,63.9645625,False,
26006.0,person28,43.3563875,False,
26006.0,person29,54.566975,False,
26006.0,person34,34.138075,False,
26006.0,person35,34.7378375,False,
26006.0,person41,60.5010625,True,
26006.0,person49,44.2959375,False,
26006.0,person50,46.4823125,False,
26006.0,person6,65.8111375,True,
26006.0,person9,70.30685,False,
26007.0,person2,63.9645625,False,
26007.0,person28,43.40828749999999,False,
26007.0,person29,54.5667875,False,
26007.0,person34,34.138075,False,
26007.0,person35,34.7376625,False,
26007.0,person41,60.6509625,True,
26007.0,person49,44.2959375,False,
26007.0,person50,46.4823125,False,
26007.0,person6,66.0628125,True,
26007.0,person9,70.30685,False,
26008.0,person2,63.9645625,False,
26008.0,person28,43.4601875,False,
26008.0,person29,54.5666125,False,
26008.0,person34,34.138075,False,
26008.0,person35,34.737475,False,
26008.0,person41,60.8495,True,
26008.0,person49,44.2959375,False,
26008.0,person50,46.4823125,False,
26008.0,person6,66.22925,True,
26008.0,person9,70.30685,False,
26009.0,person2,63.9645625,False,
26009.0,person28,43.5120875,False,
26009.0,person29,54.566425,False,
26009.0,person34,34.138075,False,
26009.0,person35,34.7372875,False,
26009.0,person41,61.015425,True,
26009.0,person49,44.2959375,False,
26009.0,person50,46.4823125,False,
26009.0,person6,66.4359125,True,
26009.0,person9,70.30685,False,
26010.0,person2,63.9645625,False,
26010.0,person28,43.5639875,False,
26010.0,person29,54.5662375,False,
26010.0,person34,34.138075,False,
26010.0,person35,34.7371125,False,
26010.0,person41,60.959125,False,
26010.0,person49,44.2959375,False,
26010.0,person50,46.4823125,False,
26010.0,person6,66.6129125,True,
26010.0,person9,70.30685,False,
26011.0,person2,63.9645625,False,
26011.0,person28,43.6158875,False,
26011.0,person29,54.5660625,False,
26011.0,person34,34.138075,False,
26011.0,person35,34.736925,False,
26011.0,person41,60.90755,False,
26011.0,person49,44.2959375,False,
26011.0,person50,46.4823125,False,
26011.0,person6,66.6472875,False,
26011.0,person9,70.30685,False,
26012.0,person2,63.9645625,False,
26012.0,person28,43.6677875,False,
26012.0,person29,54.565875,False,
26012.0,person34,34.138075,False,
26012.0,person35,34.7367375,False,
26012.0,person41,60.855875,False,
26012.0,person49,44.2959375,False,
26012.0,person50,46.4823125,False,
26012.0,person6,66.5941,False,
26012.0,person9,70.30685,False,
26013.0,person2,63.9645625,False,
26013.0,person28,43.7196875,False,
26013.0,person29,54.5657,False,
26013.0,person34,34.138075,False,
26013.0,person35,34.7365625,False,
26013.0,person41,60.8043125,False,
26013.0,person49,44.2959375,False,
26013.0,person50,46.4823125,False,
26013.0,person6,66.545425,False,
26013.0,person9,70.30685,False,
26014.0,person2,63.9645625,False,
26014.0,person28,43.771587499999995,False,
26014.0,person29,54.5655125,False,
26014.0,person34,34.138075,False,
26014.0,person35,34.736375,False,
26014.0,person41,60.75275,False,
26014.0,person49,44.2959375,False,
26014.0,person50,46.4823125,False,
26014.0,person6,66.4966125,False,
26014.0,person9,70.30685,False,
26015.0,person2,63.9645625,False,
26015.0,person28,43.8234875,False,
26015.0,person29,54.565325,False,
26015.0,person34,34.138075,False,
26015.0,person35,34.7362,False,
26015.0,person41,60.701225,False,
26015.0,person49,44.2959375,False,
26015.0,person50,46.4823125,False,
26015.0,person6,66.4479,False,
26015.0,person9,70.30685,False,
26016.0,person2,63.9645625,False,
26016.0,person28,43.8753875,False,
26016.0,person29,54.56515,False,
26016.0,person34,34.138075,False,
26016.0,person35,34.7360125,False,
26016.0,person41,60.6496625,False,
26016.0,person49,44.2959375,False,
26016.0,person50,46.4823125,False,
26016.0,person6,66.3991875,False,
26016.0,person9,70.30685,False,
26017.0,person2,63.9645625,False,
26017.0,person28,43.9272875,False,
26017.0,person29,54.5649625,False,
26017.0,person34,34.138075,False,
26017.0,person35,34.735825,False,
26017.0,person41,60.5981,False,
26017.0,person49,44.2959375,False,
26017.0,person50,46.4823125,False,
26017.0,person6,66.3505125,False,
26017.0,person9,70.30685,False,
26018.0,person2,63.9645625,False,
26018.0,person28,43.9791875,False,
26018.0,person29,54.564775,False,
26018.0,person34,34.138075,False,
26018.0,person35,34.73565,False,
26018.0,person41,60.546575,False,
26018.0,person49,44.2959375,False,
26018.0,person50,46.4823125,False,
26018.0,person6,66.3018125,False,
26018.0,person9,70.30685,False,
26019.0,person2,63.9645625,False,
26019.0,person28,44.031087500000005,False,
26019.0,person29,54.5646,False,
26019.0,person34,34.138075,False,
26019.0,person35,34.7354625,False,
26019.0,person41,60.495,False,
26019.0,person49,44.2959375,False,
26019.0,person50,46.4823125,False,
26019.0,person6,66.2531375,False,
26019.0,person9,70.30685,False,
26020.0,person2,63.9645625,False,
26020.0,person28,44.0829875,False,
26020.0,person29,54.5644125,False,
26020.0,person34,34.138075,False,
26020.0,person35,34.7352875,False,
26020.0,person41,60.4434375,False,
26020.0,person49,44.2959375,False,
26020.0,person50,46.4823125,False,
26020.0,person6,66.2044625,False,
26020.0,person9,70.30685,False,
26021.0,person2,63.9645625,False,
26021.0,person28,44.1349,False,
26021.0,person29,54.5642375,False,
26021.0,person34,34.138075,False,
26021.0,person35,34.7351,False,
26021.0,person41,60.391875,False,
26021.0,person49,44.2959375,False,
26021.0,person50,46.4823125,False,
26021.0,person6,66.1557875,False,
26021.0,person9,70.30685,False,
26022.0,person2,63.9645625,False,
26022.0,person28,44.1868,False,
26022.0,person29,54.56405,False,
26022.0,person34,34.138075,False,
26022.0,person35,34.7349125,False,
26022.0,person41,60.3403125,False,
26022.0,person49,44.2959375,False,
26022.0,person50,46.4823125,False,
26022.0,person6,66.3108875,True,
26022.0,person9,70.30685,False,
26023.0,person2,63.9645625,False,
26023.0,person28,44.2387,False,
26023.0,person29,54.5638625,False,
26023.0,person34,34.138075,False,
26023.0,person35,34.7347375,False,
26023.0,person41,60.4669125,True,
26023.0,person49,44.2959375,False,
26023.0,person50,46.4823125,False,
26023.0,person6,66.447425,True,
26023.0,person9,70.30685,False,
26024.0,person2,63.9645625,False,
26024.0,person28,44.290600000000005,False,
26024.0,person29,54.5636875,False,
26024.0,person34,34.138075,False,
26024.0,person35,34.73455,False,
26024.0,person41,60.618225,True,
26024.0,person49,44.2959375,False,
26024.0,person50,46.4823125,False,
26024.0,person6,66.0102,False,
26024.0,person9,70.30685,False,
26025.0,person2,63.9645625,False,
26025.0,person28,44.3425,False,
26025.0,person29,54.5635,False,
26025.0,person34,34.138075,False,
26025.0,person35,34.7343625,False,
26025.0,person41,60.746625,True,
26025.0,person49,44.2959375,False,
26025.0,person50,46.4823125,False,
26025.0,person6,65.5217125,False,
26025.0,person9,70.30685,False,
26026.0,person2,63.9645625,False,
26026.0,person28,44.3944,False,
26026.0,person29,54.5633125,False,
26026.0,person34,34.138075,False,
26026.0,person35,34.7341875,False,
26026.0,person41,60.8521,True,
26026.0,person49,44.2959375,False,
26026.0,person50,46.4823125,False,
26026.0,person6,65.6801125,True,
26026.0,person9,70.30685,False,
26027.0,person2,63.9645625,False,
26027.0,person28,44.4463,False,
26027.0,person29,54.5631375,False,
26027.0,person34,34.138075,False,
26027.0,person35,34.734,False,
26027.0,person41,60.93465,False,
26027.0,person49,44.2959375,False,
26027.0,person50,46.4823125,False,
26027.0,person6,65.815625,True,
26027.0,person9,70.30685,False,
26028.0,person2,63.9645625,False,
26028.0,person28,44.4982,False,
26028.0,person29,54.56295,False,
26028.0,person34,34.138075,False,
26028.0,person35,34.733825,False,
26028.0,person41,60.6704625,False,
26028.0,person49,44.2959375,False,
26028.0,person50,46.4823125,False,
26028.0,person6,65.9282,True,
26028.0,person9,70.30685,False,
26029.0,person2,63.9645625,False,
26029.0,person28,44.5501,False,
26029.0,person29,54.562775,False,
26029.0,person34,34.138075,False,
26029.0,person35,34.7336375,False,
26029.0,person41,60.3327875,False,
26029.0,person49,44.2959375,False,
26029.0,person50,46.4823125,False,
26029.0,person6,65.726025,False,
26029.0,person9,70.30685,False,
26030.0,person2,63.9645625,False,
26030.0,person28,44.602,False,
26030.0,person29,54.5625875,False,
26030.0,person34,34.138075,False,
26030.0,person35,34.73345,False,
26030.0,person41,59.9216375,False,
26030.0,person49,44.2959375,False,
26030.0,person50,46.4823125,False,
26030.0,person6,65.8180125,False,
26030.0,person9,70.30685,False,
26031.0,person2,63.9645625,False,
26031.0,person28,44.65390000000001,False,
26031.0,person29,54.5624,False,
26031.0,person34,34.138075,False,
26031.0,person35,34.733275,False,
26031.0,person41,59.437025,False,
26031.0,person49,44.2959375,False,
26031.0,person50,46.4823125,False,
26031.0,person6,65.899575,False,
26031.0,person9,70.30685,False,
26032.0,person2,63.9645625,False,
26032.0,person28,44.7058,False,
26032.0,person29,54.562225,False,
26032.0,person34,34.138075,False,
26032.0,person35,34.7330875,False,
26032.0,person41,59.00575,False,
26032.0,person49,44.2959375,False,
26032.0,person50,46.4823125,False,
26032.0,person6,65.6385375,False,
26032.0,person9,70.30685,False,
26033.0,person2,63.9645625,False,
26033.0,person28,44.75770000000001,False,
26033.0,person29,54.5620375,False,
26033.0,person34,34.138075,False,
26033.0,person35,34.7329,False,
26033.0,person41,58.9541875,False,
26033.0,person49,44.2959375,False,
26033.0,person50,46.4823125,False,
26033.0,person6,65.304025,False,
26033.0,person9,70.30685,False,
26034.0,person2,63.9645625,False,
26034.0,person28,44.8096,False,
26034.0,person29,54.5618625,False,
26034.0,person34,34.138075,False,
26034.0,person35,34.732725,False,
26034.0,person41,58.9026625,False,
26034.0,person49,44.2959375,False,
26034.0,person50,46.4823125,False,
26034.0,person6,64.8960125,False,
26034.0,person9,70.30685,False,
26035.0,person2,63.9645625,False,
26035.0,person28,44.86149999999999,False,
26035.0,person29,54.561675,False,
26035.0,person34,34.138075,False,
26035.0,person35,34.7325375,False,
26035.0,person41,58.85105,False,
26035.0,person49,44.2959375,False,
26035.0,person50,46.4823125,False,
26035.0,person6,64.4145375,False,
26035.0,person9,70.30685,False,
26036.0,person2,63.9645625,False,
26036.0,person28,44.9134,False,
26036.0,person29,54.5614875,False,
26036.0,person34,34.138075,False,
26036.0,person35,34.7323625,False,
26036.0,person41,58.7994625,False,
26036.0,person49,44.2959375,False,
26036.0,person50,46.4823125,False,
26036.0,person6,64.1857375,False,
26036.0,person9,70.30685,False,
26037.0,person2,63.9645625,False,
26037.0,person28,44.9653,False,
26037.0,person29,54.5613125,False,
26037.0,person34,34.138075,False,
26037.0,person35,34.732175,False,
26037.0,person41,58.7479,False,
26037.0,person49,44.2959375,False,
26037.0,person50,46.4823125,False,
26037.0,person6,64.137025,False,
26037.0,person9,70.30685,False,
26038.0,person2,63.9645625,False,
26038.0,person28,45.0172,False,
26038.0,person29,54.561125,False,
26038.0,person34,34.138075,False,
26038.0,person35,34.7319875,False,
26038.0,person41,58.696325,False,
26038.0,person49,44.2959375,False,
26038.0,person50,46.4823125,False,
26038.0,person6,64.08835,False,
26038.0,person9,70.30685,False,
26039.0,person2,63.9645625,False,
26039.0,person28,45.0691,False,
26039.0,person29,54.5609375,False,
26039.0,person34,34.138075,False,
26039.0,person35,34.7318125,False,
26039.0,person41,58.6447625,False,
26039.0,person49,44.2959375,False,
26039.0,person50,46.4823125,False,
26039.0,person6,64.0396125,False,
26039.0,person9,70.30685,False,
26040.0,person2,63.9645625,False,
26040.0,person28,45.12100000000001,False,
26040.0,person29,54.5607625,False,
26040.0,person34,34.138075,False,
26040.0,person35,34.731625,False,
26040.0,person41,58.5932,False,
26040.0,person49,44.2959375,False,
26040.0,person50,46.4823125,False,
26040.0,person6,63.9908875,False,
26040.0,person9,70.30685,False,
26041.0,person2,63.9645625,False,
26041.0,person28,45.1729,False,
26041.0,person29,54.560575,False,
26041.0,person34,34.138075,False,
26041.0,person35,34.73145,False,
26041.0,person41,58.541675,False,
26041.0,person49,44.2959375,False,
26041.0,person50,46.4823125,False,
26041.0,person6,63.9421625,False,
26041.0,person9,70.30685,False,
26042.0,person2,63.9645625,False,
26042.0,person28,45.2248125,False,
26042.0,person29,54.5604,False,
26042.0,person34,34.138075,False,
26042.0,person35,34.7312625,False,
26042.0,person41,58.4901125,False,
26042.0,person49,44.2959375,False,
26042.0,person50,46.4823125,False,
26042.0,person6,63.89345,False,
26042.0,person9,70.30685,False,
26043.0,person2,63.9645625,False,
26043.0,person28,45.27671250000001,False,
26043.0,person29,54.5602125,False,
26043.0,person34,34.138075,False,
26043.0,person35,34.731075,False,
26043.0,person41,58.43855,False,
26043.0,person49,44.2959375,False,
26043.0,person50,46.4823125,False,
26043.0,person6,63.8447375,False,
26043.0,person9,70.30685,False,
26044.0,person2,63.9645625,False,
26044.0,person28,45.3286125,False,
26044.0,person29,54.560025,False,
